CEINMS output
datacolumns 81
datarows 707
endheader
time	addbrev_r	addlong_r	addmagDist_r	addmagIsch_r	addmagMid_r	addmagProx_r	bflh_r	bfsh_r	edl_r	ehl_r	fdl_r	fhl_r	gaslat_r	gasmed_r	glmax1_r	glmax2_r	glmax3_r	glmed1_r	glmed2_r	glmed3_r	glmin1_r	glmin2_r	glmin3_r	grac_r	iliacus_r	perbrev_r	perlong_r	piri_r	psoas_r	recfem_r	sart_r	semimem_r	semiten_r	soleus_r	tfl_r	tibant_r	tibpost_r	vasint_r	vaslat_r	vasmed_r	addbrev_l	addlong_l	addmagDist_l	addmagIsch_l	addmagMid_l	addmagProx_l	bflh_l	bfsh_l	edl_l	ehl_l	fdl_l	fhl_l	gaslat_l	gasmed_l	glmax1_l	glmax2_l	glmax3_l	glmed1_l	glmed2_l	glmed3_l	glmin1_l	glmin2_l	glmin3_l	grac_l	iliacus_l	perbrev_l	perlong_l	piri_l	psoas_l	recfem_l	sart_l	semimem_l	semiten_l	soleus_l	tfl_l	tibant_l	tibpost_l	vasint_l	vaslat_l	vasmed_l	
0.015	0.892658	1.03113	0.91404	0.697759	0.866994	0.877683	0.67674	0.993131	0.681552	0.678602	1.20059	1.17529	0.90611	0.993604	0.645435	0.645467	0.780879	0.829018	0.644921	0.65346	1.02517	0.943609	0.687149	1.00822	0.907311	1.23126	1.35371	0.646308	0.70639	0.644678	1.29413	0.676142	0.967953	0.877073	1.31005	0.679326	1.05799	0.648155	0.66314	0.663946	0.941252	1.04136	0.858731	0.793693	0.809173	0.839595	0.644459	0.998263	1.07537	1.35337	0.648056	0.648008	0.676513	0.676525	0.660377	0.709708	0.756085	0.823186	0.679525	0.709414	0.865467	0.811348	0.646378	1.1478	0.969815	0.703914	0.648913	0.646977	0.78171	0.650761	1.29455	0.644826	0.95437	0.676682	0.651587	0.865891	0.648651	0.648343	0.645907	0.646071	
0.015	0.892609	1.03081	0.913929	0.697728	0.866936	0.877617	0.676686	0.993089	0.681497	0.678548	1.20055	1.17526	0.90601	0.993496	0.645386	0.645418	0.780425	0.828847	0.644872	0.653281	1.02506	0.942951	0.686239	1.00819	0.907195	1.23119	1.35366	0.646259	0.706266	0.644629	1.29412	0.676088	0.9679	0.876967	1.30595	0.679272	1.05795	0.648105	0.663088	0.663893	0.94121	1.04134	0.858691	0.793637	0.809135	0.839521	0.64441	0.995072	1.07533	1.35336	0.648006	0.647957	0.676458	0.67647	0.660373	0.709695	0.75607	0.821713	0.678528	0.708778	0.86466	0.809961	0.646328	1.14577	0.96829	0.699135	0.648863	0.646928	0.780509	0.65071	1.29307	0.644777	0.950635	0.676627	0.651537	0.86582	0.648601	0.648293	0.645858	0.646022	
0.015	0.892035	1.02895	0.913114	0.697643	0.866232	0.876709	0.676544	0.992991	0.681348	0.678403	1.20048	1.17519	0.90582	0.993288	0.645288	0.64532	0.780049	0.827214	0.644773	0.65213	1.02412	0.941386	0.684577	1.00812	0.90618	1.23108	1.35358	0.646158	0.705436	0.644531	1.29411	0.675946	0.967769	0.876474	1.30032	0.679126	1.05784	0.648003	0.662965	0.66377	0.941137	1.04038	0.858626	0.793522	0.809073	0.839144	0.644311	0.990429	1.07521	1.35331	0.647903	0.647854	0.676316	0.676328	0.660361	0.70904	0.756019	0.818606	0.677989	0.707216	0.86366	0.808696	0.646227	1.14241	0.965343	0.692541	0.648758	0.646826	0.777771	0.650604	1.29142	0.644678	0.945976	0.676485	0.651428	0.865636	0.648454	0.64819	0.64576	0.645923	
0.02	0.891824	1.0277	0.912763	0.697571	0.865951	0.876308	0.676345	0.992937	0.681157	0.678217	1.20045	1.17516	0.905624	0.993064	0.645168	0.645199	0.779787	0.826384	0.644651	0.651635	1.02395	0.940922	0.683838	1.00809	0.905673	1.231	1.35352	0.646034	0.705088	0.64441	1.2941	0.675766	0.967668	0.876601	1.29486	0.678939	1.05779	0.647877	0.662812	0.663615	0.941096	1.04055	0.858593	0.793431	0.80904	0.839219	0.64419	0.987206	1.07512	1.35329	0.647775	0.647726	0.676134	0.676146	0.660368	0.708799	0.756003	0.816891	0.677669	0.706715	0.863475	0.808247	0.646104	1.14051	0.963616	0.686343	0.648623	0.646701	0.776261	0.650472	1.29101	0.644557	0.943212	0.676304	0.651294	0.865448	0.648267	0.648064	0.645638	0.645801	
0.025	0.891996	1.02801	0.912998	0.697542	0.866171	0.876542	0.676123	0.992932	0.680956	0.678022	1.20046	1.17519	0.905471	0.992876	0.645042	0.645074	0.779463	0.826669	0.644524	0.652003	1.0243	0.941541	0.684127	1.0081	0.905876	1.23095	1.35349	0.645904	0.70526	0.644284	1.29409	0.675577	0.967633	0.87711	1.29048	0.678743	1.05782	0.647746	0.662651	0.663452	0.941075	1.04124	0.858585	0.793394	0.809023	0.839204	0.644064	0.987187	1.07509	1.35329	0.647642	0.647594	0.675944	0.675956	0.660392	0.709006	0.756025	0.81769	0.677826	0.707238	0.864005	0.808823	0.645975	1.1416	0.964151	0.681517	0.648479	0.646571	0.776881	0.650335	1.29198	0.644431	0.945074	0.676113	0.651154	0.865318	0.648081	0.647931	0.645512	0.645489	
0.03	0.892144	1.02916	0.913287	0.697544	0.8664	0.87685	0.675903	0.992939	0.680758	0.67783	1.2005	1.17519	0.905365	0.992734	0.644918	0.64495	0.779217	0.827263	0.644399	0.652597	1.0246	0.942254	0.684807	1.00811	0.906225	1.23089	1.35345	0.645776	0.705477	0.644159	1.29409	0.675092	0.967641	0.877154	1.28721	0.678549	1.05786	0.647616	0.662492	0.663292	0.941054	1.04139	0.858582	0.79339	0.809009	0.839204	0.643939	0.987991	1.07509	1.3533	0.64751	0.647462	0.675755	0.675767	0.66042	0.709287	0.756057	0.819637	0.678336	0.708156	0.8646	0.809734	0.645847	1.14451	0.965754	0.677888	0.648337	0.646442	0.778453	0.650077	1.29238	0.644306	0.946689	0.675924	0.651015	0.865247	0.647913	0.647801	0.645245	0.644929	
0.035	0.892193	1.03026	0.913432	0.69756	0.866495	0.877008	0.675499	0.992943	0.680562	0.67764	1.20053	1.1752	0.905296	0.992629	0.644796	0.644827	0.779052	0.827717	0.644275	0.653024	1.02478	0.94269	0.685366	1.00811	0.906445	1.23084	1.35342	0.64565	0.705578	0.644036	1.29408	0.6742	0.967662	0.877156	1.28471	0.678358	1.05789	0.647488	0.662335	0.663133	0.941034	1.04103	0.858576	0.793398	0.808995	0.839329	0.643801	0.987728	1.0751	1.3533	0.64738	0.647332	0.675569	0.675581	0.660445	0.709484	0.756087	0.821193	0.678867	0.708934	0.865004	0.810422	0.645721	1.14725	0.967041	0.674961	0.648199	0.646314	0.779671	0.649642	1.29185	0.644161	0.946764	0.675738	0.650878	0.865215	0.647761	0.647671	0.644707	0.644229	
0.04	0.892212	1.03099	0.913493	0.697575	0.866534	0.877091	0.674766	0.992944	0.680368	0.677451	1.20056	1.17522	0.905249	0.992549	0.644674	0.644705	0.778921	0.828034	0.644152	0.653309	1.0249	0.942959	0.68576	1.00811	0.906571	1.23077	1.35338	0.645524	0.705631	0.643914	1.29408	0.673095	0.967681	0.877136	1.28265	0.678169	1.05793	0.647361	0.66218	0.662976	0.940919	1.04055	0.858572	0.793406	0.808983	0.839268	0.643656	0.986689	1.0751	1.3533	0.64725	0.647203	0.675384	0.675396	0.660468	0.709613	0.756115	0.82205	0.679268	0.709419	0.865264	0.810848	0.645596	1.14915	0.967984	0.672395	0.648064	0.646188	0.780445	0.649139	1.29124	0.644003	0.946481	0.675554	0.650742	0.865202	0.64762	0.647543	0.644033	0.643568	
0.045	0.892225	1.0314	0.913529	0.697586	0.866559	0.877151	0.673815	0.992946	0.680175	0.677263	1.20058	1.17526	0.905214	0.992484	0.644553	0.644584	0.778801	0.828283	0.644029	0.653515	1.02499	0.943157	0.686068	1.00811	0.906658	1.23071	1.35334	0.645399	0.705677	0.643792	1.29408	0.672029	0.967695	0.877145	1.28083	0.67798	1.05798	0.647234	0.662025	0.66282	0.940697	1.04012	0.85857	0.793413	0.808975	0.839039	0.643513	0.98581	1.0751	1.35331	0.647122	0.647074	0.675201	0.675213	0.660489	0.709707	0.756143	0.822537	0.679549	0.709703	0.865438	0.81113	0.645471	1.15048	0.968955	0.670047	0.647932	0.646062	0.781097	0.648688	1.29102	0.643849	0.947065	0.67537	0.650607	0.865198	0.647485	0.647415	0.643415	0.643052	
0.05	0.892221	1.03163	0.913544	0.697593	0.866564	0.877184	0.672854	0.99295	0.679982	0.677076	1.20061	1.17529	0.905185	0.992428	0.644432	0.644463	0.778708	0.82848	0.643906	0.653656	1.02505	0.943305	0.686322	1.00811	0.906715	1.23065	1.3533	0.645274	0.705706	0.64367	1.29407	0.671145	0.967707	0.877116	1.2792	0.677791	1.05804	0.647107	0.66187	0.662663	0.940531	1.03973	0.858571	0.793421	0.80897	0.838814	0.643377	0.985253	1.0751	1.35331	0.646993	0.646946	0.675017	0.675029	0.660508	0.709779	0.756172	0.822876	0.679749	0.709883	0.865555	0.811327	0.645347	1.1514	0.969861	0.667881	0.647801	0.645936	0.781644	0.648263	1.291	0.643706	0.947836	0.675187	0.650472	0.865199	0.647353	0.647288	0.642946	0.642565	
0.055	0.8922	1.03175	0.913536	0.697595	0.866547	0.877189	0.672023	0.992955	0.679789	0.676889	1.20063	1.17532	0.905161	0.992379	0.644311	0.644342	0.778634	0.828631	0.643784	0.653751	1.02509	0.943412	0.686542	1.0081	0.906742	1.23059	1.35326	0.645149	0.705716	0.643548	1.29408	0.670331	0.967717	0.877103	1.27772	0.677603	1.0581	0.64698	0.661715	0.662507	0.940481	1.03941	0.858574	0.793432	0.808969	0.838676	0.643247	0.984832	1.07511	1.35331	0.646865	0.646817	0.674834	0.674846	0.660526	0.709831	0.756203	0.823117	0.67989	0.709992	0.86563	0.81146	0.645223	1.15197	0.970463	0.665891	0.647671	0.64581	0.781991	0.647818	1.29096	0.643572	0.948421	0.675004	0.650337	0.865204	0.647223	0.64716	0.642559	0.642016	
0.06	0.892169	1.0318	0.913512	0.697592	0.866514	0.877175	0.671141	0.992961	0.679596	0.676702	1.20066	1.17535	0.905139	0.992332	0.64419	0.644221	0.778562	0.828744	0.643662	0.653825	1.02513	0.943493	0.686737	1.00809	0.90675	1.23052	1.35322	0.645025	0.705714	0.643427	1.29408	0.669356	0.967726	0.877065	1.27641	0.677415	1.05815	0.646854	0.661561	0.662351	0.940465	1.03921	0.85858	0.793445	0.808971	0.8386	0.643122	0.984483	1.07511	1.35332	0.646737	0.646689	0.674651	0.674663	0.660543	0.709868	0.756234	0.823271	0.679985	0.710054	0.865676	0.811542	0.645098	1.15231	0.970809	0.664062	0.647541	0.645685	0.782201	0.64739	1.2909	0.643444	0.948837	0.674821	0.650202	0.86521	0.647093	0.647033	0.642107	0.641465	
0.065	0.892134	1.0318	0.913481	0.697585	0.866477	0.877152	0.670072	0.992968	0.679404	0.676516	1.20068	1.17536	0.905117	0.992287	0.64407	0.644101	0.778495	0.828831	0.64354	0.653886	1.02516	0.94356	0.686907	1.00808	0.906749	1.23046	1.35318	0.6449	0.705708	0.643306	1.29408	0.668048	0.967733	0.877021	1.27524	0.677228	1.05819	0.646728	0.661407	0.662196	0.940441	1.03912	0.858588	0.79346	0.808976	0.838547	0.642999	0.984237	1.07511	1.35332	0.646609	0.646562	0.674468	0.674481	0.660558	0.709896	0.756267	0.823359	0.680045	0.710089	0.8657	0.811589	0.644975	1.15253	0.971042	0.662376	0.647411	0.64556	0.782361	0.647026	1.29089	0.643321	0.949303	0.674638	0.650068	0.865219	0.646964	0.646906	0.641496	0.640989	
0.07	0.8921	1.03179	0.913451	0.697572	0.86644	0.877127	0.668864	0.992978	0.679213	0.67633	1.2007	1.17538	0.905096	0.992242	0.64395	0.643981	0.778442	0.8289	0.643419	0.653938	1.0252	0.943622	0.687054	1.00807	0.906745	1.2304	1.35314	0.644776	0.705701	0.643185	1.29409	0.666479	0.967738	0.876967	1.27421	0.677041	1.05822	0.646602	0.661253	0.662041	0.940424	1.03906	0.858598	0.793477	0.808985	0.83851	0.642877	0.984084	1.07511	1.35333	0.646481	0.646434	0.674286	0.674298	0.660572	0.709918	0.756301	0.823405	0.68008	0.710107	0.865708	0.811611	0.644851	1.15268	0.97121	0.660817	0.647282	0.645435	0.782483	0.646705	1.2909	0.643199	0.949748	0.674456	0.649933	0.865228	0.646836	0.64678	0.64078	0.640624	
0.075	0.892067	1.03176	0.913423	0.697556	0.866405	0.8771	0.667644	0.992989	0.679021	0.676144	1.20072	1.17539	0.905074	0.992196	0.64383	0.643861	0.778401	0.828957	0.643297	0.653987	1.02524	0.943683	0.687188	1.00806	0.906743	1.23034	1.3531	0.644652	0.705695	0.643065	1.29409	0.664832	0.967743	0.876916	1.27331	0.676854	1.05825	0.646476	0.6611	0.661886	0.940429	1.03902	0.858611	0.793496	0.808997	0.838489	0.642756	0.983974	1.07511	1.35333	0.646354	0.646307	0.674104	0.674117	0.660584	0.709938	0.756337	0.823426	0.680099	0.710107	0.865707	0.811617	0.644728	1.15276	0.971305	0.659369	0.647153	0.64531	0.78255	0.646383	1.29091	0.643078	0.950099	0.674274	0.649799	0.865238	0.646708	0.646653	0.64007	0.640318	
0.08	0.892033	1.03173	0.913393	0.697536	0.866367	0.87707	0.666505	0.993	0.67883	0.675958	1.20074	1.17539	0.905052	0.992149	0.64371	0.643741	0.778369	0.829006	0.643176	0.654027	1.02528	0.943745	0.687306	1.00804	0.90674	1.23029	1.35307	0.644529	0.705688	0.642944	1.2941	0.663251	0.967746	0.876865	1.27253	0.676667	1.05827	0.646351	0.660947	0.661731	0.940437	1.03899	0.858625	0.793517	0.80901	0.838484	0.642636	0.983872	1.07512	1.35333	0.646227	0.64618	0.673923	0.673935	0.660597	0.709957	0.756375	0.823432	0.680107	0.71011	0.865698	0.811613	0.644604	1.15279	0.971352	0.658017	0.647024	0.645186	0.782583	0.646028	1.29089	0.642957	0.950317	0.674093	0.649666	0.865248	0.64658	0.646527	0.639431	0.640013	
0.085	0.891992	1.03168	0.913357	0.697513	0.866323	0.877035	0.665451	0.993011	0.67864	0.675773	1.20075	1.1754	0.90503	0.992101	0.64359	0.643621	0.778341	0.829052	0.643055	0.654068	1.02533	0.943807	0.687411	1.00803	0.906729	1.23023	1.35303	0.644406	0.705678	0.642824	1.29411	0.661762	0.967747	0.876817	1.27184	0.676481	1.05829	0.646226	0.660794	0.661577	0.940433	1.03895	0.858641	0.793539	0.809026	0.838481	0.642516	0.983772	1.07512	1.35334	0.6461	0.646053	0.673742	0.673754	0.660609	0.709975	0.756415	0.823428	0.68011	0.710117	0.865686	0.811603	0.644482	1.1528	0.971378	0.656753	0.646896	0.645062	0.782604	0.645645	1.29088	0.642837	0.950413	0.673912	0.649532	0.865257	0.646452	0.646401	0.638856	0.639691	
0.09	0.891945	1.03161	0.913311	0.697489	0.86627	0.876992	0.664433	0.993022	0.67845	0.675589	1.20076	1.1754	0.905006	0.992052	0.643471	0.643502	0.778326	0.829095	0.642935	0.654108	1.02537	0.943869	0.687511	1.00801	0.90671	1.23019	1.353	0.644283	0.705662	0.642704	1.29411	0.660318	0.967747	0.876765	1.27124	0.676295	1.0583	0.646101	0.660642	0.661423	0.94042	1.03891	0.858657	0.793563	0.809042	0.838477	0.642396	0.983678	1.07512	1.35334	0.645973	0.645927	0.673561	0.673573	0.660622	0.709993	0.756457	0.823419	0.680109	0.710127	0.865672	0.81159	0.644359	1.1528	0.971396	0.655564	0.646768	0.644938	0.782618	0.645253	1.29086	0.642717	0.950417	0.673731	0.649399	0.865265	0.646325	0.646276	0.638298	0.639362	
0.095	0.891895	1.03152	0.913261	0.697465	0.866213	0.876945	0.663393	0.993032	0.67826	0.675404	1.20077	1.1754	0.904982	0.992003	0.643352	0.643383	0.778321	0.829138	0.642814	0.654141	1.02542	0.94393	0.687607	1.008	0.906688	1.23014	1.35297	0.64416	0.705643	0.642585	1.29412	0.658859	0.967746	0.87671	1.27071	0.67611	1.05831	0.645977	0.660489	0.661269	0.940406	1.03886	0.858675	0.793588	0.809059	0.838473	0.642277	0.983598	1.07512	1.35334	0.645847	0.6458	0.673381	0.673393	0.660635	0.710012	0.756501	0.823408	0.680107	0.710139	0.865657	0.811576	0.644237	1.15279	0.971409	0.654444	0.64664	0.644814	0.782629	0.644871	1.29084	0.642598	0.950351	0.673551	0.649266	0.865271	0.646198	0.64615	0.637715	0.639043	
0.1	0.891849	1.03143	0.913215	0.697442	0.866159	0.876896	0.662313	0.993041	0.67807	0.675221	1.20077	1.1754	0.904957	0.991954	0.643233	0.643264	0.778325	0.829179	0.642694	0.654158	1.02547	0.943989	0.687695	1.00799	0.906665	1.23011	1.35295	0.644037	0.705623	0.642465	1.29412	0.657334	0.967745	0.876666	1.27024	0.675925	1.05832	0.645852	0.660338	0.661116	0.940402	1.03883	0.858692	0.793614	0.809075	0.838476	0.642157	0.983531	1.07513	1.35335	0.645721	0.645674	0.673201	0.673213	0.66065	0.710033	0.756547	0.823398	0.680105	0.71015	0.865644	0.811563	0.644114	1.15278	0.971414	0.653386	0.646512	0.64469	0.782634	0.644501	1.29083	0.642479	0.950237	0.673371	0.649133	0.865276	0.646071	0.646025	0.637105	0.638743	
0.105	0.891809	1.03135	0.913176	0.697421	0.866114	0.87685	0.661213	0.993048	0.677881	0.675037	1.20078	1.1754	0.904932	0.991906	0.643115	0.643145	0.778332	0.82922	0.642574	0.654164	1.02551	0.944043	0.68777	1.00797	0.906646	1.23008	1.35292	0.643915	0.705604	0.642346	1.29413	0.655744	0.967744	0.87664	1.26983	0.67574	1.05833	0.645728	0.660186	0.660962	0.940405	1.03883	0.858708	0.793641	0.809089	0.838486	0.642038	0.983477	1.07513	1.35335	0.645595	0.645549	0.673021	0.673033	0.660667	0.710056	0.756595	0.823391	0.680107	0.710163	0.865633	0.811554	0.643992	1.15277	0.971422	0.652385	0.646385	0.644567	0.782646	0.644151	1.29082	0.64236	0.95009	0.673191	0.649001	0.865279	0.645945	0.6459	0.636493	0.638455	
0.11	0.891774	1.03128	0.913147	0.697404	0.866077	0.876808	0.660125	0.993054	0.677692	0.674854	1.20078	1.17539	0.904907	0.99186	0.642996	0.643027	0.778342	0.82926	0.642454	0.654161	1.02556	0.944093	0.687831	1.00796	0.906628	1.23005	1.35291	0.643793	0.705586	0.642227	1.29413	0.654137	0.967743	0.876627	1.26947	0.675556	1.05833	0.645604	0.660035	0.66081	0.940406	1.03884	0.858724	0.793667	0.809102	0.838497	0.64192	0.983436	1.07514	1.35335	0.645469	0.645423	0.672841	0.672854	0.660686	0.710082	0.756644	0.823388	0.680111	0.710179	0.865626	0.811549	0.643871	1.15279	0.971444	0.651433	0.646258	0.644444	0.782671	0.643833	1.29081	0.642241	0.949951	0.673012	0.648869	0.865281	0.645818	0.645775	0.635904	0.63816	
0.115	0.891747	1.03122	0.913124	0.697392	0.866046	0.876771	0.659084	0.993057	0.677504	0.674671	1.20078	1.17539	0.904882	0.991817	0.642878	0.642909	0.778348	0.829298	0.642335	0.654149	1.0256	0.944136	0.687878	1.00795	0.906615	1.23003	1.35289	0.643671	0.70557	0.642108	1.29413	0.652568	0.967744	0.876617	1.26914	0.675372	1.05833	0.64548	0.659884	0.660657	0.940406	1.03887	0.858738	0.793694	0.809112	0.838508	0.641801	0.983414	1.07514	1.35335	0.645344	0.645298	0.672662	0.672675	0.660707	0.710109	0.756696	0.82339	0.68012	0.710199	0.865623	0.811548	0.643749	1.15282	0.971481	0.650526	0.646131	0.644321	0.782709	0.643537	1.29081	0.642122	0.949854	0.672833	0.648737	0.86528	0.645692	0.645651	0.635331	0.637842	
0.12	0.89173	1.03118	0.91311	0.697385	0.866027	0.876746	0.658091	0.993058	0.677316	0.674488	1.20078	1.17538	0.904857	0.991777	0.64276	0.642791	0.778345	0.829335	0.642216	0.654134	1.02564	0.944173	0.687904	1.00795	0.906609	1.23002	1.35288	0.643549	0.70556	0.64199	1.29413	0.651073	0.967746	0.876607	1.26884	0.675189	1.05833	0.645357	0.659733	0.660505	0.940404	1.03891	0.858751	0.79372	0.80912	0.838519	0.641683	0.983411	1.07515	1.35335	0.645219	0.645173	0.672484	0.672496	0.660731	0.71014	0.756748	0.823397	0.680134	0.710231	0.865624	0.811554	0.643628	1.15286	0.971525	0.649671	0.646004	0.644199	0.782753	0.643249	1.2908	0.642004	0.949799	0.672654	0.648605	0.865277	0.645566	0.645526	0.634753	0.637499	
0.125	0.891723	1.03116	0.913105	0.697385	0.86602	0.876731	0.657113	0.993055	0.677128	0.674306	1.20078	1.17538	0.904833	0.991741	0.642642	0.642673	0.778325	0.82937	0.642097	0.654117	1.02567	0.944203	0.687915	1.00794	0.906611	1.23	1.35287	0.643428	0.705557	0.641871	1.29412	0.64964	0.967748	0.876582	1.26856	0.675005	1.05832	0.645234	0.659582	0.660353	0.9404	1.03893	0.858762	0.793745	0.809125	0.838525	0.641565	0.983421	1.07516	1.35335	0.645094	0.645048	0.672305	0.672318	0.660757	0.710174	0.756803	0.823411	0.680152	0.710267	0.86563	0.811565	0.643507	1.15288	0.97155	0.648865	0.645878	0.644077	0.782783	0.642956	1.2908	0.641886	0.949786	0.672476	0.648474	0.865272	0.645441	0.645402	0.634151	0.637145	
0.13	0.891725	1.03117	0.913111	0.697392	0.866024	0.876725	0.656093	0.993048	0.676941	0.674124	1.20078	1.17537	0.904807	0.99171	0.642525	0.642555	0.778281	0.829403	0.641978	0.654097	1.0257	0.944226	0.687919	1.00793	0.906615	1.22999	1.35287	0.643306	0.705557	0.641753	1.29411	0.648255	0.96775	0.876528	1.26831	0.674822	1.05832	0.645111	0.659432	0.660201	0.940387	1.03892	0.858772	0.79377	0.809128	0.838525	0.641447	0.983441	1.07517	1.35335	0.644969	0.644923	0.672127	0.67214	0.660786	0.71021	0.756858	0.82343	0.680176	0.710308	0.865641	0.811583	0.643386	1.15289	0.971551	0.6481	0.645752	0.643954	0.782792	0.642661	1.2908	0.641768	0.949835	0.672298	0.648343	0.865266	0.645316	0.645279	0.633521	0.636798	
0.135	0.891732	1.03119	0.913122	0.697404	0.866036	0.876723	0.654999	0.993038	0.676754	0.673943	1.20078	1.17536	0.904782	0.991682	0.642408	0.642438	0.778224	0.829434	0.641859	0.65407	1.02573	0.944243	0.687909	1.00793	0.906623	1.22998	1.35286	0.643185	0.705559	0.641636	1.2941	0.64691	0.967755	0.876435	1.26808	0.67464	1.05831	0.644988	0.659282	0.66005	0.940364	1.03887	0.85878	0.793794	0.809128	0.838515	0.641329	0.98347	1.07518	1.35335	0.644845	0.644799	0.67195	0.671962	0.660817	0.71025	0.756916	0.823457	0.680205	0.710352	0.865657	0.811606	0.643266	1.1529	0.971536	0.647383	0.645626	0.643833	0.782785	0.64237	1.29079	0.64165	0.949936	0.672121	0.648212	0.865258	0.64519	0.645155	0.63287	0.636469	
0.14	0.891741	1.03121	0.913141	0.697423	0.866051	0.876722	0.653862	0.993026	0.676568	0.673762	1.20078	1.17536	0.904756	0.991658	0.642291	0.642321	0.77816	0.829463	0.641741	0.654039	1.02575	0.944253	0.687889	1.00793	0.906623	1.22997	1.35285	0.643065	0.705557	0.641518	1.29409	0.645624	0.967761	0.87629	1.26789	0.674458	1.0583	0.644866	0.659133	0.659899	0.940339	1.03881	0.858787	0.793818	0.809125	0.838498	0.641212	0.983496	1.07519	1.35335	0.64472	0.644675	0.671773	0.671785	0.660851	0.710293	0.756976	0.823489	0.680239	0.710389	0.865678	0.811636	0.643145	1.15288	0.971508	0.646715	0.6455	0.643711	0.782765	0.642073	1.29078	0.641533	0.950014	0.671943	0.648081	0.865248	0.645066	0.645032	0.632231	0.636142	
0.145	0.891741	1.0312	0.913157	0.697445	0.866061	0.876712	0.652725	0.992988	0.676382	0.673581	1.20079	1.17534	0.904721	0.991638	0.642174	0.642204	0.778101	0.829488	0.641623	0.654	1.02577	0.944258	0.687863	1.00792	0.906607	1.22995	1.35283	0.642944	0.705543	0.641401	1.29406	0.644414	0.967752	0.876091	1.26775	0.674276	1.05828	0.644744	0.658984	0.659748	0.940317	1.03874	0.858792	0.793842	0.80912	0.838483	0.641095	0.983513	1.0752	1.35335	0.644596	0.644551	0.671596	0.671608	0.660887	0.710337	0.757036	0.823526	0.680277	0.710422	0.865702	0.811669	0.643025	1.15285	0.971464	0.646098	0.645375	0.64359	0.782733	0.64176	1.29077	0.641416	0.950039	0.671766	0.647951	0.865237	0.644941	0.644909	0.631626	0.635802	
0.15	0.891737	1.03118	0.913167	0.697475	0.866067	0.876697	0.65155	0.992959	0.676196	0.673401	1.2008	1.17534	0.904683	0.991621	0.642057	0.642087	0.77808	0.829512	0.641505	0.653958	1.02578	0.944257	0.687832	1.00791	0.906582	1.22992	1.35282	0.642824	0.705521	0.641284	1.29404	0.643146	0.967748	0.875852	1.26774	0.674094	1.05827	0.644622	0.658835	0.659598	0.940288	1.03867	0.858796	0.793865	0.809113	0.838464	0.640978	0.983541	1.07522	1.35336	0.644473	0.644428	0.671419	0.671432	0.660925	0.710385	0.757098	0.82357	0.68032	0.710462	0.865731	0.811709	0.642905	1.15283	0.971419	0.645527	0.645249	0.643469	0.782699	0.641469	1.29076	0.641299	0.950146	0.67159	0.647821	0.865225	0.644817	0.644786	0.630953	0.635492	
0.155	0.891731	1.03114	0.913176	0.697516	0.866071	0.87668	0.650302	0.992918	0.67601	0.673221	1.20081	1.17536	0.904639	0.991607	0.641941	0.641971	0.778092	0.829532	0.641387	0.653913	1.02579	0.944252	0.687797	1.0079	0.906555	1.22989	1.3528	0.642704	0.705499	0.641167	1.29401	0.641718	0.967739	0.875581	1.26793	0.673913	1.05829	0.6445	0.658686	0.659447	0.94026	1.03861	0.8588	0.793889	0.809105	0.838445	0.640861	0.983583	1.07523	1.35336	0.644349	0.644304	0.671243	0.671256	0.660966	0.710435	0.757163	0.823618	0.680366	0.710505	0.865763	0.811752	0.642786	1.15282	0.971382	0.644983	0.645124	0.643348	0.782671	0.641224	1.29075	0.641182	0.95034	0.671414	0.647691	0.865213	0.644693	0.644664	0.630158	0.635241	
0.16	0.891736	1.03111	0.913199	0.697567	0.866087	0.876669	0.648998	0.992872	0.675825	0.673041	1.20084	1.17539	0.90459	0.991594	0.641825	0.641855	0.778154	0.829551	0.64127	0.653863	1.0258	0.944244	0.687758	1.0079	0.90653	1.22984	1.35277	0.642584	0.70548	0.64105	1.29398	0.640142	0.96773	0.875317	1.26831	0.673733	1.05833	0.644378	0.658537	0.659298	0.940237	1.03856	0.858802	0.793913	0.809094	0.838431	0.640744	0.983632	1.07525	1.35336	0.644226	0.644181	0.671067	0.67108	0.66101	0.710489	0.75723	0.823671	0.680417	0.710556	0.865799	0.811801	0.642666	1.15282	0.971348	0.644459	0.645	0.643227	0.782649	0.641019	1.29073	0.641066	0.950601	0.671238	0.647561	0.865199	0.644569	0.644541	0.629272	0.635038	
0.165	0.89175	1.0311	0.913239	0.697627	0.866118	0.876669	0.647676	0.992827	0.67564	0.672862	1.20086	1.1754	0.904537	0.991584	0.641709	0.641739	0.778264	0.829568	0.641152	0.653811	1.0258	0.944233	0.687698	1.00789	0.906505	1.22979	1.35274	0.642465	0.705463	0.640933	1.29394	0.638484	0.967723	0.875071	1.26882	0.673552	1.05836	0.644257	0.658389	0.659148	0.940215	1.03853	0.858804	0.793937	0.809082	0.838418	0.640628	0.983678	1.07527	1.35336	0.644103	0.644058	0.670891	0.670904	0.661056	0.710546	0.757301	0.823731	0.680473	0.710606	0.86584	0.811855	0.642547	1.15283	0.971326	0.643964	0.644875	0.643107	0.782637	0.640834	1.29072	0.64095	0.950879	0.671062	0.647432	0.865186	0.644445	0.644419	0.628353	0.634856	
0.17	0.891776	1.03113	0.913301	0.697693	0.866167	0.876682	0.646365	0.992779	0.675456	0.672683	1.2009	1.17539	0.904481	0.991574	0.641593	0.641623	0.778409	0.829583	0.641036	0.653757	1.0258	0.944219	0.68759	1.00788	0.90648	1.22972	1.35269	0.642345	0.705451	0.640817	1.2939	0.6368	0.96772	0.874837	1.2694	0.673372	1.05837	0.644136	0.658241	0.658999	0.940194	1.03851	0.858806	0.793962	0.809068	0.838405	0.640512	0.983715	1.07529	1.35336	0.64398	0.643936	0.670716	0.670729	0.661107	0.710608	0.757377	0.823797	0.680534	0.710657	0.865885	0.811915	0.642428	1.15284	0.971304	0.64351	0.644751	0.642986	0.782628	0.640655	1.2907	0.640833	0.951141	0.670887	0.647303	0.865173	0.644322	0.644297	0.627436	0.634677	
0.175	0.891812	1.03119	0.913381	0.697765	0.866231	0.876707	0.645074	0.992727	0.675272	0.672504	1.20094	1.17541	0.904422	0.991565	0.641478	0.641508	0.778583	0.829596	0.640919	0.653711	1.02579	0.944204	0.687465	1.00788	0.906461	1.22964	1.35264	0.642226	0.705442	0.640701	1.29386	0.635126	0.96772	0.874607	1.26999	0.673192	1.05839	0.644015	0.658094	0.65885	0.940165	1.03849	0.858806	0.793989	0.809051	0.838387	0.640396	0.983745	1.07531	1.35337	0.643858	0.643813	0.670541	0.670554	0.661161	0.710675	0.757458	0.823869	0.680601	0.71071	0.865935	0.811981	0.64231	1.15284	0.971288	0.643094	0.644627	0.642866	0.782622	0.640476	1.29068	0.640718	0.951364	0.670712	0.647174	0.865161	0.644198	0.644176	0.626535	0.634497	
0.18	0.891849	1.03127	0.913468	0.697842	0.8663	0.876733	0.643795	0.99267	0.675088	0.672326	1.201	1.17546	0.904357	0.991555	0.641363	0.641392	0.778797	0.829609	0.640802	0.653674	1.02579	0.944189	0.687372	1.00787	0.906447	1.22954	1.35258	0.642107	0.705434	0.640585	1.29382	0.633476	0.96772	0.874384	1.27054	0.673013	1.05845	0.643894	0.657947	0.658701	0.940131	1.03847	0.858807	0.794017	0.809033	0.838364	0.640281	0.983768	1.07533	1.35337	0.643735	0.643691	0.670367	0.67038	0.66122	0.710747	0.757545	0.823948	0.680674	0.710769	0.86599	0.812053	0.642191	1.15283	0.971277	0.642704	0.644503	0.642747	0.78262	0.640302	1.29067	0.640602	0.951526	0.670538	0.647045	0.865149	0.644076	0.644054	0.625644	0.634322	
0.185	0.891883	1.03134	0.913557	0.697926	0.866367	0.876757	0.642519	0.992609	0.674905	0.672148	1.20106	1.17553	0.904288	0.991545	0.641247	0.641277	0.779044	0.829621	0.640686	0.653645	1.02578	0.944174	0.687306	1.00786	0.90642	1.22942	1.35251	0.641989	0.705422	0.64047	1.29377	0.631852	0.967722	0.874182	1.27103	0.672834	1.05854	0.643774	0.6578	0.658552	0.940092	1.03844	0.858806	0.794047	0.809012	0.838336	0.640165	0.983783	1.07536	1.35338	0.643613	0.643569	0.670192	0.670205	0.661284	0.710826	0.757638	0.824035	0.680755	0.710832	0.86605	0.812133	0.642073	1.1528	0.97127	0.642338	0.64438	0.642627	0.78262	0.640137	1.29065	0.640487	0.951617	0.670364	0.646917	0.865138	0.643953	0.643933	0.624756	0.634155	
0.19	0.891906	1.03139	0.913638	0.698016	0.866425	0.876772	0.641258	0.992544	0.674722	0.67197	1.20113	1.17561	0.904214	0.991532	0.641133	0.641162	0.779321	0.829633	0.64057	0.653623	1.02576	0.944161	0.687265	1.00785	0.906394	1.22929	1.35243	0.64187	0.705407	0.640354	1.29372	0.630253	0.967726	0.874013	1.27143	0.672655	1.05866	0.643654	0.657653	0.658404	0.940055	1.0384	0.858805	0.794079	0.808989	0.838303	0.64005	0.983789	1.07538	1.35339	0.643492	0.643448	0.670019	0.670032	0.661355	0.710912	0.75774	0.824131	0.680844	0.710892	0.866117	0.812222	0.641955	1.15276	0.971246	0.641995	0.644256	0.642508	0.782604	0.639972	1.29062	0.640372	0.951651	0.67019	0.646789	0.865129	0.64383	0.643812	0.623887	0.633985	
0.195	0.89192	1.03141	0.913707	0.698113	0.866471	0.876779	0.640112	0.992474	0.674539	0.671793	1.2012	1.17568	0.904134	0.991518	0.641018	0.641048	0.779596	0.829647	0.640454	0.653609	1.02575	0.944151	0.687254	1.00783	0.906357	1.22914	1.35234	0.641752	0.705382	0.640239	1.29366	0.628664	0.967732	0.873879	1.27166	0.672477	1.05878	0.643534	0.657507	0.658256	0.940012	1.03835	0.858804	0.794113	0.808962	0.838263	0.639935	0.983797	1.07541	1.3534	0.64337	0.643326	0.669845	0.669858	0.661432	0.711007	0.757852	0.824237	0.680943	0.710944	0.866192	0.812321	0.641837	1.15272	0.971213	0.641678	0.644133	0.642389	0.78258	0.639759	1.2906	0.640257	0.951635	0.670016	0.646661	0.865122	0.643708	0.643691	0.623136	0.633754	
0.2	0.891922	1.0314	0.913763	0.698218	0.866508	0.876776	0.639149	0.992401	0.674357	0.671616	1.20129	1.17576	0.904048	0.991501	0.640904	0.640933	0.779846	0.829664	0.640338	0.653605	1.02574	0.944146	0.687268	1.00782	0.906298	1.22897	1.35224	0.641634	0.705342	0.640124	1.2936	0.627075	0.967742	0.873773	1.27169	0.672299	1.05891	0.643414	0.65736	0.658109	0.939957	1.0383	0.858801	0.79415	0.808933	0.838213	0.639821	0.983811	1.07544	1.35341	0.643249	0.643205	0.669672	0.669685	0.661518	0.711111	0.757974	0.824355	0.681053	0.710995	0.866275	0.812431	0.64172	1.15268	0.971184	0.641396	0.644011	0.64227	0.782555	0.639471	1.29058	0.640142	0.951582	0.669843	0.646534	0.865117	0.643586	0.643571	0.622555	0.633431	
0.205	0.891911	1.03135	0.913812	0.698331	0.866533	0.876761	0.638289	0.992324	0.674175	0.67144	1.20139	1.17583	0.903956	0.991482	0.64079	0.640819	0.780063	0.829684	0.640223	0.653613	1.02573	0.944147	0.687311	1.0078	0.906224	1.22879	1.35213	0.641516	0.705291	0.64001	1.29353	0.62559	0.967757	0.873681	1.27155	0.672122	1.05903	0.643295	0.657215	0.657962	0.939891	1.03823	0.858798	0.794191	0.808899	0.838153	0.639706	0.983811	1.07547	1.35342	0.643128	0.643084	0.669499	0.669512	0.661613	0.711227	0.758109	0.824487	0.681176	0.711053	0.866368	0.812553	0.641602	1.15263	0.971153	0.641152	0.643888	0.642152	0.782525	0.639165	1.29055	0.640027	0.951472	0.669671	0.646406	0.865115	0.643465	0.643451	0.622046	0.633087	
0.21	0.891888	1.03126	0.913854	0.698452	0.86655	0.876738	0.637432	0.992244	0.673994	0.671263	1.20149	1.17591	0.903857	0.991458	0.640676	0.640705	0.780245	0.829711	0.640108	0.653635	1.02573	0.944156	0.687374	1.00778	0.906146	1.22859	1.352	0.641399	0.705235	0.639895	1.29346	0.624296	0.967776	0.873591	1.27132	0.671944	1.05916	0.643176	0.657069	0.657815	0.939808	1.03813	0.858795	0.794235	0.808861	0.838082	0.639592	0.983785	1.0755	1.35343	0.643007	0.642963	0.669327	0.66934	0.661719	0.711355	0.758257	0.824633	0.681313	0.711125	0.86647	0.81269	0.641485	1.15257	0.97113	0.640949	0.643766	0.642033	0.782498	0.638893	1.29051	0.639913	0.951299	0.669498	0.646279	0.865116	0.643343	0.643331	0.621518	0.632782	
0.215	0.891862	1.03117	0.913901	0.698582	0.866567	0.876714	0.636552	0.99216	0.673813	0.671088	1.2016	1.17599	0.903752	0.991431	0.640562	0.640591	0.780386	0.829745	0.639993	0.653681	1.02573	0.944176	0.687464	1.00775	0.906057	1.22838	1.35187	0.641282	0.705177	0.639781	1.29338	0.623178	0.967801	0.873494	1.27106	0.671767	1.05929	0.643057	0.656924	0.657668	0.939717	1.03802	0.85879	0.794284	0.808819	0.838006	0.639478	0.983737	1.07553	1.35345	0.642886	0.642843	0.669154	0.669168	0.661836	0.711496	0.758422	0.824794	0.681465	0.71121	0.866584	0.812841	0.641368	1.1525	0.971103	0.640783	0.643644	0.641915	0.782467	0.638654	1.29047	0.639799	0.951043	0.669326	0.646152	0.865119	0.643222	0.643211	0.620962	0.632517	
0.22	0.891835	1.03107	0.913957	0.69872	0.866587	0.876696	0.635663	0.992074	0.673632	0.670912	1.20172	1.17608	0.903639	0.991399	0.640448	0.640478	0.78052	0.829788	0.639878	0.653753	1.02574	0.94421	0.687578	1.00773	0.90596	1.22814	1.35173	0.641165	0.70512	0.639667	1.2933	0.622179	0.967832	0.873405	1.2708	0.671591	1.05944	0.642938	0.656779	0.657521	0.939622	1.0379	0.858786	0.794338	0.808773	0.837928	0.639364	0.983681	1.07557	1.35346	0.642766	0.642722	0.668983	0.668996	0.661965	0.711653	0.758604	0.824973	0.681633	0.711303	0.86671	0.813008	0.641252	1.15244	0.971066	0.640651	0.643522	0.641797	0.782429	0.638432	1.29042	0.639685	0.950733	0.669154	0.646026	0.865126	0.643101	0.643091	0.6204	0.632271	
0.225	0.891805	1.03098	0.914019	0.698868	0.866609	0.876679	0.634782	0.991985	0.673451	0.670737	1.20184	1.17618	0.90352	0.991361	0.640335	0.640364	0.780687	0.829844	0.639763	0.653843	1.02576	0.944259	0.687711	1.00769	0.905856	1.2279	1.35158	0.641048	0.705061	0.639553	1.29321	0.621246	0.967871	0.873338	1.27057	0.671415	1.05961	0.642819	0.656634	0.657375	0.939518	1.03776	0.858781	0.794398	0.808723	0.837842	0.63925	0.983627	1.07561	1.35348	0.642646	0.642602	0.668811	0.668824	0.662108	0.711826	0.758805	0.82517	0.681819	0.711406	0.866848	0.813192	0.641135	1.15237	0.971016	0.640547	0.6434	0.64168	0.782381	0.638212	1.29038	0.639572	0.950431	0.668983	0.645899	0.865135	0.64298	0.642972	0.619848	0.632027	
0.23	0.891768	1.03088	0.914084	0.699023	0.866629	0.876658	0.633915	0.991894	0.673271	0.670562	1.20197	1.17629	0.903392	0.991318	0.640222	0.640251	0.780902	0.829914	0.639649	0.653953	1.0258	0.944327	0.687859	1.00766	0.905749	1.22764	1.35141	0.640931	0.705	0.63944	1.29312	0.620351	0.967917	0.873297	1.27036	0.671239	1.05978	0.642701	0.65649	0.657229	0.939404	1.0376	0.858777	0.794465	0.808668	0.837745	0.639137	0.98358	1.07564	1.3535	0.642526	0.642483	0.66864	0.668653	0.662264	0.712017	0.759028	0.825386	0.682023	0.711519	0.866999	0.813393	0.641019	1.1523	0.970951	0.640467	0.643279	0.641562	0.782321	0.63799	1.29033	0.639458	0.950189	0.668812	0.645773	0.865147	0.64286	0.642853	0.619307	0.631782	
0.235	0.891715	1.03076	0.914149	0.699187	0.86664	0.876622	0.633039	0.991801	0.673091	0.670388	1.2021	1.17639	0.903258	0.991268	0.640109	0.640138	0.781173	0.83	0.639535	0.654072	1.02585	0.944418	0.688028	1.00762	0.905636	1.22737	1.35125	0.640815	0.704931	0.639326	1.29303	0.619494	0.967971	0.873277	1.27016	0.671063	1.05996	0.642583	0.656345	0.657084	0.939276	1.03742	0.858773	0.794539	0.808609	0.837635	0.639024	0.983549	1.07568	1.35352	0.642406	0.642363	0.668469	0.668482	0.662436	0.712225	0.759272	0.825622	0.682245	0.711643	0.867163	0.813612	0.640903	1.15225	0.970887	0.640408	0.643158	0.641445	0.782257	0.637774	1.29028	0.639345	0.950048	0.668641	0.645647	0.865162	0.642739	0.642734	0.618765	0.631543	
0.24	0.891647	1.03061	0.914209	0.699358	0.866639	0.876569	0.632134	0.991708	0.672912	0.670213	1.20224	1.1765	0.903115	0.99121	0.639997	0.640026	0.781478	0.830104	0.639421	0.654204	1.02592	0.944533	0.688224	1.00757	0.905517	1.22708	1.35107	0.640699	0.704852	0.639213	1.29293	0.618685	0.968034	0.873266	1.26999	0.670888	1.06014	0.642465	0.656202	0.656938	0.939138	1.03723	0.858769	0.794621	0.808547	0.837517	0.638911	0.983536	1.07572	1.35354	0.642286	0.642244	0.668299	0.668312	0.662623	0.712453	0.75954	0.825877	0.682486	0.71178	0.867341	0.813848	0.640787	1.1522	0.97082	0.640366	0.643037	0.641328	0.78219	0.637569	1.29022	0.639232	0.950007	0.66847	0.645522	0.865179	0.642619	0.642616	0.618208	0.631317	
0.245	0.891565	1.03043	0.914262	0.699535	0.866628	0.876502	0.631198	0.991614	0.672733	0.67004	1.20238	1.1766	0.902965	0.991144	0.639884	0.639913	0.78178	0.830229	0.639308	0.654353	1.026	0.944675	0.688454	1.00751	0.905393	1.22679	1.35089	0.640583	0.704768	0.6391	1.29282	0.617918	0.968106	0.87326	1.26983	0.670713	1.06032	0.642347	0.656058	0.656793	0.938995	1.03702	0.858767	0.794711	0.808481	0.837395	0.638798	0.983535	1.07576	1.35357	0.642167	0.642124	0.668129	0.668142	0.662826	0.7127	0.759832	0.826153	0.682746	0.711931	0.867531	0.814102	0.640672	1.15214	0.970741	0.640337	0.642916	0.641211	0.782115	0.637375	1.29017	0.639119	0.95004	0.6683	0.645396	0.865198	0.642499	0.642497	0.617638	0.631104	
0.25	0.89147	1.03023	0.914313	0.699717	0.866608	0.876423	0.630316	0.991522	0.672554	0.669866	1.20252	1.17671	0.902807	0.991069	0.639772	0.639801	0.782056	0.830377	0.639194	0.654518	1.02612	0.944848	0.688722	1.00745	0.905257	1.22649	1.3507	0.640467	0.704677	0.638987	1.29272	0.617104	0.968187	0.873261	1.26963	0.670539	1.06051	0.64223	0.655915	0.656649	0.938848	1.03679	0.858767	0.794811	0.808412	0.837269	0.638686	0.983566	1.07581	1.35359	0.642048	0.642006	0.667959	0.667972	0.663044	0.712966	0.760149	0.826448	0.683023	0.712096	0.867734	0.814372	0.640557	1.15207	0.970639	0.640321	0.642796	0.641095	0.782025	0.637151	1.29011	0.639007	0.950148	0.668131	0.645271	0.865219	0.64238	0.642379	0.617131	0.630855	
0.255	0.891361	1.03003	0.91436	0.699903	0.866577	0.876331	0.629556	0.991431	0.672376	0.669693	1.20266	1.17681	0.902641	0.990985	0.63966	0.639689	0.782315	0.830548	0.639081	0.654697	1.02625	0.945053	0.689032	1.00739	0.905113	1.22618	1.3505	0.640352	0.704579	0.638875	1.29261	0.616177	0.968277	0.873276	1.26937	0.670364	1.0607	0.642113	0.655772	0.656504	0.938697	1.03655	0.858768	0.79492	0.808341	0.83714	0.638573	0.98363	1.07585	1.35362	0.641929	0.641887	0.667789	0.667803	0.663277	0.713252	0.760491	0.826762	0.683318	0.71227	0.867948	0.814659	0.640441	1.152	0.970519	0.640315	0.642676	0.640978	0.781923	0.63687	1.29005	0.638895	0.950315	0.667961	0.645146	0.865241	0.64226	0.642261	0.616729	0.630539	
0.26	0.891239	1.02981	0.914404	0.700091	0.866534	0.876225	0.628926	0.991342	0.672198	0.66952	1.2028	1.17692	0.902468	0.99089	0.639548	0.639577	0.782569	0.830745	0.638968	0.654886	1.02641	0.945293	0.689387	1.00731	0.904964	1.22586	1.3503	0.640236	0.704476	0.638763	1.29249	0.615138	0.968376	0.873304	1.26905	0.670191	1.06089	0.641996	0.655629	0.656345	0.938545	1.03632	0.858771	0.795039	0.808267	0.837009	0.638461	0.983712	1.0759	1.35364	0.641811	0.641769	0.66762	0.667634	0.663525	0.713556	0.760857	0.827094	0.68363	0.712449	0.868174	0.81496	0.640327	1.15192	0.970392	0.640317	0.642556	0.640862	0.781817	0.63654	1.28999	0.638783	0.950506	0.667792	0.645022	0.865264	0.642141	0.642143	0.616422	0.630167	
0.265	0.891107	1.02959	0.91444	0.700279	0.866482	0.876109	0.628396	0.991257	0.67202	0.669348	1.20294	1.17702	0.902287	0.990785	0.639437	0.639465	0.782815	0.830969	0.638855	0.655093	1.02661	0.94557	0.68979	1.00723	0.904816	1.22554	1.3501	0.640121	0.70437	0.638651	1.29238	0.614022	0.968484	0.873324	1.26869	0.670017	1.06108	0.641879	0.655486	0.656177	0.938398	1.03611	0.858777	0.795167	0.808193	0.836882	0.638349	0.983788	1.07595	1.35367	0.641693	0.64165	0.667451	0.667465	0.663787	0.713877	0.761247	0.827443	0.683957	0.712634	0.86841	0.815275	0.640212	1.15184	0.970267	0.640326	0.642436	0.640746	0.781718	0.636179	1.28992	0.638671	0.950701	0.667623	0.644897	0.865288	0.642022	0.642026	0.616174	0.629761	
0.27	0.890963	1.02937	0.914489	0.700467	0.866426	0.875984	0.627876	0.991176	0.671843	0.669176	1.20308	1.17711	0.9021	0.990668	0.639325	0.639354	0.783048	0.831221	0.638743	0.655326	1.02683	0.945884	0.690241	1.00714	0.904653	1.22521	1.34989	0.640006	0.704258	0.638539	1.29227	0.612921	0.9686	0.873315	1.26832	0.669844	1.06127	0.641763	0.655344	0.656009	0.938242	1.03593	0.858786	0.795305	0.808117	0.836749	0.638238	0.983875	1.076	1.3537	0.641575	0.641532	0.667283	0.667296	0.664062	0.714216	0.76166	0.827807	0.684297	0.712823	0.868655	0.815602	0.640098	1.15177	0.970174	0.640343	0.642316	0.640631	0.781642	0.635831	1.28985	0.638559	0.950902	0.667455	0.644773	0.865314	0.641903	0.641909	0.615911	0.629374	
0.275	0.890806	1.02913	0.914546	0.700651	0.866363	0.875848	0.627294	0.991101	0.671666	0.669004	1.20321	1.1772	0.901907	0.990539	0.639214	0.639243	0.783287	0.8315	0.63863	0.655582	1.02708	0.946236	0.690742	1.00704	0.904482	1.22489	1.34968	0.639892	0.704141	0.638427	1.29216	0.611911	0.968725	0.873256	1.26796	0.669671	1.06144	0.641646	0.655202	0.655848	0.938084	1.03575	0.858797	0.795453	0.808041	0.836611	0.638126	0.983969	1.07605	1.35373	0.641457	0.641415	0.667115	0.667128	0.664349	0.71457	0.762095	0.828185	0.684649	0.713009	0.868908	0.815939	0.639983	1.15168	0.970097	0.640364	0.642197	0.640515	0.781576	0.635526	1.28978	0.638448	0.951032	0.667287	0.644649	0.865341	0.641785	0.641792	0.615582	0.629039	
0.28	0.890631	1.02888	0.914598	0.700831	0.866285	0.875697	0.626643	0.991031	0.671489	0.668832	1.20334	1.17728	0.901708	0.990398	0.639103	0.639132	0.783563	0.831807	0.638518	0.655859	1.02736	0.946628	0.691293	1.00694	0.90431	1.22456	1.34948	0.639777	0.704022	0.638316	1.29204	0.611017	0.968856	0.873139	1.26763	0.669499	1.06161	0.64153	0.655061	0.655693	0.937931	1.03559	0.858812	0.795611	0.807966	0.83647	0.638015	0.984049	1.0761	1.35376	0.641339	0.641297	0.666947	0.66696	0.664647	0.714938	0.76255	0.828574	0.685012	0.713188	0.869168	0.816285	0.639869	1.1516	0.970015	0.640391	0.642078	0.6404	0.781504	0.635261	1.28971	0.638336	0.951018	0.667119	0.644526	0.865368	0.641667	0.641675	0.615199	0.62875	
0.285	0.890438	1.02861	0.914636	0.701004	0.866187	0.875529	0.62595	0.990984	0.671313	0.668661	1.20347	1.17735	0.901511	0.990244	0.638992	0.639021	0.783888	0.832144	0.638406	0.656151	1.02767	0.947061	0.691876	1.00683	0.904136	1.22424	1.34927	0.639663	0.703899	0.638204	1.29194	0.610222	0.969009	0.872968	1.26732	0.669327	1.06176	0.641414	0.654919	0.655543	0.937772	1.03542	0.858831	0.795777	0.807892	0.836324	0.637904	0.984103	1.07616	1.35379	0.641222	0.64118	0.666779	0.666793	0.664955	0.715319	0.763026	0.828974	0.685383	0.713361	0.869433	0.816638	0.639756	1.15153	0.969939	0.640423	0.641959	0.640285	0.781433	0.635017	1.28962	0.638225	0.950871	0.666951	0.644402	0.865397	0.641549	0.641558	0.614789	0.628485	
0.29	0.890228	1.02832	0.914661	0.701169	0.866072	0.87534	0.625255	0.990924	0.671137	0.66849	1.20358	1.17742	0.901307	0.99008	0.638882	0.63891	0.78423	0.832505	0.638295	0.65645	1.02802	0.947527	0.692507	1.00671	0.903962	1.22393	1.34907	0.639549	0.703772	0.638093	1.29183	0.609484	0.969153	0.872737	1.26704	0.669155	1.06191	0.641299	0.654778	0.655397	0.937615	1.03525	0.858853	0.795952	0.807821	0.836176	0.637793	0.984124	1.07622	1.35382	0.641104	0.641063	0.666612	0.666626	0.665268	0.715708	0.763514	0.829378	0.685758	0.713526	0.869698	0.816992	0.639642	1.15144	0.969867	0.640459	0.641841	0.64017	0.781362	0.634772	1.28953	0.638115	0.950606	0.666784	0.644279	0.865427	0.641431	0.641442	0.614388	0.62822	
0.295	0.889993	1.028	0.914668	0.701323	0.865932	0.875126	0.624592	0.990884	0.670961	0.66832	1.20369	1.17748	0.901103	0.989904	0.638772	0.6388	0.784598	0.832894	0.638183	0.656767	1.02839	0.948033	0.693202	1.00659	0.903788	1.22362	1.34887	0.639436	0.70364	0.637983	1.29173	0.608756	0.969309	0.872461	1.26679	0.668983	1.06204	0.641183	0.654637	0.655253	0.937447	1.03504	0.858879	0.796134	0.807752	0.836015	0.637683	0.984133	1.07628	1.35386	0.640988	0.640946	0.666445	0.666459	0.665588	0.716107	0.764017	0.829788	0.686136	0.713688	0.869966	0.817349	0.639529	1.15139	0.969786	0.640499	0.641722	0.640056	0.781277	0.634512	1.28943	0.638004	0.950358	0.666618	0.644156	0.865457	0.641313	0.641326	0.614019	0.62794	
0.3	0.889737	1.02764	0.914657	0.701467	0.865767	0.874889	0.623955	0.990855	0.670786	0.66815	1.20379	1.17753	0.9009	0.989717	0.638661	0.63869	0.784954	0.833309	0.638072	0.657092	1.0288	0.948576	0.693949	1.00646	0.903608	1.22332	1.34868	0.639322	0.703501	0.637872	1.29164	0.60803	0.969472	0.872144	1.26655	0.668812	1.06217	0.641068	0.654497	0.655109	0.937275	1.03481	0.858909	0.796325	0.807686	0.835847	0.637572	0.984144	1.07635	1.35389	0.640871	0.640829	0.666279	0.666292	0.665914	0.716512	0.764534	0.8302	0.686517	0.71384	0.870234	0.817707	0.639416	1.15134	0.969699	0.640542	0.641604	0.639942	0.78118	0.634244	1.28933	0.637894	0.950166	0.666451	0.644033	0.865489	0.641196	0.64121	0.613669	0.627652	
0.305	0.889467	1.02727	0.914627	0.701597	0.865582	0.874635	0.623319	0.990816	0.670611	0.66798	1.20388	1.17757	0.900692	0.98952	0.638552	0.63858	0.785283	0.833743	0.637961	0.657422	1.02922	0.949145	0.694729	1.00632	0.903423	1.22304	1.34849	0.639209	0.703356	0.637762	1.29154	0.607327	0.969623	0.871816	1.26634	0.668641	1.06228	0.640953	0.654356	0.654967	0.93711	1.03459	0.858943	0.79652	0.807625	0.835683	0.637462	0.984168	1.07641	1.35393	0.640754	0.640713	0.666113	0.666126	0.666238	0.716918	0.765055	0.830607	0.686892	0.713981	0.870496	0.818056	0.639303	1.15129	0.969605	0.640589	0.641486	0.639828	0.781076	0.633986	1.28923	0.637783	0.950062	0.666285	0.643911	0.865522	0.641079	0.641094	0.613312	0.627375	
0.31	0.889173	1.02685	0.914571	0.701713	0.86537	0.874356	0.622663	0.99079	0.670436	0.667811	1.20395	1.17759	0.900483	0.989315	0.638442	0.63847	0.785594	0.834198	0.63785	0.657753	1.02968	0.949745	0.695537	1.00617	0.903224	1.22277	1.34831	0.639096	0.7032	0.637652	1.29145	0.606661	0.969775	0.871486	1.26614	0.668471	1.06237	0.640839	0.654216	0.654826	0.936956	1.03436	0.858981	0.796721	0.80757	0.835529	0.637352	0.984204	1.07648	1.35397	0.640638	0.640597	0.665947	0.665961	0.666562	0.717324	0.765581	0.831011	0.687263	0.714128	0.870754	0.818401	0.63919	1.15124	0.969486	0.640638	0.641369	0.639714	0.78096	0.633745	1.28914	0.637673	0.950066	0.666119	0.643788	0.865556	0.640962	0.640979	0.612935	0.62712	
0.315	0.888863	1.02641	0.914498	0.701814	0.865137	0.874056	0.622	0.990778	0.670262	0.667642	1.20402	1.17761	0.900278	0.989102	0.638332	0.638361	0.785882	0.834672	0.637739	0.658082	1.03015	0.950372	0.696374	1.00602	0.903027	1.22252	1.34815	0.638983	0.703041	0.637542	1.29137	0.60602	0.96993	0.871169	1.26598	0.668301	1.06244	0.640724	0.654077	0.654685	0.936821	1.03416	0.859023	0.796926	0.807519	0.835392	0.637242	0.984247	1.07655	1.35401	0.640522	0.640481	0.665781	0.665795	0.666885	0.71773	0.766112	0.831408	0.687628	0.714281	0.871007	0.818738	0.639077	1.1512	0.969352	0.640691	0.641251	0.6396	0.780841	0.633513	1.28904	0.637563	0.950115	0.665954	0.643666	0.865591	0.640845	0.640863	0.612553	0.626875	
0.32	0.888542	1.02595	0.914413	0.7019	0.864889	0.87374	0.621348	0.990771	0.670088	0.667473	1.20408	1.17763	0.900075	0.988883	0.638223	0.638251	0.786148	0.835162	0.637629	0.658402	1.03065	0.951022	0.697233	1.00587	0.902837	1.22229	1.34799	0.63887	0.702881	0.637432	1.2913	0.605385	0.970083	0.870878	1.26587	0.668131	1.06252	0.64061	0.653937	0.654544	0.936706	1.034	0.859069	0.797135	0.807474	0.835273	0.637133	0.984287	1.07662	1.35405	0.640406	0.640365	0.665616	0.66563	0.667204	0.718132	0.766642	0.831797	0.687984	0.714442	0.871252	0.819064	0.638965	1.15114	0.969201	0.640745	0.641134	0.639487	0.780721	0.63328	1.28893	0.637449	0.950178	0.665788	0.643545	0.865628	0.640729	0.640748	0.612182	0.626628	
0.325	0.888213	1.02549	0.914316	0.701971	0.864629	0.873413	0.620716	0.990767	0.669915	0.667304	1.20412	1.17764	0.899875	0.98866	0.638114	0.638142	0.786399	0.835664	0.637519	0.65872	1.03116	0.951689	0.698107	1.00571	0.902654	1.22207	1.34785	0.638758	0.702723	0.637322	1.29123	0.604747	0.970229	0.870628	1.26579	0.667961	1.06258	0.640496	0.653798	0.654403	0.936603	1.03386	0.859119	0.797346	0.807434	0.835169	0.637023	0.984322	1.0767	1.35409	0.640291	0.64025	0.665451	0.665465	0.667517	0.718527	0.767169	0.832174	0.688329	0.714606	0.871487	0.819379	0.638853	1.1511	0.969037	0.640802	0.641017	0.639373	0.7806	0.633041	1.28883	0.63733	0.95026	0.665624	0.643423	0.865666	0.640613	0.640633	0.611827	0.626376	
0.33	0.88788	1.02502	0.914208	0.702027	0.864359	0.873081	0.620065	0.990766	0.669741	0.667136	1.20416	1.17764	0.899679	0.988433	0.638005	0.638033	0.786632	0.836177	0.637409	0.65904	1.03169	0.952371	0.698996	1.00555	0.902476	1.22188	1.34772	0.638646	0.702568	0.637213	1.29116	0.604161	0.970368	0.87041	1.26581	0.667792	1.06264	0.640382	0.653659	0.654263	0.936504	1.03373	0.859172	0.797558	0.807401	0.835071	0.636914	0.98435	1.07677	1.35413	0.640175	0.640134	0.665287	0.6653	0.667824	0.718915	0.767689	0.832538	0.688661	0.714768	0.871712	0.819679	0.638741	1.15107	0.968874	0.64086	0.6409	0.63926	0.780485	0.632821	1.28872	0.63721	0.950377	0.665459	0.643302	0.865707	0.640497	0.640519	0.611433	0.626148	
0.335	0.887543	1.02455	0.914091	0.702068	0.864083	0.872745	0.619366	0.990773	0.669569	0.666968	1.20418	1.17763	0.899488	0.988205	0.637897	0.637925	0.78683	0.836697	0.637299	0.659364	1.03223	0.953066	0.699899	1.00538	0.902305	1.22172	1.3476	0.638534	0.702416	0.637104	1.29111	0.603676	0.970501	0.870224	1.26596	0.667624	1.06267	0.640268	0.65352	0.654123	0.936416	1.0336	0.859228	0.79777	0.807375	0.834979	0.636805	0.98436	1.07685	1.35418	0.64006	0.640019	0.665122	0.665136	0.668122	0.719294	0.768203	0.832887	0.688979	0.714923	0.871926	0.819965	0.63863	1.15102	0.968712	0.640918	0.640784	0.639148	0.780371	0.632634	1.28861	0.637093	0.950457	0.665295	0.643181	0.865751	0.640381	0.640405	0.610967	0.625963	
0.34	0.887206	1.02409	0.91397	0.702094	0.863802	0.872409	0.618633	0.990793	0.669396	0.666801	1.20419	1.17761	0.899307	0.987978	0.637788	0.637816	0.786988	0.837222	0.637189	0.659695	1.03278	0.953769	0.70081	1.00522	0.902145	1.22157	1.3475	0.638422	0.702271	0.636995	1.29106	0.603281	0.970635	0.870069	1.26624	0.667455	1.06269	0.640155	0.653382	0.653984	0.93634	1.03346	0.859287	0.797981	0.807354	0.834891	0.636697	0.984343	1.07692	1.35422	0.639945	0.639905	0.664959	0.664972	0.668411	0.719662	0.768708	0.833219	0.689282	0.715063	0.872127	0.820235	0.638518	1.15096	0.96854	0.640977	0.640667	0.639035	0.780247	0.632468	1.28849	0.636979	0.950449	0.665131	0.64306	0.865798	0.640266	0.64029	0.610456	0.625803	
0.345	0.88687	1.02364	0.913844	0.702105	0.863519	0.872077	0.617901	0.990817	0.669224	0.666634	1.20419	1.17759	0.899135	0.987753	0.63768	0.637708	0.787098	0.83775	0.63708	0.660034	1.03333	0.954476	0.701723	1.00505	0.901999	1.22145	1.34741	0.638311	0.702135	0.636886	1.29101	0.602936	0.970764	0.869939	1.26661	0.667287	1.0627	0.640041	0.653244	0.653844	0.93627	1.03334	0.859349	0.798191	0.807341	0.834807	0.636588	0.984297	1.077	1.35427	0.63983	0.63979	0.664795	0.664809	0.668689	0.720017	0.7692	0.833533	0.689568	0.715186	0.872314	0.820486	0.638407	1.15091	0.968376	0.641035	0.640551	0.638923	0.780124	0.632299	1.28837	0.636868	0.950337	0.664967	0.642939	0.865849	0.64015	0.640176	0.609942	0.625641	
0.35	0.886539	1.0232	0.913701	0.702103	0.863235	0.871751	0.617196	0.990853	0.669052	0.666467	1.20418	1.17755	0.898977	0.987532	0.637572	0.6376	0.787163	0.838277	0.636971	0.660376	1.03388	0.955185	0.702634	1.00489	0.901869	1.22135	1.34734	0.638199	0.702011	0.636778	1.29098	0.602605	0.970892	0.86983	1.26703	0.667119	1.06269	0.639928	0.653106	0.653705	0.936202	1.03322	0.859418	0.7984	0.807335	0.834726	0.63648	0.984233	1.07708	1.35432	0.639716	0.639676	0.664632	0.664646	0.668956	0.72036	0.769681	0.833828	0.689837	0.715286	0.872487	0.820719	0.638296	1.15086	0.968233	0.641092	0.640436	0.638811	0.780013	0.215339	1.28827	0.636758	0.950168	0.664804	0.642819	0.865903	0.640035	0.640063	0.609453	0.625462	
0.355	0.886207	1.02277	0.913554	0.702087	0.862946	0.871429	0.616518	0.990883	0.66888	0.666301	1.20416	1.17751	0.898827	0.987315	0.637464	0.637492	0.787175	0.838805	0.636862	0.66073	1.03444	0.955898	0.703545	1.00473	0.90175	1.22127	1.34728	0.638088	0.701895	0.63667	1.29094	0.602302	0.971008	0.869719	1.26753	0.666952	1.06266	0.639816	0.652968	0.653567	0.936158	1.03314	0.859489	0.798607	0.807336	0.834655	0.636372	0.984065	1.07716	1.35437	0.639602	0.639561	0.664469	0.664483	0.669213	0.72069	0.770152	0.834103	0.690088	0.715361	0.872646	0.820933	0.638185	1.15079	0.968087	0.641147	0.64032	0.638699	0.779901	0.215334	1.28813	0.63665	0.949737	0.664641	0.642699	0.865961	0.63992	0.639949	0.608941	0.625287	
0.36	0.885876	1.02236	0.913413	0.702058	0.862657	0.871111	0.61586	0.990911	0.668709	0.666134	1.20413	1.17746	0.898685	0.987105	0.637357	0.637384	0.78715	0.839334	0.636753	0.661092	1.03501	0.956614	0.704456	1.00456	0.901637	1.22121	1.34723	0.637977	0.701786	0.636562	1.29091	0.602051	0.97111	0.869612	1.2682	0.666784	1.06262	0.639703	0.652831	0.653428	0.936091	1.03303	0.859561	0.798814	0.807345	0.834576	0.636264	0.984021	1.07724	1.35442	0.639488	0.639447	0.664306	0.66432	0.669459	0.721008	0.770612	0.834359	0.690321	0.715431	0.87279	0.821129	0.638075	1.15081	0.967972	0.641199	0.640204	0.638587	0.7798	0.215329	1.28805	0.636541	0.949748	0.664479	0.642579	0.866023	0.639806	0.639836	0.608409	0.625135	
0.365	0.88555	1.02195	0.913276	0.702016	0.862369	0.870797	0.615258	0.990945	0.668538	0.665969	1.2041	1.17741	0.898553	0.986901	0.637249	0.637277	0.787122	0.839858	0.636645	0.661449	1.03557	0.957325	0.705363	1.00439	0.901534	1.22117	1.3472	0.637867	0.701683	0.636454	1.29089	0.60182	0.971204	0.869514	1.26908	0.666618	1.06257	0.639591	0.652694	0.65329	0.93603	1.03295	0.859637	0.799019	0.807362	0.834503	0.636156	0.984012	1.07732	1.35448	0.639374	0.639334	0.664144	0.664158	0.669694	0.721313	0.771062	0.834594	0.690536	0.715489	0.872918	0.821304	0.637965	1.15081	0.967914	0.641249	0.640089	0.638475	0.779736	0.215324	1.28798	0.636434	0.949604	0.664316	0.642459	0.866088	0.639691	0.639723	0.607929	0.624946	
0.37	0.885227	1.02156	0.913136	0.701964	0.862081	0.87048	0.614748	0.990989	0.668368	0.665803	1.20405	1.17735	0.898433	0.986705	0.637142	0.63717	0.787129	0.840374	0.636536	0.661792	1.03612	0.95803	0.706246	1.00422	0.901439	1.22114	1.34718	0.637756	0.701581	0.636346	1.29088	0.601571	0.971296	0.869427	1.27015	0.666451	1.06252	0.639479	0.652557	0.653152	0.935998	1.03287	0.859716	0.799223	0.807387	0.83445	0.636049	0.984029	1.07739	1.35453	0.63926	0.63922	0.663982	0.663996	0.669917	0.721605	0.771498	0.834807	0.690731	0.715548	0.87303	0.821458	0.637854	1.15083	0.967822	0.641295	0.639974	0.638364	0.77966	0.215321	1.28789	0.636275	0.94957	0.664154	0.64234	0.866156	0.639577	0.63961	0.607555	0.624691	
0.375	0.8849	1.02116	0.912987	0.701901	0.861784	0.870155	0.614315	0.991037	0.668198	0.665638	1.20401	1.17729	0.898325	0.986517	0.637035	0.637062	0.787177	0.840886	0.636428	0.662124	1.03668	0.958732	0.707128	1.00406	0.901339	1.22113	1.34716	0.637646	0.701478	0.636239	1.29086	0.601314	0.971387	0.86934	1.27138	0.666285	1.06245	0.639367	0.65242	0.653014	0.935967	1.03281	0.859799	0.799426	0.807419	0.834407	0.635942	0.984039	1.07747	1.35458	0.639147	0.639107	0.66382	0.663834	0.67013	0.721884	0.771926	0.835001	0.690909	0.715604	0.873128	0.821594	0.637745	1.15085	0.967734	0.641337	0.63986	0.638253	0.779594	0.215318	1.2878	0.636066	0.949449	0.663993	0.642221	0.866227	0.639463	0.639497	0.60727	0.624421	
0.38	0.884619	1.02083	0.912867	0.701832	0.86153	0.869866	0.613927	0.991143	0.668028	0.665473	1.20396	1.17723	0.898254	0.98634	0.636928	0.636956	0.787247	0.841357	0.63632	0.662419	1.03717	0.959375	0.707954	1.00393	0.901265	1.22114	1.34715	0.637536	0.701394	0.636131	1.29089	0.601083	0.971516	0.869291	1.27267	0.666119	1.06238	0.639255	0.652284	0.652877	0.935955	1.03277	0.85988	0.79962	0.807456	0.834377	0.635835	0.984062	1.07754	1.35463	0.639034	0.638994	0.663659	0.663673	0.670322	0.722137	0.772318	0.835167	0.691062	0.715648	0.873206	0.821704	0.637635	1.15087	0.96765	0.641375	0.639745	0.638142	0.779532	0.215316	1.28774	0.635866	0.949349	0.663831	0.642102	0.866298	0.639349	0.639385	0.607026	0.624189	
0.385	0.884299	1.02044	0.912709	0.701756	0.861233	0.869552	0.61355	0.991236	0.667858	0.665309	1.2039	1.17717	0.898206	0.986175	0.636821	0.636849	0.787317	0.841828	0.636213	0.662714	1.03769	0.960028	0.708781	1.0038	0.90117	1.22115	1.34716	0.637426	0.701294	0.636024	1.29089	0.600894	0.971644	0.869203	1.27396	0.665954	1.06231	0.639143	0.652148	0.65274	0.935942	1.03267	0.859964	0.799811	0.807499	0.834349	0.635728	0.984082	1.07761	1.35468	0.638921	0.638881	0.663498	0.663512	0.670506	0.722381	0.772706	0.835317	0.6912	0.715694	0.873275	0.821802	0.637525	1.15091	0.967506	0.641408	0.639631	0.638032	0.779427	0.215316	1.28767	0.633046	0.949515	0.66367	0.641983	0.86637	0.639236	0.639273	0.606779	0.62395	
0.39	0.883989	1.02007	0.912558	0.701675	0.860947	0.869245	0.613178	0.991298	0.667689	0.665144	1.20385	1.1771	0.898164	0.986018	0.636715	0.636743	0.787374	0.842306	0.636105	0.663011	1.03821	0.960692	0.709601	1.00365	0.901087	1.22117	1.34716	0.637316	0.701199	0.635918	1.29088	0.600737	0.971746	0.869116	1.27518	0.665788	1.06223	0.639032	0.652012	0.652603	0.935933	1.0325	0.860054	0.800005	0.807549	0.83432	0.635621	0.984149	1.07767	1.35474	0.638808	0.638768	0.663337	0.663351	0.670687	0.722623	0.773098	0.835457	0.691328	0.715739	0.873336	0.821889	0.637416	1.15099	0.967278	0.641436	0.639517	0.637921	0.779263	0.215377	1.28757	0.628878	0.95051	0.66351	0.641864	0.866445	0.639123	0.639161	0.606526	0.623668	
0.395	0.883681	1.0197	0.912404	0.701589	0.860661	0.868939	0.612832	0.991349	0.66752	0.664981	1.20379	1.17704	0.898125	0.985871	0.636609	0.636636	0.787422	0.842777	0.635998	0.66331	1.03872	0.961347	0.710435	1.0035	0.901001	1.22121	1.34718	0.637207	0.701104	0.635811	1.29088	0.60058	0.971829	0.869021	1.27634	0.665623	1.06215	0.638921	0.651877	0.652466	0.935905	1.0323	0.860146	0.800199	0.807603	0.834283	0.635515	0.984263	1.07774	1.35479	0.638695	0.638656	0.663177	0.663191	0.670864	0.722859	0.773485	0.835585	0.691446	0.715778	0.873388	0.821964	0.637307	1.15108	0.967064	0.641459	0.639403	0.637811	0.779101	0.215479	1.28747	0.624776	0.951927	0.663349	0.641746	0.866522	0.639009	0.639049	0.606293	0.623368	
0.4	0.883375	1.01933	0.912249	0.701501	0.860376	0.868636	0.612533	0.991402	0.667352	0.664817	1.20373	1.17697	0.898087	0.985731	0.636503	0.63653	0.787464	0.843235	0.635891	0.663611	1.03922	0.961987	0.711281	1.00335	0.900913	1.22124	1.34719	0.637098	0.701009	0.635704	1.29088	0.600395	0.971902	0.868927	1.27742	0.665459	1.06206	0.63881	0.651742	0.65233	0.935887	1.03212	0.860239	0.800393	0.807661	0.834249	0.635408	0.984399	1.0778	1.35484	0.638583	0.638544	0.663017	0.663031	0.671033	0.723087	0.773863	0.835702	0.691555	0.715803	0.873431	0.822029	0.637198	1.15114	0.966871	0.641477	0.639289	0.637701	0.778947	0.215596	1.2874	0.621483	0.953351	0.663189	0.641628	0.866602	0.638897	0.638937	0.606102	0.623093	
0.405	0.883071	1.01896	0.912091	0.701412	0.860092	0.868336	0.612281	0.991456	0.667183	0.664654	1.20367	1.17691	0.898051	0.985601	0.636397	0.636424	0.787491	0.843682	0.635784	0.663912	1.03971	0.962614	0.712117	1.0032	0.900828	1.22129	1.34721	0.636989	0.700916	0.635598	1.29088	0.60018	0.971973	0.868814	1.27846	0.665295	1.06198	0.6387	0.651607	0.652194	0.93588	1.03197	0.860332	0.800585	0.807721	0.834222	0.635302	0.984519	1.07786	1.35489	0.638471	0.638432	0.662857	0.662871	0.671196	0.723307	0.774233	0.835808	0.691654	0.715813	0.873468	0.822085	0.637089	1.15118	0.966699	0.641488	0.639176	0.637591	0.778806	0.215713	1.28733	0.619003	0.954476	0.663029	0.64151	0.866684	0.638784	0.638826	0.605941	0.62286	
0.41	0.882772	1.01858	0.911936	0.701324	0.859812	0.868043	0.612052	0.991507	0.667016	0.664491	1.2036	1.17684	0.898019	0.985478	0.636291	0.636319	0.787518	0.844118	0.635677	0.664214	1.04018	0.963228	0.712901	1.00306	0.900748	1.22133	1.34724	0.63688	0.700825	0.635492	1.29088	0.599968	0.972043	0.868715	1.27955	0.665131	1.0619	0.638589	0.651472	0.652058	0.935879	1.03186	0.860425	0.800774	0.807782	0.834202	0.635197	0.984631	1.07791	1.35494	0.638359	0.63832	0.662697	0.662711	0.671355	0.723521	0.774595	0.835907	0.691747	0.715816	0.8735	0.822135	0.636981	1.15122	0.966554	0.641494	0.639063	0.637482	0.778688	0.215829	1.28727	0.617179	0.955432	0.66287	0.641393	0.866768	0.638671	0.638715	0.605785	0.622634	
0.415	0.882476	1.01821	0.911784	0.701239	0.859536	0.867755	0.611823	0.991536	0.666848	0.664328	1.20354	1.17678	0.897982	0.985363	0.636186	0.636213	0.787558	0.844548	0.635571	0.66452	1.04065	0.963835	0.713675	1.0029	0.900664	1.22138	1.34726	0.636771	0.700733	0.635386	1.29086	0.599789	0.972098	0.868637	1.28076	0.664967	1.06181	0.638479	0.651338	0.651922	0.935879	1.03179	0.860519	0.800961	0.807845	0.834189	0.635091	0.984738	1.07797	1.35499	0.638247	0.638208	0.662538	0.662552	0.67151	0.72373	0.774954	0.836	0.691835	0.715824	0.87353	0.822181	0.636873	1.15126	0.966439	0.641493	0.63895	0.637372	0.778594	0.215943	1.28722	0.615792	0.956269	0.662711	0.641275	0.866856	0.638559	0.638604	0.605621	0.622381	
0.42	0.882208	1.01788	0.911655	0.701157	0.85929	0.867493	0.611586	0.991586	0.666681	0.664166	1.20348	1.17672	0.897952	0.985255	0.636081	0.636108	0.78761	0.844956	0.635464	0.664819	1.04109	0.964411	0.714395	1.00277	0.90059	1.22144	1.34729	0.636663	0.700653	0.635281	1.29087	0.599645	0.972165	0.86861	1.28205	0.664804	1.06173	0.638369	0.651203	0.651787	0.935879	1.03173	0.860609	0.801143	0.807905	0.834182	0.634986	0.984844	1.07802	1.35504	0.638136	0.638097	0.662379	0.662393	0.671658	0.723931	0.775297	0.836087	0.691918	0.715844	0.873556	0.822223	0.636765	1.15134	0.966356	0.641489	0.638837	0.637263	0.778526	0.216057	1.28717	0.614793	0.95704	0.662552	0.641158	0.866946	0.638447	0.638493	0.605449	0.6221	
0.425	0.881936	1.01755	0.911524	0.70108	0.859041	0.867234	0.611347	0.991624	0.666514	0.664004	1.20342	1.17666	0.897922	0.985154	0.635976	0.636003	0.787661	0.845353	0.635358	0.665129	1.04152	0.964975	0.715134	1.00263	0.900507	1.22149	1.34732	0.636555	0.700572	0.635175	1.29086	0.599525	0.972228	0.868576	1.28335	0.664641	1.06165	0.638259	0.651069	0.651652	0.935883	1.0317	0.860698	0.80132	0.807965	0.834181	0.63488	0.984941	1.07807	1.3551	0.638025	0.637986	0.662221	0.662235	0.671802	0.724126	0.775632	0.836171	0.691998	0.715873	0.873581	0.822263	0.636657	1.15141	0.966289	0.641486	0.638724	0.637154	0.778471	0.216171	1.28711	0.614114	0.957719	0.662394	0.641041	0.867038	0.638335	0.638383	0.605279	0.62181	
0.43	0.881673	1.01723	0.9114	0.701009	0.858803	0.866988	0.611113	0.991645	0.666347	0.663842	1.20337	1.1766	0.897888	0.985058	0.635871	0.635898	0.787707	0.845744	0.635252	0.665444	1.04194	0.965531	0.715835	1.00249	0.900428	1.22154	1.34734	0.636447	0.700495	0.63507	1.29084	0.599417	0.97228	0.868536	1.28457	0.664478	1.06156	0.638149	0.650936	0.651517	0.935894	1.03167	0.860785	0.801494	0.808024	0.834188	0.634775	0.985022	1.07812	1.35515	0.637914	0.637875	0.662063	0.662077	0.671944	0.724319	0.775963	0.836253	0.692077	0.715904	0.873606	0.822303	0.636549	1.15146	0.966214	0.641485	0.638612	0.637045	0.778417	0.216285	1.28706	0.613691	0.958284	0.662235	0.640924	0.867134	0.638224	0.638272	0.605117	0.621526	
0.435	0.881426	1.01694	0.911296	0.700943	0.858583	0.866753	0.610882	0.991665	0.666181	0.663681	1.20331	1.17654	0.89785	0.984968	0.635766	0.635793	0.787745	0.846121	0.635147	0.665754	1.04234	0.966068	0.716529	1.00235	0.900354	1.22159	1.34737	0.636339	0.700422	0.634965	1.29083	0.599319	0.972329	0.868471	1.28573	0.664316	1.06148	0.63804	0.650802	0.651383	0.935908	1.03166	0.860869	0.801664	0.80808	0.834194	0.63467	0.985095	1.07817	1.3552	0.637803	0.637764	0.661905	0.661919	0.672083	0.724506	0.776284	0.836334	0.692155	0.715935	0.873631	0.822343	0.636442	1.15149	0.96614	0.641483	0.6385	0.636937	0.778366	0.216399	1.287	0.613408	0.958777	0.662077	0.640808	0.867234	0.638112	0.638162	0.604925	0.621239	
0.44	0.881194	1.01667	0.911206	0.700884	0.858381	0.866536	0.610652	0.991691	0.666015	0.66352	1.20326	1.17648	0.897812	0.984882	0.635662	0.635689	0.787787	0.846482	0.635041	0.66606	1.04273	0.966581	0.717184	1.00222	0.900289	1.22164	1.3474	0.636231	0.700357	0.63486	1.29081	0.599235	0.972385	0.868383	1.28684	0.664154	1.0614	0.637931	0.650669	0.651248	0.935924	1.03166	0.860949	0.801827	0.808132	0.834204	0.634566	0.985163	1.07821	1.35526	0.637692	0.637654	0.661747	0.661761	0.672217	0.724687	0.776591	0.836414	0.692232	0.715968	0.873657	0.822384	0.636335	1.15153	0.966064	0.641483	0.638388	0.636828	0.778318	0.216513	1.28694	0.613183	0.95922	0.66192	0.640692	0.867336	0.638001	0.638053	0.604675	0.620939	
0.445	0.880981	1.01644	0.911127	0.700832	0.858197	0.86634	0.61042	0.991721	0.66585	0.663359	1.2032	1.17643	0.897776	0.984799	0.635558	0.635585	0.787842	0.846821	0.634936	0.666355	1.04308	0.967064	0.717762	1.0021	0.900236	1.22169	1.34742	0.636124	0.700301	0.634756	1.2908	0.599164	0.972447	0.868266	1.28791	0.663992	1.06132	0.637822	0.650536	0.651114	0.935939	1.03166	0.861023	0.801981	0.80818	0.834212	0.634461	0.985223	1.07825	1.35531	0.637582	0.637544	0.66159	0.661604	0.672343	0.724857	0.77688	0.836491	0.692308	0.715999	0.873683	0.822425	0.636228	1.15157	0.965996	0.641484	0.638276	0.63672	0.778277	0.216627	1.28689	0.612989	0.9596	0.661763	0.640576	0.867439	0.63789	0.637943	0.604371	0.620627	
0.45	0.880768	1.01622	0.911051	0.700787	0.858016	0.86615	0.610186	0.991751	0.665684	0.663199	1.20315	1.17637	0.897744	0.98472	0.635454	0.635481	0.787917	0.847147	0.634831	0.666647	1.04343	0.967531	0.718307	1.00199	0.900171	1.22173	1.34745	0.636017	0.700241	0.634651	1.29078	0.599103	0.972514	0.868131	1.28891	0.663831	1.06125	0.637713	0.650404	0.65098	0.935953	1.03165	0.861093	0.802127	0.808224	0.834218	0.634357	0.985272	1.0783	1.35536	0.637472	0.637434	0.661433	0.661447	0.672466	0.725022	0.777156	0.836568	0.692382	0.716025	0.873711	0.822467	0.636121	1.15161	0.965917	0.64148	0.638165	0.636612	0.778227	0.216741	1.28683	0.61286	0.959926	0.661606	0.64046	0.867544	0.63778	0.637833	0.604029	0.620308	
0.455	0.88056	1.016	0.910982	0.700747	0.857841	0.865963	0.609954	0.991778	0.665519	0.663039	1.2031	1.17632	0.897711	0.984644	0.63535	0.635377	0.788011	0.847464	0.634726	0.666934	1.04377	0.967986	0.718853	1.00188	0.900098	1.22178	1.34747	0.63591	0.700178	0.634547	1.29077	0.599046	0.972583	0.867982	1.28982	0.66367	1.06117	0.637605	0.650271	0.650847	0.935965	1.03164	0.861159	0.802266	0.808266	0.834221	0.634253	0.98531	1.07834	1.35541	0.637362	0.637324	0.661276	0.66129	0.672585	0.725181	0.777423	0.836646	0.692457	0.716048	0.873741	0.822512	0.636014	1.15165	0.965833	0.64147	0.638053	0.636505	0.778171	0.216855	1.28678	0.61281	0.960206	0.661449	0.640344	0.867651	0.637669	0.637724	0.603672	0.619988	
0.46	0.88037	1.01579	0.910921	0.700714	0.857682	0.86579	0.609724	0.991804	0.665355	0.662879	1.20306	1.17628	0.897679	0.984568	0.635246	0.635273	0.788109	0.847762	0.634622	0.667208	1.04408	0.96841	0.719389	1.00178	0.900034	1.22181	1.34749	0.635803	0.700121	0.634443	1.29075	0.598991	0.972652	0.867812	1.29064	0.663509	1.06111	0.637496	0.650139	0.650714	0.935976	1.03163	0.86122	0.802397	0.808302	0.834221	0.634149	0.985339	1.07838	1.35547	0.637252	0.637214	0.66112	0.661134	0.672697	0.725332	0.777672	0.836723	0.69253	0.716073	0.873772	0.822557	0.635908	1.15168	0.965753	0.641451	0.637942	0.636397	0.778119	0.216969	1.28673	0.612828	0.960447	0.661293	0.640229	0.867758	0.637559	0.637615	0.603311	0.619674	
0.465	0.880179	1.01557	0.910851	0.700685	0.85752	0.865614	0.609499	0.991826	0.665191	0.66272	1.20301	1.17623	0.897646	0.984494	0.635143	0.63517	0.788225	0.848043	0.634517	0.667469	1.04437	0.968813	0.719952	1.00168	0.899972	1.22185	1.34751	0.635697	0.70006	0.634339	1.29074	0.598937	0.972719	0.867609	1.29145	0.663349	1.06105	0.637388	0.650007	0.650581	0.935981	1.03162	0.861275	0.802519	0.808333	0.834225	0.634046	0.985347	1.07842	1.35552	0.637142	0.637105	0.660964	0.660978	0.672804	0.725474	0.777905	0.836799	0.692602	0.716118	0.873804	0.822604	0.635802	1.15171	0.965682	0.641423	0.637831	0.63629	0.778077	0.217083	1.28667	0.612866	0.960695	0.661137	0.640114	0.867865	0.637449	0.637506	0.602932	0.619355	
0.47	0.879995	1.01535	0.910782	0.700661	0.857364	0.865442	0.609278	0.991847	0.665027	0.662561	1.20296	1.17619	0.897609	0.984419	0.63504	0.635066	0.788367	0.848312	0.634413	0.667717	1.04465	0.969198	0.720485	1.00159	0.899909	1.22188	1.34752	0.63559	0.7	0.634236	1.29072	0.598887	0.972784	0.867398	1.29233	0.663189	1.06099	0.63728	0.649876	0.650448	0.935979	1.03161	0.861325	0.802632	0.808361	0.834229	0.633942	0.985334	1.07846	1.35557	0.637033	0.636995	0.660808	0.660822	0.672905	0.725609	0.778123	0.836875	0.692674	0.716176	0.873839	0.822653	0.635696	1.15173	0.965631	0.641388	0.637721	0.636183	0.778053	0.217196	1.28661	0.612875	0.960943	0.660981	0.639999	0.867972	0.637339	0.637398	0.602526	0.619025	
0.475	0.879818	1.01512	0.910719	0.70064	0.857214	0.865275	0.609064	0.991866	0.664863	0.662402	1.20292	1.17615	0.89757	0.984344	0.634937	0.634963	0.788517	0.848568	0.634309	0.667951	1.04492	0.969566	0.720989	1.0015	0.899842	1.22191	1.34754	0.635484	0.699938	0.634132	1.2907	0.598837	0.972848	0.867179	1.29325	0.663029	1.06094	0.637172	0.649744	0.650316	0.935974	1.0316	0.86137	0.802737	0.808383	0.834231	0.633839	0.985308	1.07849	1.35562	0.636924	0.636886	0.660653	0.660667	0.673002	0.725737	0.778327	0.836952	0.692745	0.716237	0.873876	0.822705	0.63559	1.15173	0.965589	0.641345	0.63761	0.636076	0.778037	0.21731	1.28656	0.612825	0.961144	0.660825	0.639884	0.868079	0.637229	0.637289	0.602103	0.618689	
0.48	0.879653	1.01491	0.910664	0.700623	0.857076	0.865119	0.608859	0.991884	0.6647	0.662243	1.20288	1.1761	0.897527	0.984268	0.634834	0.63486	0.788654	0.848807	0.634205	0.668167	1.04517	0.969909	0.721437	1.00141	0.89978	1.22194	1.34755	0.635378	0.699881	0.634029	1.29068	0.598784	0.97291	0.866957	1.29414	0.662869	1.06088	0.637065	0.649613	0.650183	0.935978	1.03158	0.861409	0.802832	0.808401	0.834234	0.633736	0.985275	1.07853	1.35567	0.636815	0.636778	0.660497	0.660512	0.673092	0.725856	0.778513	0.837028	0.692815	0.716289	0.873915	0.822758	0.635484	1.15172	0.965526	0.641293	0.6375	0.635969	0.778006	0.217424	1.28651	0.612684	0.961241	0.66067	0.63977	0.868185	0.63712	0.637181	0.601682	0.61836	
0.485	0.879498	1.01471	0.910609	0.70061	0.856945	0.864974	0.608665	0.9919	0.664537	0.662085	1.20284	1.17606	0.897481	0.98419	0.634731	0.634758	0.78877	0.849029	0.634101	0.668373	1.0454	0.970227	0.721847	1.00134	0.899719	1.22196	1.34756	0.635273	0.699826	0.633926	1.29067	0.598724	0.97297	0.866732	1.29496	0.66271	1.06082	0.636957	0.649482	0.650051	0.935987	1.03157	0.861442	0.802917	0.808412	0.834237	0.633633	0.985237	1.07857	1.35572	0.636706	0.636669	0.660343	0.660357	0.673175	0.725965	0.77868	0.837105	0.692885	0.716336	0.873957	0.822813	0.635379	1.1517	0.96543	0.641232	0.63739	0.635863	0.777956	0.217538	1.28647	0.612489	0.961253	0.660516	0.639655	0.86829	0.63701	0.637073	0.601277	0.618046	
0.49	0.879356	1.01453	0.910564	0.700599	0.856828	0.864837	0.608482	0.991917	0.664374	0.661927	1.2028	1.17601	0.897432	0.984109	0.634629	0.634655	0.788867	0.849234	0.633998	0.668564	1.04561	0.970521	0.722279	1.00126	0.899663	1.22198	1.34756	0.635167	0.699773	0.633823	1.29065	0.598663	0.973029	0.866508	1.29568	0.662551	1.06076	0.63685	0.649352	0.64992	0.935996	1.03155	0.861468	0.802991	0.808418	0.834242	0.633531	0.985181	1.07861	1.35577	0.636598	0.636561	0.660188	0.660202	0.673252	0.726065	0.778828	0.837182	0.692953	0.716391	0.874001	0.822871	0.635274	1.15171	0.965323	0.641161	0.63728	0.635756	0.777898	0.217652	1.28643	0.612266	0.961214	0.660361	0.639541	0.868393	0.636901	0.636965	0.600915	0.617752	
0.495	0.879244	1.01439	0.910537	0.700592	0.856737	0.864724	0.608306	0.991948	0.664212	0.66177	1.20276	1.17597	0.897388	0.984028	0.634526	0.634553	0.788944	0.849408	0.633895	0.668725	1.04578	0.97077	0.722676	1.00121	0.899624	1.22199	1.34757	0.635062	0.69973	0.63372	1.29065	0.598604	0.973097	0.866291	1.29637	0.662393	1.06071	0.636743	0.649221	0.649788	0.935994	1.03154	0.861485	0.803052	0.808418	0.834243	0.633428	0.985124	1.07864	1.35582	0.63649	0.636452	0.660034	0.660048	0.673318	0.726151	0.77895	0.837255	0.693018	0.716453	0.874044	0.822928	0.635169	1.15172	0.965245	0.641083	0.637171	0.63565	0.777858	0.217766	1.2864	0.6121	0.96121	0.660207	0.639428	0.868492	0.636792	0.636858	0.600623	0.617497	
0.5	0.87912	1.01423	0.910495	0.700587	0.856633	0.864609	0.608136	0.991969	0.66405	0.661612	1.20272	1.17593	0.897342	0.983946	0.634424	0.634451	0.78903	0.849571	0.633791	0.668882	1.04595	0.971006	0.723067	1.00116	0.899578	1.222	1.34757	0.634957	0.699685	0.633618	1.29063	0.598543	0.973159	0.866039	1.29711	0.662235	1.06066	0.636637	0.649091	0.649657	0.935978	1.03151	0.861497	0.803102	0.808412	0.834234	0.633326	0.98506	1.07868	1.35586	0.636382	0.636344	0.65988	0.659894	0.67338	0.72623	0.779056	0.837331	0.693084	0.716519	0.874093	0.822991	0.635064	1.15173	0.965181	0.640996	0.637062	0.635544	0.777825	0.217879	1.28638	0.611934	0.961196	0.660053	0.639314	0.868588	0.636684	0.63675	0.600372	0.617296	
0.505	0.879022	1.01411	0.91047	0.700585	0.856554	0.864512	0.607975	0.991989	0.663888	0.661455	1.20269	1.17589	0.897294	0.983861	0.634322	0.634349	0.789122	0.849717	0.633689	0.669025	1.0461	0.971218	0.723373	1.00111	0.899543	1.22201	1.34757	0.634852	0.699648	0.633516	1.29062	0.598475	0.973218	0.865788	1.29795	0.662077	1.06062	0.63653	0.648961	0.649526	0.93596	1.03147	0.861502	0.803141	0.808399	0.83422	0.633224	0.985	1.07871	1.35591	0.636274	0.636237	0.659726	0.659741	0.673436	0.7263	0.779145	0.837408	0.693151	0.716578	0.874146	0.823057	0.634959	1.15176	0.965129	0.640901	0.636952	0.635439	0.777797	0.217993	1.28636	0.611816	0.961208	0.659899	0.639201	0.868681	0.636575	0.636643	0.600131	0.617139	
0.51	0.878925	1.01398	0.910442	0.700587	0.856478	0.86442	0.607831	0.992001	0.663726	0.661299	1.20265	1.17581	0.89724	0.983774	0.634221	0.634247	0.789247	0.84985	0.633586	0.66916	1.04623	0.971411	0.723641	1.00107	0.899495	1.22201	1.34756	0.634747	0.699607	0.633414	1.29061	0.598405	0.973271	0.865514	1.29903	0.661919	1.06052	0.636424	0.648832	0.649395	0.935929	1.03142	0.861499	0.80317	0.808379	0.834196	0.633122	0.984928	1.07875	1.35595	0.636166	0.636129	0.659573	0.659587	0.673488	0.726364	0.779217	0.83749	0.69322	0.716635	0.874204	0.82313	0.634855	1.15176	0.965082	0.640801	0.636843	0.635333	0.777769	0.218107	1.28634	0.611622	0.961151	0.659746	0.639087	0.868775	0.636467	0.636536	0.599919	0.616972	
0.515	0.878853	1.01388	0.910434	0.700592	0.856425	0.864347	0.60771	0.992018	0.663565	0.661142	1.20262	1.17574	0.897185	0.983685	0.634119	0.634145	0.789404	0.84996	0.633483	0.669268	1.04633	0.971571	0.723832	1.00103	0.899454	1.22201	1.34756	0.634642	0.699572	0.633312	1.2906	0.598338	0.973325	0.865266	1.30038	0.661762	1.06042	0.636318	0.648702	0.649265	0.935898	1.03138	0.86149	0.803188	0.808353	0.834169	0.63302	0.984856	1.07878	1.356	0.636059	0.636022	0.65942	0.659434	0.673534	0.726419	0.77927	0.837572	0.693291	0.716684	0.874264	0.823206	0.634751	1.15175	0.96504	0.640701	0.636735	0.635228	0.777744	0.218221	1.28632	0.611405	0.96107	0.659593	0.638974	0.868866	0.636359	0.636429	0.599758	0.616761	
0.52	0.878786	1.01379	0.910429	0.700602	0.856377	0.864279	0.607609	0.992036	0.663405	0.660986	1.20259	1.1757	0.897127	0.983595	0.634018	0.634044	0.78959	0.850052	0.633381	0.66936	1.04642	0.971705	0.72401	1.00101	0.899408	1.222	1.34755	0.634538	0.699537	0.63321	1.29059	0.598277	0.97338	0.865014	1.30186	0.661605	1.06037	0.636212	0.648573	0.649135	0.935859	1.03132	0.861473	0.803194	0.808319	0.834131	0.632919	0.984785	1.07882	1.35604	0.635951	0.635915	0.659267	0.659282	0.673574	0.726466	0.779306	0.837657	0.693363	0.716721	0.87433	0.823288	0.634647	1.15172	0.964994	0.640602	0.636626	0.635123	0.77771	0.218334	1.28632	0.611112	0.960924	0.65944	0.638862	0.868955	0.636251	0.636323	0.599627	0.616515	
0.525	0.878728	1.0137	0.910431	0.700617	0.856339	0.864221	0.60752	0.99205	0.663244	0.660831	1.20256	1.17569	0.897067	0.983503	0.633917	0.633943	0.789783	0.850127	0.633279	0.669444	1.04649	0.971816	0.72418	1.00098	0.899365	1.22199	1.34754	0.634434	0.699503	0.633109	1.29058	0.598213	0.973435	0.864775	1.30316	0.661448	1.06035	0.636106	0.648444	0.649005	0.935818	1.03126	0.861449	0.80319	0.808278	0.834086	0.632817	0.984707	1.07885	1.35609	0.635844	0.635808	0.659115	0.659129	0.67361	0.726506	0.779325	0.837747	0.693439	0.71675	0.874401	0.823377	0.634543	1.15167	0.964942	0.640509	0.636518	0.635018	0.777666	0.218448	1.28631	0.61082	0.960776	0.659288	0.638749	0.869044	0.636144	0.636216	0.599459	0.616285	
0.53	0.878678	1.01362	0.91044	0.700638	0.856312	0.864171	0.607436	0.992061	0.663084	0.660675	1.20253	1.17565	0.897005	0.98341	0.633816	0.633842	0.789972	0.850185	0.633177	0.669514	1.04654	0.971902	0.724317	1.00097	0.899306	1.22197	1.34752	0.63433	0.699464	0.633007	1.29057	0.598138	0.973489	0.864543	1.30413	0.661292	1.0603	0.636	0.648316	0.648875	0.935766	1.0312	0.861418	0.803176	0.80823	0.834034	0.632716	0.984626	1.07889	1.35613	0.635737	0.635701	0.658963	0.658977	0.673643	0.726541	0.779329	0.837841	0.693519	0.716782	0.874478	0.823473	0.634439	1.15162	0.96491	0.64042	0.63641	0.634913	0.777634	0.218562	1.2863	0.610584	0.960669	0.659136	0.638637	0.869132	0.636036	0.63611	0.599221	0.616101	
0.535	0.878639	1.01353	0.910456	0.700667	0.856293	0.864129	0.607353	0.99207	0.662924	0.66052	1.20251	1.1756	0.896939	0.983315	0.633715	0.633741	0.79016	0.850226	0.633075	0.66957	1.04656	0.971963	0.724434	1.00096	0.899255	1.22195	1.3475	0.634226	0.699428	0.632906	1.29055	0.598054	0.973543	0.864315	1.30475	0.661136	1.06025	0.635895	0.648188	0.648746	0.935711	1.03114	0.86138	0.803151	0.808174	0.833984	0.632615	0.984554	1.07892	1.35617	0.635631	0.635594	0.658811	0.658825	0.673673	0.72657	0.779319	0.837939	0.693604	0.716829	0.874561	0.823576	0.634336	1.15157	0.964885	0.640335	0.636302	0.634809	0.777609	0.218675	1.28629	0.610417	0.96061	0.658984	0.638525	0.86922	0.635929	0.636004	0.598924	0.615957	
0.54	0.87861	1.01346	0.910474	0.700704	0.856284	0.864095	0.607275	0.992077	0.662765	0.660365	1.20249	1.17557	0.896871	0.98322	0.633615	0.633641	0.790351	0.85025	0.632974	0.669607	1.04657	0.971999	0.72453	1.00096	0.89921	1.22193	1.34748	0.634123	0.699394	0.632805	1.29054	0.597966	0.973598	0.864079	1.30509	0.66098	1.06021	0.63579	0.648059	0.648617	0.93566	1.03107	0.861335	0.803118	0.808112	0.833939	0.632515	0.984492	1.07895	1.35621	0.635524	0.635488	0.658659	0.658674	0.6737	0.726595	0.779296	0.838043	0.693694	0.716898	0.874649	0.823686	0.634233	1.15153	0.964834	0.640254	0.636194	0.634704	0.777572	0.218789	1.2863	0.610285	0.960565	0.658832	0.638413	0.869308	0.635822	0.635898	0.598606	0.615829	
0.545	0.878593	1.0134	0.910499	0.700749	0.856287	0.864072	0.607203	0.992079	0.662605	0.660211	1.20247	1.17556	0.8968	0.983125	0.633514	0.63354	0.790543	0.850258	0.632873	0.669634	1.04656	0.972012	0.724601	1.00096	0.899172	1.22191	1.34746	0.634019	0.699363	0.632705	1.29052	0.597883	0.973655	0.86383	1.30525	0.660824	1.06019	0.635685	0.647932	0.648488	0.93561	1.03097	0.861285	0.803076	0.808043	0.833896	0.632414	0.98444	1.07899	1.35626	0.635418	0.635382	0.658508	0.658523	0.673726	0.726616	0.779261	0.838151	0.693789	0.716984	0.874743	0.823803	0.63413	1.15148	0.964752	0.640176	0.636087	0.6346	0.777517	0.218903	1.2863	0.610215	0.960558	0.658681	0.638301	0.869395	0.635715	0.635793	0.598297	0.615697	
0.55	0.878592	1.01336	0.910538	0.700806	0.856309	0.864066	0.607134	0.992079	0.662446	0.660057	1.20246	1.17555	0.896726	0.98303	0.633414	0.63344	0.790725	0.85025	0.632771	0.66966	1.04653	0.972003	0.724644	1.00097	0.899133	1.22188	1.34744	0.633916	0.699336	0.632604	1.29049	0.597808	0.973715	0.863559	1.30532	0.660669	1.0602	0.63558	0.647804	0.648359	0.935552	1.03086	0.861227	0.803026	0.807965	0.833848	0.632314	0.984375	1.07902	1.3563	0.635312	0.635276	0.658357	0.658372	0.673752	0.726635	0.779217	0.838268	0.693892	0.717084	0.874847	0.823933	0.634027	1.15144	0.96465	0.6401	0.635979	0.634496	0.77745	0.219016	1.2863	0.610183	0.960572	0.65853	0.63819	0.869484	0.635609	0.635687	0.597989	0.615564	
0.555	0.878605	1.01335	0.910589	0.700873	0.856347	0.864075	0.607065	0.992073	0.662288	0.659903	1.20244	1.17554	0.896649	0.982935	0.633314	0.63334	0.790885	0.85023	0.63267	0.669674	1.04649	0.971973	0.724642	1.00098	0.899095	1.22184	1.34741	0.633813	0.699311	0.632504	1.29047	0.597738	0.973775	0.863294	1.30541	0.660514	1.0602	0.635476	0.647677	0.64823	0.935497	1.03078	0.861167	0.80297	0.807886	0.833808	0.632214	0.984309	1.07905	1.35634	0.635206	0.63517	0.658207	0.658221	0.673776	0.726653	0.779167	0.838387	0.693999	0.717193	0.874948	0.824062	0.633924	1.15139	0.96456	0.640025	0.635872	0.634393	0.777397	0.21913	1.2863	0.610277	0.960684	0.65838	0.638079	0.869572	0.635502	0.635582	0.597661	0.615443	
0.56	0.878632	1.01336	0.910658	0.700953	0.856405	0.864104	0.606993	0.992065	0.66213	0.659749	1.20244	1.17553	0.896569	0.982842	0.633214	0.63324	0.791067	0.850195	0.63257	0.6697	1.04642	0.971923	0.724621	1.001	0.899059	1.2218	1.34738	0.633711	0.699293	0.632404	1.29044	0.597669	0.97384	0.863008	1.3056	0.66036	1.06019	0.635372	0.647549	0.648102	0.935422	1.03067	0.861103	0.802909	0.8078	0.833755	0.632114	0.98423	1.07908	1.35638	0.635101	0.635065	0.658056	0.658071	0.673801	0.72667	0.779111	0.838513	0.694112	0.71731	0.87506	0.824203	0.633822	1.15133	0.964478	0.639952	0.635765	0.634289	0.777348	0.219244	1.2863	0.61033	0.96076	0.658229	0.637968	0.86966	0.635396	0.635477	0.597299	0.61534	
0.565	0.878666	1.01338	0.910735	0.701043	0.856471	0.864143	0.606922	0.992045	0.661972	0.659596	1.20243	1.17551	0.896485	0.982751	0.633115	0.63314	0.791251	0.850151	0.632469	0.669726	1.04635	0.971858	0.724585	1.00102	0.899021	1.22176	1.34735	0.633608	0.699275	0.632304	1.2904	0.597595	0.973902	0.862726	1.30598	0.660206	1.06018	0.635267	0.647423	0.647974	0.935367	1.03058	0.861038	0.802846	0.807714	0.833708	0.632014	0.984141	1.0791	1.35642	0.634995	0.634959	0.657906	0.657921	0.673828	0.726688	0.779055	0.838639	0.694228	0.717422	0.87517	0.824343	0.633719	1.15125	0.964388	0.639879	0.635659	0.634186	0.777295	0.219357	1.2863	0.610441	0.960879	0.658079	0.637857	0.869746	0.63529	0.635373	0.596938	0.61523	
0.57	0.878715	1.01342	0.910833	0.701147	0.856558	0.864196	0.606854	0.992028	0.661814	0.659443	1.20243	1.1755	0.896399	0.982662	0.633015	0.633041	0.791483	0.850096	0.632369	0.66975	1.04626	0.971775	0.724525	1.00105	0.898982	1.2217	1.34731	0.633506	0.699259	0.632204	1.29036	0.597521	0.973973	0.862427	1.30657	0.660052	1.06018	0.635163	0.647296	0.647847	0.935293	1.03048	0.860969	0.80278	0.807623	0.833646	0.631914	0.984034	1.07913	1.35646	0.63489	0.634854	0.657756	0.657771	0.673856	0.726708	0.778998	0.838773	0.694351	0.717527	0.875288	0.824493	0.633617	1.15116	0.964294	0.639806	0.635552	0.634083	0.777232	0.219471	1.2863	0.610506	0.960954	0.65793	0.637746	0.86983	0.635185	0.635268	0.596612	0.615087	
0.575	0.878769	1.01348	0.910939	0.701262	0.856654	0.864256	0.60679	0.991992	0.661657	0.65929	1.20244	1.17548	0.896305	0.982576	0.632916	0.632942	0.791717	0.850036	0.632269	0.66977	1.04616	0.971683	0.724443	1.00107	0.898943	1.22164	1.34727	0.633404	0.699244	0.632104	1.29031	0.597452	0.974036	0.862125	1.30738	0.659898	1.06016	0.63506	0.64717	0.647719	0.935236	1.03038	0.860904	0.802716	0.807535	0.83359	0.631815	0.983924	1.07915	1.35649	0.634785	0.634749	0.657607	0.657622	0.673887	0.726731	0.778947	0.838906	0.694475	0.717625	0.875401	0.82464	0.633516	1.15109	0.964205	0.639734	0.635446	0.63398	0.777171	0.219584	1.28629	0.610636	0.961074	0.65778	0.637636	0.869912	0.635079	0.635164	0.596314	0.61492	
0.58	0.878836	1.01356	0.911065	0.701388	0.856767	0.864327	0.60673	0.991947	0.6615	0.659138	1.20245	1.17545	0.896203	0.982491	0.632817	0.632842	0.791995	0.849969	0.632169	0.669782	1.04606	0.971581	0.724329	1.0011	0.898904	1.22158	1.34723	0.633302	0.69923	0.632005	1.29025	0.59739	0.974095	0.861804	1.30838	0.659745	1.06014	0.634956	0.647043	0.647592	0.93517	1.03028	0.860839	0.802654	0.807448	0.83353	0.631716	0.983813	1.07916	1.35652	0.63468	0.634645	0.657458	0.657473	0.673921	0.726758	0.778903	0.839041	0.694602	0.717725	0.875516	0.824789	0.633414	1.15102	0.964116	0.639662	0.63534	0.633877	0.777106	0.219698	1.28629	0.610748	0.961171	0.657628	0.637526	0.86999	0.634974	0.635059	0.596018	0.614752	
0.585	0.878907	1.01366	0.911197	0.701523	0.85689	0.864405	0.606673	0.991897	0.661343	0.658986	1.20247	1.17542	0.896095	0.982409	0.632718	0.632744	0.792293	0.849896	0.632069	0.669797	1.04594	0.971469	0.72419	1.00112	0.898867	1.2215	1.34717	0.6332	0.699218	0.631906	1.2902	0.597336	0.974157	0.86147	1.30946	0.659592	1.06011	0.634853	0.646917	0.647465	0.935134	1.03018	0.860777	0.802596	0.807361	0.833483	0.631617	0.983704	1.07918	1.35655	0.634576	0.63454	0.657309	0.657324	0.67396	0.72679	0.778867	0.839177	0.694733	0.717828	0.875632	0.824939	0.633312	1.15099	0.963975	0.63959	0.635234	0.633775	0.777013	0.219811	1.28628	0.61084	0.961247	0.657449	0.637416	0.870064	0.634868	0.634955	0.595709	0.614595	
0.59	0.878985	1.01377	0.911342	0.701669	0.857025	0.864492	0.606617	0.991842	0.661186	0.658834	1.20249	1.17543	0.89598	0.982329	0.632619	0.632645	0.792611	0.84982	0.631969	0.669817	1.04582	0.97135	0.724043	1.00115	0.898828	1.22141	1.34712	0.633098	0.699206	0.631807	1.29013	0.597287	0.974221	0.8611	1.31106	0.659439	1.06011	0.63475	0.646792	0.647338	0.935096	1.03009	0.860719	0.802544	0.807278	0.833448	0.631518	0.983567	1.07919	1.35658	0.634471	0.634436	0.65716	0.657175	0.674003	0.726829	0.778844	0.839314	0.694865	0.717957	0.875746	0.82509	0.633211	1.15096	0.963842	0.639519	0.635128	0.633672	0.776935	0.219925	1.28626	0.610902	0.9613	0.657249	0.637306	0.870133	0.634764	0.634852	0.595436	0.614387	
0.595	0.879076	1.0139	0.911504	0.70183	0.857174	0.864596	0.606562	0.991779	0.66103	0.658682	1.20253	1.17544	0.895859	0.98225	0.632521	0.632546	0.7929	0.849742	0.63187	0.669856	1.0457	0.971226	0.723916	1.00117	0.898793	1.22131	1.34705	0.632997	0.6992	0.631708	1.28995	0.597243	0.974287	0.860698	1.31355	0.659287	1.06013	0.634647	0.646666	0.647212	0.935049	1.03002	0.860665	0.802498	0.807199	0.833411	0.631419	0.983405	1.07919	1.3566	0.634367	0.634332	0.657012	0.657027	0.674052	0.726875	0.778835	0.839451	0.695	0.718101	0.875858	0.825238	0.63311	1.15092	0.963748	0.639448	0.635023	0.63357	0.776881	0.220039	1.28623	0.611009	0.961393	0.657049	0.637197	0.870196	0.634659	0.634748	0.595232	0.614093	
0.6	0.879177	1.01406	0.911682	0.702007	0.857339	0.864722	0.606509	0.991706	0.660875	0.658531	1.20256	1.17544	0.89573	0.982173	0.632423	0.632448	0.793134	0.849662	0.631771	0.669929	1.04557	0.971098	0.723807	1.0012	0.898763	1.2212	1.34698	0.632896	0.699203	0.631609	1.28961	0.597201	0.974353	0.860284	1.31688	0.659134	1.06015	0.634544	0.646541	0.647086	0.935005	1.02994	0.860618	0.802462	0.807125	0.833372	0.631321	0.983236	1.07919	1.35661	0.634263	0.634228	0.656864	0.656879	0.674106	0.726929	0.778842	0.839588	0.695136	0.718248	0.875968	0.825385	0.633009	1.15087	0.963678	0.639378	0.634918	0.633468	0.776838	0.220152	1.2862	0.611122	0.961489	0.656859	0.637087	0.870252	0.634554	0.634645	0.595058	0.613747	
0.605	0.879283	1.01425	0.911872	0.702197	0.857514	0.864861	0.606455	0.991625	0.660719	0.65838	1.20261	1.17544	0.895593	0.982098	0.632324	0.63235	0.793334	0.84958	0.631671	0.670022	1.04543	0.970967	0.723707	1.00121	0.898734	1.22107	1.34689	0.632795	0.699208	0.631511	1.28921	0.597161	0.974418	0.859871	1.32063	0.658983	1.06016	0.634441	0.646416	0.64696	0.934977	1.02986	0.860576	0.802435	0.807056	0.833342	0.631223	0.983074	1.07918	1.35662	0.634159	0.634124	0.656716	0.656731	0.674168	0.726992	0.778868	0.839723	0.695273	0.718395	0.876075	0.825529	0.632908	1.1508	0.963601	0.639308	0.634813	0.633367	0.776788	0.220266	1.28617	0.611236	0.961583	0.656683	0.636978	0.870301	0.63445	0.634542	0.594858	0.613408	
0.61	0.879391	1.01444	0.912067	0.702398	0.857695	0.865007	0.606402	0.991534	0.660564	0.65823	1.20267	1.17545	0.895448	0.982025	0.632226	0.632252	0.793504	0.849497	0.631573	0.67013	1.04529	0.970833	0.723609	1.0011	0.898703	1.22092	1.3468	0.632694	0.699216	0.631413	1.28877	0.597122	0.974484	0.85946	1.3242	0.658831	1.06019	0.634339	0.646292	0.646834	0.934952	1.02979	0.860541	0.802419	0.806993	0.833317	0.631125	0.98292	1.07917	1.35663	0.634055	0.63402	0.656569	0.656584	0.674236	0.727066	0.778914	0.839859	0.695412	0.718541	0.876179	0.825671	0.632808	1.15073	0.963509	0.639238	0.634708	0.633265	0.77673	0.220379	1.28614	0.611324	0.961654	0.656517	0.636869	0.870343	0.634346	0.634439	0.59461	0.613122	
0.615	0.879497	1.01462	0.912265	0.702612	0.857878	0.865154	0.606349	0.991434	0.660409	0.658079	1.20274	1.17547	0.895295	0.981952	0.632129	0.632154	0.793675	0.849413	0.631474	0.670244	1.04515	0.970696	0.723511	1.00091	0.898666	1.22076	1.3467	0.632593	0.699221	0.631314	1.28834	0.597084	0.974548	0.859064	1.32701	0.65868	1.06022	0.634237	0.646167	0.646708	0.93492	1.02974	0.860513	0.802415	0.806935	0.833298	0.631027	0.982767	1.07915	1.35663	0.633952	0.633917	0.656422	0.656437	0.674313	0.72715	0.778981	0.839995	0.695554	0.718687	0.876282	0.825813	0.632708	1.15067	0.963408	0.63917	0.634603	0.633164	0.776671	0.220492	1.2861	0.611375	0.961696	0.656359	0.636761	0.870376	0.634242	0.634336	0.594346	0.612875	
0.62	0.879598	1.01478	0.912467	0.702838	0.85806	0.865292	0.606296	0.991324	0.660254	0.657929	1.20282	1.17549	0.895134	0.981882	0.632031	0.632056	0.793902	0.849328	0.631375	0.670344	1.045	0.970556	0.72341	1.00075	0.898603	1.22058	1.34658	0.632493	0.699213	0.631217	1.28799	0.597046	0.974614	0.858696	1.32887	0.658529	1.06026	0.634135	0.646043	0.646583	0.934881	1.0297	0.860491	0.802422	0.806883	0.833284	0.630929	0.982615	1.07912	1.35662	0.633849	0.633814	0.656275	0.65629	0.674399	0.727247	0.77907	0.840133	0.695699	0.718838	0.876384	0.825954	0.632607	1.1506	0.963312	0.639102	0.634499	0.633062	0.776619	0.220606	1.28606	0.611389	0.961712	0.656205	0.636652	0.870402	0.634138	0.634233	0.594096	0.612639	
0.625	0.879691	1.0149	0.912676	0.703077	0.858241	0.865417	0.606244	0.991205	0.6601	0.65778	1.20291	1.17552	0.894965	0.981814	0.631934	0.631959	0.794209	0.849241	0.631277	0.670429	1.04485	0.970413	0.723308	1.00067	0.898513	1.22038	1.34645	0.632393	0.699191	0.631119	1.28774	0.597008	0.974679	0.858357	1.32992	0.658378	1.06032	0.634033	0.645919	0.646458	0.934833	1.02966	0.860476	0.802442	0.806834	0.833272	0.630831	0.982469	1.07909	1.35661	0.633746	0.633711	0.656129	0.656144	0.674495	0.727356	0.779182	0.840274	0.69585	0.718998	0.876486	0.826097	0.632507	1.15054	0.963216	0.639034	0.634394	0.632962	0.776571	0.220719	1.28601	0.611382	0.961713	0.656055	0.636544	0.870419	0.634034	0.634131	0.593868	0.6124	
0.63	0.879781	1.01501	0.912885	0.70333	0.858419	0.865529	0.606191	0.991076	0.659946	0.65763	1.20302	1.17558	0.894788	0.98175	0.631836	0.631862	0.794625	0.849153	0.631179	0.670493	1.04469	0.970265	0.723212	1.00065	0.898425	1.22016	1.34631	0.632293	0.699158	0.631021	1.28759	0.59697	0.974746	0.858043	1.33046	0.658228	1.06041	0.633931	0.645795	0.646333	0.934778	1.0296	0.860467	0.802473	0.80679	0.833256	0.630734	0.982327	1.07905	1.35659	0.633643	0.633608	0.655982	0.655997	0.674601	0.72748	0.779319	0.840419	0.696008	0.719166	0.876589	0.826244	0.632408	1.15047	0.963106	0.638966	0.63429	0.632861	0.776512	0.220833	1.28595	0.611358	0.9617	0.655907	0.636436	0.87043	0.633931	0.634028	0.593636	0.612172	
0.635	0.879866	1.01509	0.913095	0.703599	0.858596	0.865628	0.606139	0.990937	0.659792	0.657481	1.20314	1.17566	0.894604	0.981689	0.631739	0.631765	0.795139	0.849063	0.631081	0.670538	1.04453	0.970113	0.723117	1.00066	0.898328	1.21992	1.34617	0.632193	0.699113	0.630924	1.28753	0.596933	0.974814	0.85776	1.33071	0.658078	1.06052	0.63383	0.645672	0.646209	0.934716	1.02949	0.860464	0.802517	0.806749	0.833224	0.630637	0.98219	1.079	1.35657	0.63354	0.633506	0.655836	0.655851	0.67472	0.727619	0.77948	0.840571	0.696175	0.71934	0.876695	0.826395	0.632308	1.15038	0.962997	0.638898	0.634187	0.63276	0.776448	0.220946	1.28589	0.611349	0.961698	0.65576	0.636328	0.870432	0.633828	0.633926	0.59337	0.611973	
0.64	0.879945	1.01514	0.913306	0.703884	0.858771	0.865713	0.606087	0.990788	0.659639	0.657332	1.20327	1.17575	0.894414	0.981633	0.631643	0.631668	0.795756	0.848971	0.630983	0.670561	1.04436	0.969955	0.723008	1.00074	0.898203	1.21967	1.34601	0.632093	0.699048	0.630827	1.28755	0.596895	0.974884	0.857516	1.33073	0.657928	1.06067	0.633729	0.645548	0.646084	0.934648	1.02936	0.860466	0.802574	0.806709	0.833182	0.63054	0.982065	1.07894	1.35655	0.633438	0.633403	0.655691	0.655706	0.674851	0.727774	0.779668	0.840732	0.696353	0.719524	0.876805	0.826554	0.632209	1.1503	0.9629	0.638829	0.634083	0.63266	0.77639	0.22106	1.28582	0.611363	0.96171	0.655614	0.63622	0.870428	0.633725	0.633825	0.593081	0.611816	
0.645	0.880018	1.01516	0.913521	0.704187	0.858945	0.865785	0.606035	0.990628	0.659486	0.657184	1.20341	1.17586	0.894218	0.981583	0.631546	0.631571	0.796452	0.848878	0.630886	0.670565	1.04418	0.969792	0.722893	1.00085	0.898061	1.2194	1.34584	0.631993	0.698969	0.63073	1.28763	0.596858	0.974956	0.857318	1.3306	0.657779	1.06084	0.633628	0.645425	0.64596	0.934573	1.02921	0.860473	0.802642	0.806671	0.833138	0.630443	0.981966	1.07888	1.35651	0.633335	0.633301	0.655545	0.65556	0.674996	0.727948	0.779883	0.840903	0.696543	0.719725	0.876922	0.826723	0.63211	1.15022	0.962814	0.638758	0.633979	0.63256	0.776341	0.221173	1.28575	0.611442	0.961769	0.655468	0.636113	0.870417	0.633622	0.633723	0.592821	0.611656	
0.65	0.880089	1.01514	0.913745	0.70451	0.859122	0.865852	0.605982	0.990457	0.659333	0.657035	1.20357	1.17598	0.894018	0.98154	0.631449	0.631474	0.797166	0.848783	0.630788	0.670566	1.044	0.969622	0.722787	1.00098	0.897902	1.21911	1.34566	0.631894	0.69888	0.630633	1.28769	0.596821	0.975033	0.857157	1.33035	0.657629	1.06103	0.633527	0.645303	0.645837	0.934492	1.02906	0.860484	0.802724	0.806634	0.83309	0.630347	0.981897	1.07881	1.35648	0.633233	0.633199	0.6554	0.655415	0.675158	0.72814	0.780127	0.841089	0.696749	0.719946	0.877047	0.826903	0.632011	1.15015	0.96273	0.638685	0.633876	0.632459	0.776296	0.221286	1.28568	0.611603	0.961887	0.655323	0.636006	0.8704	0.633519	0.633621	0.592623	0.611458	
0.655	0.88016	1.01511	0.913976	0.704854	0.859308	0.865923	0.60593	0.990274	0.659181	0.656887	1.20375	1.17611	0.893814	0.981507	0.631353	0.631378	0.797845	0.848687	0.630691	0.670582	1.04381	0.969448	0.72269	1.00108	0.897729	1.2188	1.34547	0.631795	0.698786	0.630536	1.28768	0.596784	0.975113	0.857028	1.33003	0.657481	1.06124	0.633426	0.64518	0.645713	0.934402	1.02888	0.8605	0.802818	0.806596	0.833034	0.63025	0.981846	1.07873	1.35644	0.633131	0.633097	0.655255	0.65527	0.675336	0.728355	0.780401	0.84129	0.696973	0.720181	0.877182	0.827099	0.631912	1.15007	0.962645	0.63861	0.633773	0.63236	0.77625	0.2214	1.2856	0.611816	0.96204	0.655179	0.635899	0.870378	0.633417	0.63352	0.592482	0.611219	
0.66	0.880234	1.01507	0.914217	0.70522	0.859501	0.866003	0.605879	0.990079	0.659029	0.65674	1.20393	1.17626	0.893607	0.981483	0.631257	0.631282	0.798488	0.848592	0.630594	0.670617	1.04362	0.969269	0.722612	1.00116	0.897551	1.21848	1.34527	0.631696	0.698689	0.63044	1.28757	0.596747	0.975198	0.856938	1.32973	0.657332	1.06147	0.633326	0.645058	0.64559	0.934282	1.02869	0.860519	0.802926	0.806556	0.832959	0.630154	0.981806	1.07865	1.35639	0.63303	0.632996	0.655111	0.655126	0.675533	0.728592	0.780707	0.841511	0.697218	0.720421	0.87733	0.827312	0.631813	1.14998	0.962564	0.638531	0.63367	0.63226	0.776204	0.221513	1.28551	0.612063	0.962211	0.655035	0.635792	0.870351	0.633315	0.633419	0.592361	0.610964	
0.665	0.880307	1.01501	0.914467	0.705611	0.859701	0.866083	0.605827	0.989873	0.658877	0.656592	1.20414	1.17643	0.893398	0.981471	0.631161	0.631186	0.799146	0.848499	0.630497	0.670656	1.04342	0.969087	0.722548	1.00123	0.897359	1.21814	1.34506	0.631597	0.698585	0.630344	1.28744	0.59671	0.97529	0.856906	1.32942	0.657184	1.06173	0.633225	0.644936	0.645466	0.934128	1.02847	0.860543	0.803047	0.806515	0.832866	0.630058	0.981769	1.07856	1.35635	0.632928	0.632894	0.654967	0.654982	0.675751	0.728854	0.781048	0.841753	0.697486	0.72066	0.877491	0.827545	0.631715	1.14988	0.962481	0.638448	0.633567	0.632161	0.77615	0.221626	1.28541	0.612344	0.9624	0.654891	0.635685	0.87032	0.633213	0.633318	0.592228	0.610716	
0.67	0.880375	1.01493	0.914727	0.706028	0.859904	0.866154	0.605775	0.989653	0.658725	0.656445	1.20435	1.17662	0.893186	0.981472	0.631065	0.63109	0.799859	0.84841	0.630401	0.670684	1.04323	0.968904	0.722487	1.00128	0.897143	1.21778	1.34485	0.631499	0.698466	0.630248	1.28732	0.596673	0.975388	0.85694	1.32903	0.657036	1.06202	0.633125	0.644814	0.645344	0.933946	1.0282	0.86057	0.803184	0.806471	0.832759	0.629962	0.981734	1.07845	1.35629	0.632827	0.632793	0.654823	0.654838	0.675991	0.729145	0.781427	0.84202	0.697778	0.720915	0.877668	0.827799	0.631616	1.14978	0.962381	0.638359	0.633465	0.632061	0.776079	0.22174	1.2853	0.612679	0.962623	0.654747	0.635579	0.870285	0.633111	0.633218	0.592075	0.610491	
0.675	0.880437	1.01482	0.914997	0.706472	0.860111	0.866215	0.605723	0.98942	0.658574	0.656299	1.20458	1.17683	0.892972	0.981487	0.63097	0.630994	0.80065	0.848328	0.630304	0.670701	1.04303	0.968723	0.72243	1.00131	0.896902	1.21741	1.34462	0.6314	0.69833	0.630152	1.28727	0.596636	0.975494	0.857048	1.32849	0.656888	1.06233	0.633025	0.644692	0.645221	0.933743	1.02789	0.860603	0.803338	0.806425	0.832639	0.629866	0.981695	1.07834	1.35624	0.632726	0.632692	0.654679	0.654694	0.676256	0.729466	0.781849	0.842315	0.698099	0.721196	0.877863	0.828078	0.631518	1.14966	0.962252	0.638264	0.633363	0.631962	0.775984	0.221853	1.28517	0.613092	0.9629	0.654604	0.635473	0.870247	0.633009	0.633117	0.591912	0.610288	
0.68	0.880489	1.01469	0.915267	0.706946	0.860315	0.866265	0.605672	0.989173	0.658423	0.656152	1.20483	1.17706	0.892757	0.981516	0.630874	0.630899	0.801505	0.848255	0.630208	0.670715	1.04284	0.968548	0.722393	1.00133	0.896647	1.21702	1.34439	0.631302	0.69818	0.630056	1.28721	0.596599	0.975609	0.857229	1.32738	0.65674	1.06268	0.632926	0.644571	0.645099	0.933527	1.02753	0.860641	0.80351	0.806377	0.832508	0.629771	0.98166	1.07823	1.35618	0.632625	0.632591	0.654535	0.654551	0.676548	0.729821	0.782316	0.842639	0.69845	0.721504	0.878077	0.828384	0.63142	1.14951	0.962089	0.638162	0.633261	0.631863	0.775861	0.221966	1.28502	0.613634	0.963245	0.654461	0.635366	0.870207	0.632908	0.633017	0.591769	0.610077	
0.685	0.880526	1.0145	0.915529	0.707449	0.860509	0.8663	0.60562	0.988912	0.658272	0.656006	1.2051	1.1773	0.892538	0.98156	0.630779	0.630804	0.802387	0.848194	0.630112	0.670738	1.04266	0.968383	0.722403	1.00134	0.896368	1.21661	1.34415	0.631204	0.698013	0.62996	1.2871	0.596562	0.975734	0.857479	1.32531	0.656593	1.06305	0.632826	0.644449	0.644976	0.933308	1.02715	0.860685	0.803704	0.806327	0.832372	0.629675	0.981636	1.0781	1.35611	0.632524	0.632491	0.654392	0.654408	0.676869	0.730212	0.782834	0.842996	0.698833	0.721839	0.878311	0.828717	0.631323	1.14936	0.961902	0.638053	0.633159	0.631765	0.775722	0.222079	1.28487	0.614337	0.96367	0.654318	0.635261	0.870165	0.632807	0.632917	0.591662	0.609834	
0.69	0.880546	1.01427	0.91579	0.707985	0.860696	0.866322	0.605566	0.988635	0.658122	0.65586	1.20538	1.17757	0.892317	0.981618	0.630684	0.630708	0.803286	0.84815	0.630016	0.67078	1.04248	0.968232	0.722478	1.00134	0.896062	1.21617	1.34389	0.631106	0.697828	0.629865	1.28691	0.596526	0.97587	0.857791	1.32237	0.656446	1.06344	0.632727	0.644329	0.644854	0.933079	1.02677	0.860737	0.80392	0.806276	0.832224	0.62958	0.981624	1.07796	1.35605	0.632424	0.63239	0.654249	0.654265	0.677222	0.730643	0.783408	0.843387	0.69925	0.72219	0.878567	0.82908	0.631225	1.1492	0.961702	0.637935	0.633057	0.631666	0.775574	0.222193	1.2847	0.615172	0.964157	0.654176	0.635155	0.870122	0.632706	0.632817	0.591532	0.609599	
0.695	0.880556	1.01399	0.916058	0.708555	0.860888	0.866337	0.6055	0.988342	0.657972	0.655714	1.20568	1.17785	0.892092	0.98169	0.630589	0.630614	0.80421	0.848123	0.62992	0.670849	1.04232	0.9681	0.722634	1.00132	0.895736	1.21572	1.34362	0.631009	0.697631	0.62977	1.28666	0.596489	0.976018	0.858168	1.31894	0.6563	1.06387	0.632628	0.644208	0.644733	0.932831	1.02637	0.860798	0.804163	0.806224	0.832055	0.629485	0.981623	1.07782	1.35598	0.632323	0.63229	0.654107	0.654122	0.677608	0.731117	0.784043	0.843815	0.699702	0.722541	0.878845	0.829473	0.631128	1.14901	0.961498	0.637807	0.632955	0.631568	0.775419	0.222306	1.28451	0.61609	0.964682	0.654034	0.63505	0.870077	0.632605	0.632717	0.591318	0.609409	
0.7	0.880562	1.01371	0.916348	0.70916	0.861086	0.866355	0.605413	0.988032	0.657822	0.655569	1.206	1.17816	0.891862	0.981776	0.630494	0.630519	0.805162	0.848119	0.629825	0.670954	1.04217	0.96799	0.722846	1.0013	0.895386	1.21523	1.34333	0.630911	0.697422	0.629675	1.28637	0.596452	0.976178	0.858623	1.3153	0.656154	1.06433	0.632529	0.644087	0.644611	0.932569	1.02596	0.86087	0.804436	0.806175	0.831862	0.62939	0.981636	1.07767	1.3559	0.632223	0.63219	0.653965	0.65398	0.678031	0.731637	0.784746	0.844282	0.700191	0.722879	0.879146	0.829897	0.631031	1.14882	0.961292	0.63767	0.632854	0.63147	0.775255	0.222419	1.28432	0.617038	0.965212	0.653892	0.634944	0.870031	0.632504	0.632617	0.591066	0.609239	
0.705	0.880561	1.01342	0.916661	0.709801	0.861294	0.866371	0.605317	0.987704	0.657672	0.655424	1.20635	1.17849	0.891627	0.981876	0.6304	0.630424	0.806151	0.848139	0.629729	0.671097	1.04204	0.967909	0.723076	1.00126	0.895025	1.21471	1.34302	0.630814	0.697205	0.62958	1.28605	0.596416	0.976351	0.859162	1.3116	0.656008	1.06483	0.63243	0.643967	0.64449	0.932297	1.02553	0.860955	0.804741	0.806127	0.831649	0.629296	0.981665	1.07751	1.35582	0.632123	0.63209	0.653823	0.653838	0.678492	0.732206	0.785521	0.844789	0.700716	0.723201	0.879471	0.830353	0.630934	1.14862	0.961088	0.637521	0.632753	0.631372	0.775083	0.222532	1.28411	0.617987	0.965733	0.653751	0.634839	0.869984	0.632404	0.632518	0.590846	0.609055	
0.71	0.880546	1.01311	0.916997	0.710481	0.861507	0.866381	0.605225	0.987356	0.657523	0.655279	1.20671	1.17884	0.891385	0.98199	0.630305	0.630277	0.807168	0.848185	0.629634	0.671281	1.04194	0.967859	0.72331	1.00121	0.894631	1.21416	1.3427	0.630717	0.696972	0.629485	1.2857	0.596379	0.976538	0.859779	1.30792	0.655862	1.06536	0.632331	0.643847	0.644369	0.932014	1.02509	0.861055	0.805083	0.806085	0.831419	0.629201	0.981719	1.07734	1.35574	0.632024	0.631991	0.653681	0.653696	0.678994	0.732826	0.786374	0.845336	0.701279	0.72352	0.879818	0.830839	0.630837	1.14843	0.960884	0.637361	0.632652	0.631274	0.774905	0.215316	1.28388	0.618894	0.96622	0.653609	0.634735	0.869936	0.632304	0.632419	0.590682	0.608879	
0.715	0.880504	1.01275	0.917334	0.711199	0.861709	0.866374	0.605111	0.986988	0.657374	0.655134	1.20711	1.17922	0.891135	0.982117	0.630211	0.630492	0.808276	0.848259	0.629539	0.671519	1.04185	0.967846	0.723554	1.00115	0.894197	1.21357	1.34234	0.63062	0.696715	0.629391	1.28532	0.596343	0.976739	0.86046	1.30427	0.655717	1.06593	0.632233	0.643727	0.644248	0.931726	1.02463	0.861172	0.805465	0.806049	0.83118	0.629107	0.981794	1.07715	1.35566	0.631924	0.631891	0.653539	0.653555	0.679536	0.7335	0.78731	0.845924	0.701878	0.723846	0.880188	0.831355	0.63074	1.14826	0.960676	0.637189	0.632551	0.631176	0.77472	0.215318	1.28364	0.619762	0.966677	0.653468	0.63463	0.869888	0.632203	0.63232	0.590527	0.608734	
0.72	0.880455	1.01237	0.917698	0.711959	0.861926	0.866367	0.604944	0.986599	0.657226	0.65499	1.20753	1.17962	0.890876	0.982258	0.630117	0.63109	0.809385	0.848363	0.629444	0.671815	1.04178	0.967872	0.723833	1.00107	0.893744	1.21294	1.34197	0.630523	0.696448	0.629297	1.28491	0.596307	0.976954	0.861194	1.30071	0.655571	1.06653	0.632135	0.643608	0.644128	0.931429	1.02415	0.861308	0.80589	0.806022	0.830929	0.629013	0.981905	1.07696	1.35557	0.631825	0.631792	0.653398	0.653414	0.680122	0.734231	0.788335	0.846552	0.702514	0.724178	0.880578	0.831899	0.630644	1.14809	0.960471	0.637004	0.632451	0.631079	0.774535	0.215322	1.28339	0.620676	0.967169	0.653328	0.634526	0.869839	0.632104	0.632221	0.59034	0.608603	
0.725	0.880394	1.01198	0.918091	0.71276	0.862152	0.866359	0.604749	0.986186	0.657077	0.654846	1.20798	1.18005	0.890608	0.982413	0.630023	0.631836	0.810513	0.848496	0.62935	0.672183	1.04173	0.96794	0.724168	1.00097	0.893281	1.21226	1.34156	0.630427	0.696174	0.629203	1.28448	0.59627	0.977184	0.861973	1.29726	0.655427	1.06718	0.632037	0.643489	0.644007	0.931125	1.02366	0.861466	0.806363	0.806008	0.83067	0.628919	0.982055	1.07676	1.35547	0.631725	0.631693	0.653257	0.653273	0.680751	0.73502	0.789453	0.847219	0.703185	0.724516	0.880989	0.832469	0.630548	1.14791	0.960262	0.636806	0.63235	0.630982	0.774342	0.215328	1.28312	0.621622	0.967678	0.653187	0.634421	0.869789	0.632004	0.632122	0.590151	0.608462	
0.73	0.880314	1.01158	0.918512	0.713604	0.862382	0.866346	0.604564	0.985749	0.656929	0.654703	1.20847	1.18051	0.89033	0.982581	0.62993	0.632619	0.811692	0.848657	0.629255	0.672631	1.0417	0.968053	0.72458	1.00085	0.892785	1.21152	1.34112	0.630331	0.695883	0.629109	1.28401	0.596234	0.977428	0.862809	1.29395	0.655282	1.06787	0.631939	0.643369	0.643887	0.930819	1.02316	0.86165	0.806887	0.805995	0.830405	0.628825	0.982228	1.07654	1.35537	0.631626	0.631594	0.653117	0.653132	0.681425	0.735868	0.79067	0.847924	0.703889	0.724864	0.881417	0.833064	0.630452	1.14772	0.960053	0.636593	0.63225	0.630884	0.774146	0.215337	1.28282	0.622635	0.968234	0.653047	0.634317	0.869739	0.631904	0.632024	0.589997	0.608299	
0.735	0.88021	1.01114	0.918955	0.714493	0.862614	0.866323	0.604409	0.985287	0.656782	0.654559	1.209	1.18101	0.890041	0.982763	0.629836	0.633448	0.812951	0.848847	0.629161	0.673157	1.0417	0.968213	0.725087	1.00072	0.892253	1.21073	1.34065	0.630234	0.695571	0.629015	1.28352	0.596198	0.977686	0.863715	1.29075	0.655138	1.06861	0.631841	0.643251	0.643767	0.930527	1.02267	0.861861	0.807466	0.805938	0.830147	0.628732	0.982431	1.07632	1.35527	0.631528	0.631495	0.652976	0.652992	0.682145	0.736776	0.79199	0.848664	0.704624	0.725224	0.881861	0.833679	0.630356	1.14754	0.95983	0.636364	0.63215	0.630788	0.77394	0.215402	1.2825	0.6237	0.968833	0.652907	0.634214	0.869688	0.631805	0.631926	0.589861	0.608141	
0.74	0.880081	1.01067	0.919421	0.715426	0.862845	0.866284	0.60428	0.984799	0.656634	0.654416	1.20956	1.18154	0.889741	0.982962	0.629743	0.634348	0.814316	0.849063	0.629067	0.673759	1.0417	0.968419	0.725699	1.00056	0.891686	1.20988	1.34014	0.630138	0.695237	0.628921	1.28299	0.596162	0.977958	0.864701	1.28766	0.654994	1.0694	0.631744	0.643132	0.643648	0.930256	1.0222	0.862103	0.808105	0.805853	0.829903	0.628638	0.982646	1.07608	1.35516	0.631429	0.631396	0.652836	0.652852	0.68291	0.737746	0.793416	0.849437	0.705387	0.725593	0.882317	0.834311	0.63026	1.14738	0.959582	0.636118	0.63205	0.630691	0.773721	0.215506	1.28215	0.624811	0.969481	0.652768	0.63411	0.869636	0.631706	0.631828	0.589718	0.608011	
0.745	0.879923	1.01016	0.919907	0.716406	0.863072	0.866232	0.604106	0.984283	0.656487	0.654273	1.21017	1.1821	0.889431	0.983179	0.62965	0.635323	0.815786	0.849303	0.628973	0.674456	1.04173	0.968673	0.726429	1.00037	0.891082	1.20896	1.33958	0.630043	0.69488	0.628828	1.28243	0.596126	0.978242	0.865755	1.28461	0.65485	1.07024	0.631646	0.643014	0.643528	0.930007	1.02175	0.86238	0.808806	0.805793	0.829671	0.628545	0.982891	1.07582	1.35504	0.63133	0.631298	0.652697	0.652712	0.68372	0.738778	0.794954	0.850239	0.706176	0.725964	0.882782	0.834955	0.630164	1.14723	0.9593	0.635856	0.631951	0.630594	0.773481	0.215622	1.28177	0.625951	0.970168	0.652628	0.634007	0.869584	0.631607	0.63173	0.589586	0.607886	
0.75	0.879731	1.00958	0.920411	0.717433	0.863291	0.866164	0.60386	0.98374	0.65634	0.654131	1.21083	1.1827	0.889109	0.983414	0.629557	0.63637	0.817345	0.849562	0.628879	0.675259	1.04175	0.968973	0.727284	1.00016	0.890435	1.20797	1.33899	0.629947	0.694498	0.628735	1.28183	0.59609	0.978539	0.866867	1.28153	0.654707	1.07114	0.631549	0.642895	0.643409	0.929777	1.02131	0.862694	0.809573	0.805767	0.829451	0.628452	0.983163	1.07555	1.35492	0.631232	0.6312	0.652557	0.652572	0.684574	0.739872	0.796606	0.851066	0.706986	0.726333	0.883253	0.835608	0.630069	1.14707	0.958985	0.6356	0.631851	0.630498	0.773219	0.215739	1.28136	0.627084	0.970869	0.652489	0.633903	0.869529	0.631508	0.631632	0.589483	0.607754	
0.755	0.879502	1.00895	0.920928	0.718507	0.8635	0.866078	0.603557	0.98317	0.656193	0.653988	1.21154	1.18333	0.888777	0.98367	0.629464	0.637492	0.818987	0.849839	0.628785	0.676178	1.04179	0.969318	0.728271	0.999919	0.889744	1.2069	1.33835	0.629852	0.694088	0.628642	1.2812	0.596054	0.978846	0.868027	1.27844	0.654563	1.07209	0.631452	0.642777	0.64329	0.929567	1.0209	0.863048	0.810411	0.805771	0.829245	0.628359	0.983419	1.07526	1.35479	0.631134	0.631102	0.652418	0.652433	0.685474	0.741027	0.798377	0.851913	0.707815	0.726699	0.883725	0.836264	0.629974	1.14692	0.958647	0.63537	0.631752	0.630402	0.772942	0.215855	1.28089	0.628158	0.971545	0.65235	0.6338	0.869472	0.63141	0.631534	0.589407	0.607612	
0.76	0.879238	1.00824	0.921462	0.719631	0.863699	0.865976	0.603251	0.98258	0.656047	0.653846	1.2123	1.18402	0.888434	0.983949	0.629371	0.63869	0.820707	0.850126	0.628692	0.677223	1.04182	0.969705	0.729396	0.999651	0.889006	1.20576	1.33766	0.629756	0.69365	0.628549	1.28054	0.596018	0.979163	0.869227	1.27535	0.654421	1.07311	0.631355	0.64266	0.643172	0.929384	1.02051	0.863447	0.811324	0.80583	0.829057	0.628266	0.983657	1.07495	1.35465	0.631036	0.631004	0.652279	0.652294	0.686417	0.742244	0.800268	0.852776	0.708658	0.727068	0.884194	0.836918	0.629852	1.14676	0.958275	0.635179	0.631653	0.630306	0.772645	0.215969	1.28039	0.629121	0.972168	0.652212	0.633697	0.869411	0.631311	0.631437	0.589336	0.607482	
0.765	0.878941	1.00747	0.922016	0.720804	0.863894	0.865863	0.602979	0.981988	0.655901	0.653705	1.21311	1.18475	0.888083	0.984253	0.629279	0.639966	0.822519	0.850421	0.628599	0.678402	1.04185	0.970131	0.730662	0.999353	0.888224	1.20453	1.33692	0.629661	0.693188	0.628456	1.27983	0.595982	0.979489	0.870489	1.27231	0.654278	1.07419	0.631259	0.642542	0.643053	0.929228	1.02012	0.863893	0.812314	0.805955	0.828891	0.628174	0.983856	1.07462	1.3545	0.630938	0.630906	0.65214	0.652156	0.687403	0.743521	0.802283	0.853649	0.709513	0.727445	0.884656	0.837565	0.630088	1.14659	0.957844	0.635018	0.631554	0.63021	0.772313	0.216083	1.27985	0.629965	0.972728	0.652074	0.633595	0.869345	0.631213	0.63134	0.58925	0.607375	
0.77	0.878605	1.00663	0.922594	0.722028	0.864082	0.865737	0.602655	0.981453	0.655755	0.653563	1.21399	1.18553	0.887723	0.984587	0.629187	0.641322	0.824431	0.850715	0.628505	0.679719	1.04186	0.97059	0.732072	0.999024	0.887389	1.20321	1.33613	0.629566	0.692699	0.628364	1.27909	0.595946	0.979822	0.871833	1.2693	0.654136	1.07535	0.631162	0.642425	0.642935	0.929105	1.01974	0.864389	0.813384	0.806141	0.828747	0.628082	0.983993	1.07427	1.35433	0.630841	0.630809	0.652002	0.652017	0.688431	0.744858	0.804424	0.854528	0.710374	0.727821	0.885107	0.838199	0.630781	1.14643	0.957359	0.634881	0.631456	0.630115	0.771946	0.216197	1.27926	0.630759	0.973265	0.651936	0.633492	0.869272	0.631115	0.631243	0.589164	0.607273	
0.775	0.878228	1.00573	0.923192	0.723305	0.86426	0.865596	0.602204	0.980958	0.65561	0.653422	1.21493	1.18638	0.887356	0.984952	0.629095	0.642759	0.826444	0.851004	0.628413	0.68118	1.04185	0.971078	0.733624	0.998664	0.8865	1.20181	1.33529	0.629472	0.692179	0.628271	1.2783	0.59591	0.980161	0.873272	1.26632	0.653994	1.07659	0.631066	0.642308	0.642817	0.929014	1.01937	0.864939	0.814539	0.806377	0.82863	0.627989	0.98408	1.0739	1.35416	0.630744	0.630712	0.651863	0.651879	0.689499	0.746253	0.806693	0.855405	0.711238	0.728202	0.885541	0.838815	0.631694	1.14627	0.956833	0.634763	0.631357	0.630019	0.771557	0.216311	1.27861	0.631624	0.973855	0.651798	0.63339	0.869191	0.631017	0.631146	0.589094	0.60716	
0.78	0.877815	1.00475	0.923817	0.724634	0.864437	0.865445	0.60165	0.980197	0.655465	0.653281	1.21592	1.18727	0.886983	0.985352	0.629003	0.644276	0.828543	0.85128	0.62832	0.682789	1.04181	0.971587	0.735319	0.998273	0.885556	1.20032	1.33439	0.629377	0.691629	0.628179	1.27748	0.595875	0.980504	0.874806	1.26337	0.653852	1.07791	0.63097	0.642191	0.642699	0.928953	1.01903	0.865546	0.81578	0.806665	0.828543	0.627897	0.984122	1.0735	1.35396	0.630646	0.630615	0.651726	0.651741	0.690607	0.747706	0.809091	0.856275	0.712101	0.728592	0.885953	0.839407	0.632618	1.14611	0.956274	0.634652	0.631259	0.629924	0.77115	0.216425	1.27793	0.632692	0.974578	0.651661	0.633288	0.869099	0.630919	0.63105	0.589032	0.607041	
0.785	0.877366	1.00371	0.924464	0.726018	0.864614	0.865288	0.601087	0.979011	0.65532	0.653141	1.21699	1.18823	0.886606	0.985793	0.629379	0.645875	0.830746	0.851536	0.628227	0.684564	1.04174	0.972112	0.737151	0.99785	0.884559	1.19874	1.33344	0.629283	0.69105	0.628087	1.27661	0.595839	0.980851	0.876438	1.26046	0.65371	1.07932	0.630874	0.642074	0.642581	0.928926	1.01869	0.866212	0.81711	0.807007	0.82849	0.627806	0.984133	1.07307	1.35375	0.630549	0.630518	0.651588	0.651603	0.691752	0.749215	0.811619	0.857132	0.712961	0.729003	0.886339	0.83997	0.633488	1.14596	0.955671	0.634548	0.631161	0.629829	0.770723	0.216539	1.2772	0.634066	0.975487	0.651523	0.633186	0.868995	0.224558	0.630953	0.588965	0.606935	
0.79	0.876895	1.00261	0.925153	0.727458	0.864804	0.865138	0.600588	0.977636	0.655175	0.653	1.21811	1.18926	0.886226	0.986277	0.630616	0.647554	0.833043	0.851766	0.628135	0.686494	1.04162	0.972643	0.739116	0.997396	0.883523	1.19706	1.33243	0.629188	0.69045	0.627995	1.2757	0.595804	0.9812	0.878188	1.25761	0.653569	1.08081	0.630779	0.641958	0.642464	0.928927	1.01834	0.866939	0.818532	0.807392	0.828472	0.627714	0.98411	1.07261	1.35353	0.630453	0.630421	0.651451	0.651466	0.692935	0.750777	0.814278	0.85797	0.713813	0.729436	0.886694	0.840498	0.634311	1.14584	0.955033	0.634444	0.631063	0.629734	0.770281	0.216653	1.27644	0.635836	0.976625	0.651386	0.633084	0.868876	0.224568	0.630857	0.588885	0.606847	
0.795	0.876416	1.00149	0.925906	0.728955	0.865028	0.865009	0.600091	0.976497	0.655031	0.65286	1.2193	1.19034	0.885845	0.986809	0.632202	0.649314	0.835407	0.851962	0.628043	0.68855	1.04145	0.973173	0.741205	0.996912	0.882457	1.19531	1.33137	0.629094	0.689835	0.627903	1.27474	0.595768	0.98155	0.880076	1.2548	0.653428	1.08239	0.630683	0.641842	0.642321	0.928966	1.018	0.867653	0.820048	0.807841	0.828495	0.627622	0.984078	1.07211	1.35328	0.630356	0.630325	0.651313	0.651329	0.694152	0.752392	0.817069	0.858781	0.714653	0.72989	0.887012	0.840986	0.635098	1.14573	0.954355	0.634333	0.630965	0.629639	0.769819	0.216767	1.27563	0.638047	0.977997	0.65125	0.632983	0.868739	0.224594	0.630761	0.588808	0.606771	
0.8	0.875913	1.00035	0.926702	0.730512	0.865265	0.864886	0.599522	0.975581	0.654887	0.65272	1.22056	1.19149	0.885466	0.987392	0.633821	0.651151	0.83791	0.852118	0.627951	0.690747	1.04122	0.973692	0.743409	0.996399	0.881349	1.19346	1.33026	0.629001	0.689198	0.627812	1.27373	0.595733	0.981898	0.882063	1.25203	0.653288	1.08406	0.630588	0.641726	0.642159	0.929057	1.01768	0.868325	0.821659	0.808367	0.828561	0.627531	0.984045	1.07159	1.35301	0.63026	0.630228	0.651177	0.651192	0.695403	0.754057	0.81999	0.859559	0.71548	0.730343	0.887288	0.841428	0.635847	1.14564	0.953638	0.634221	0.630867	0.629545	0.769343	0.216881	1.27479	0.640638	0.979539	0.651113	0.632882	0.868582	0.224558	0.630665	0.588743	0.606701	
0.805	0.875385	0.999156	0.927547	0.73213	0.865517	0.864767	0.598913	0.97472	0.654743	0.652581	1.22187	1.19269	0.885092	0.98803	0.635473	0.653066	0.840545	0.852226	0.627859	0.69308	1.04092	0.974192	0.745715	0.995859	0.880186	1.19154	1.3291	0.628907	0.688531	0.627721	1.27268	0.595697	0.982244	0.884073	1.24927	0.653147	1.08582	0.630493	0.64161	0.641999	0.929202	1.01743	0.869028	0.823366	0.808969	0.82868	0.62744	0.984013	1.07102	1.35271	0.630163	0.630132	0.65104	0.651056	0.696685	0.755771	0.823043	0.860297	0.716289	0.730795	0.887518	0.841819	0.636548	1.14556	0.952894	0.634115	0.63077	0.62945	0.768861	0.216995	1.27391	0.643416	0.981136	0.650977	0.632781	0.868403	0.224577	0.630569	0.588689	0.606636	
0.81	0.874837	0.997917	0.928436	0.73381	0.86579	0.864659	0.598353	0.973899	0.6546	0.652442	1.22325	1.19397	0.884724	0.988729	0.6372	0.655054	0.843294	0.85228	0.627767	0.695541	1.04055	0.974663	0.748111	0.995298	0.878973	1.18955	1.3279	0.628813	0.687837	0.627629	1.27158	0.595662	0.982586	0.886061	1.24652	0.653007	1.08765	0.630398	0.641495	0.641849	0.929403	1.01725	0.869778	0.825172	0.809643	0.828853	0.627349	0.983997	1.07042	1.35239	0.630067	0.630036	0.650904	0.650919	0.697998	0.75753	0.826226	0.860989	0.717076	0.731239	0.887697	0.842153	0.637195	1.14553	0.952142	0.634024	0.630673	0.629356	0.768382	0.217108	1.27301	0.646228	0.982716	0.650842	0.63268	0.868197	0.224616	0.630474	0.588638	0.606575	
0.815	0.874276	0.996642	0.929368	0.735556	0.866087	0.864569	0.597895	0.973184	0.654457	0.652303	1.22468	1.1953	0.884367	0.989495	0.638999	0.657114	0.846129	0.852276	0.627676	0.698126	1.04009	0.975095	0.75058	0.994728	0.877719	1.18749	1.32665	0.62872	0.687122	0.627538	1.27043	0.595627	0.982923	0.888029	1.24378	0.652867	1.08957	0.630303	0.641379	0.641711	0.929661	1.01715	0.870537	0.827076	0.810379	0.829082	0.627258	0.983971	1.06978	1.35204	0.629971	0.62994	0.650768	0.650783	0.699338	0.759333	0.829537	0.861629	0.71784	0.731674	0.887819	0.842426	0.637783	1.14553	0.951408	0.633949	0.630576	0.629262	0.767917	0.217222	1.27206	0.649018	0.984245	0.650706	0.632579	0.867962	0.22468	0.630378	0.588586	0.606518	
0.82	0.873704	0.99533	0.930355	0.737369	0.866416	0.8645	0.59745	0.972562	0.654314	0.652164	1.22616	1.19669	0.884024	0.990331	0.640858	0.659242	0.849021	0.852208	0.627584	0.700834	1.03955	0.975479	0.753105	0.994204	0.876416	1.18537	1.32538	0.628627	0.686384	0.627448	1.26923	0.595592	0.983253	0.890015	1.24105	0.652728	1.09156	0.630208	0.641264	0.641583	0.929974	1.01711	0.871358	0.829081	0.811183	0.829355	0.627167	0.983982	1.0691	1.35166	0.629876	0.629845	0.650632	0.650648	0.700704	0.761177	0.832976	0.862209	0.718577	0.73208	0.887879	0.842633	0.638309	1.14554	0.950682	0.633897	0.630479	0.629168	0.767447	0.217336	1.27109	0.651669	0.985677	0.650571	0.632479	0.867695	0.224773	0.630283	0.588538	0.606463	
0.825	0.873126	0.993991	0.931404	0.739252	0.866784	0.864453	0.596922	0.971732	0.654171	0.652026	1.22769	1.19813	0.883699	0.991243	0.64277	0.661435	0.851973	0.852073	0.627493	0.703649	1.03891	0.975806	0.755668	0.993724	0.87507	1.1832	1.32407	0.628534	0.685625	0.627357	1.26798	0.595556	0.983575	0.892061	1.23834	0.652588	1.09362	0.630114	0.64115	0.641454	0.930343	1.01713	0.872257	0.831185	0.812058	0.829669	0.627077	0.98404	1.06838	1.35125	0.62978	0.629749	0.650497	0.650512	0.702094	0.76306	0.83654	0.862724	0.719283	0.73245	0.887874	0.842768	0.638768	1.14555	0.949957	0.633877	0.630382	0.629075	0.766958	0.21745	1.2701	0.654033	0.986959	0.650436	0.632378	0.867394	0.224898	0.630188	0.588497	0.60641	
0.83	0.872551	0.992631	0.93251	0.741206	0.867187	0.864426	0.596342	0.970507	0.654029	0.651888	1.22927	1.19963	0.883396	0.992234	0.644731	0.663688	0.855024	0.851867	0.627402	0.706546	1.03819	0.976067	0.758249	0.993251	0.873682	1.181	1.32275	0.628441	0.684843	0.627266	1.26667	0.595521	0.983888	0.894206	1.23564	0.652449	1.09575	0.63002	0.641035	0.641325	0.930768	1.01721	0.873234	0.833388	0.813004	0.83003	0.626987	0.984194	1.06762	1.35081	0.629685	0.629654	0.650361	0.650377	0.703506	0.76498	0.840227	0.863167	0.719957	0.732789	0.887799	0.842827	0.639158	1.14557	0.94924	0.633892	0.630286	0.628981	0.766451	0.217564	1.26908	0.656027	0.988087	0.650301	0.632278	0.867057	0.225058	0.630093	0.588464	0.606358	
0.835	0.871972	0.991253	0.933671	0.743234	0.86763	0.864422	0.595784	0.968954	0.653887	0.65175	1.23088	1.20118	0.883119	0.993309	0.646736	0.665997	0.858225	0.85159	0.627311	0.709497	1.03736	0.976255	0.760828	0.992747	0.872252	1.17877	1.32141	0.628349	0.684038	0.627176	1.26532	0.595486	0.984191	0.896479	1.23296	0.652311	1.09793	0.629925	0.64092	0.641198	0.931253	1.01734	0.874288	0.835691	0.814027	0.830443	0.626897	0.984399	1.06681	1.35033	0.62959	0.629559	0.650226	0.650242	0.704938	0.766932	0.843987	0.863534	0.720595	0.733103	0.887651	0.842808	0.639475	1.1456	0.948533	0.63394	0.63019	0.628888	0.765928	0.217678	1.26801	0.657681	0.989082	0.650166	0.632178	0.866683	0.225257	0.629999	0.588435	0.606306	
0.84	0.87139	0.989852	0.934887	0.745338	0.86811	0.864433	0.595309	0.967292	0.653745	0.651612	1.23252	1.20277	0.882873	0.994468	0.64878	0.668358	0.861628	0.85124	0.62722	0.712476	1.03644	0.976363	0.763385	0.992222	0.87078	1.17654	1.32008	0.628256	0.683208	0.627086	1.26391	0.595451	0.984483	0.898897	1.2303	0.652172	1.10015	0.629832	0.640806	0.641075	0.931798	1.01751	0.875491	0.838093	0.815147	0.830911	0.626807	0.984532	1.06596	1.34981	0.629495	0.629464	0.650092	0.650107	0.706387	0.768915	0.847623	0.863819	0.721195	0.733403	0.887426	0.842706	0.639716	1.14561	0.947772	0.63402	0.630094	0.628795	0.765363	0.217472	1.26684	0.659253	0.990038	0.650032	0.632078	0.866271	0.225498	0.629904	0.588409	0.606255	
0.845	0.870808	0.988423	0.936154	0.747521	0.868627	0.864458	0.594787	0.965747	0.653603	0.651475	1.23418	1.20439	0.882662	0.995715	0.650856	0.670765	0.865269	0.850821	0.62713	0.715457	1.03541	0.976383	0.765897	0.9917	0.869256	1.1743	1.31874	0.628164	0.682348	0.626996	1.26245	0.595416	0.984762	0.901474	1.22762	0.652034	1.10242	0.629738	0.640692	0.640955	0.932406	1.01772	0.876853	0.840592	0.816371	0.831439	0.626717	0.984467	1.06507	1.34926	0.6294	0.629369	0.649957	0.649973	0.70785	0.770926	0.851108	0.864019	0.721753	0.733699	0.887123	0.842518	0.639879	1.14562	0.946918	0.634137	0.629998	0.628702	0.764756	0.217646	1.26555	0.660823	0.990976	0.649898	0.631979	0.865822	0.225784	0.62981	0.588385	0.606204	
0.85	0.870231	0.986962	0.937469	0.749786	0.869179	0.864495	0.594129	0.964058	0.653462	0.651338	1.23586	1.20606	0.882489	0.997052	0.652958	0.673212	0.86917	0.850338	0.62704	0.718415	1.03429	0.976311	0.768345	0.991192	0.867683	1.17208	1.31742	0.628072	0.681459	0.626906	1.26093	0.595381	0.985029	0.90422	1.2249	0.651896	1.10471	0.629644	0.640579	0.640837	0.933079	1.01797	0.878357	0.843187	0.817694	0.832027	0.626627	0.984159	1.06414	1.34868	0.629305	0.629275	0.649823	0.649839	0.709326	0.772962	0.854466	0.86413	0.722269	0.733987	0.88674	0.842245	0.639963	1.14561	0.945975	0.63429	0.629902	0.628609	0.764105	0.21807	1.26412	0.662546	0.991946	0.649764	0.631879	0.86534	0.226117	0.629716	0.588361	0.606153	
0.855	0.869661	0.98547	0.938835	0.752134	0.869772	0.864541	0.593422	0.962307	0.653321	0.651201	1.23754	1.20775	0.882358	0.99848	0.655078	0.675696	0.873298	0.849812	0.626949	0.721336	1.03308	0.976143	0.770708	0.990639	0.866057	1.16988	1.31613	0.62798	0.680539	0.626817	1.25936	0.595347	0.985282	0.907139	1.22209	0.651758	1.10702	0.629551	0.640465	0.640722	0.933818	1.01827	0.879973	0.845875	0.819112	0.832679	0.626538	0.983623	1.06317	1.34806	0.629211	0.62918	0.649689	0.649705	0.710812	0.77502	0.857787	0.864151	0.722739	0.734272	0.88628	0.841886	0.639967	1.14561	0.944964	0.634477	0.629806	0.628516	0.763428	0.21854	1.26258	0.664312	0.992915	0.649631	0.63178	0.864832	0.226501	0.629622	0.588338	0.606102	
0.86	0.869107	0.983955	0.940255	0.754569	0.870411	0.864602	0.592779	0.960689	0.653181	0.651064	1.23923	1.20946	0.882272	0.999999	0.657212	0.67821	0.87759	0.849334	0.626859	0.724211	1.03177	0.975875	0.772965	0.990014	0.864383	1.16774	1.31487	0.627888	0.67959	0.626727	1.25774	0.595312	0.985522	0.910233	1.21919	0.651621	1.10934	0.629458	0.640352	0.640607	0.934621	1.01865	0.881684	0.848654	0.820617	0.833394	0.626448	0.982914	1.06216	1.3474	0.629116	0.629086	0.649556	0.649571	0.712305	0.777096	0.861144	0.86408	0.723162	0.734548	0.885825	0.841447	0.639894	1.14561	0.943902	0.634695	0.629711	0.628424	0.762731	0.219037	1.26096	0.666131	0.993887	0.649498	0.631681	0.864311	0.226936	0.629528	0.588315	0.606051	
0.865	0.868579	0.982434	0.941739	0.757092	0.871108	0.864688	0.592213	0.959289	0.65304	0.650928	1.24091	1.21119	0.882232	1.00161	0.659351	0.680748	0.881969	0.848898	0.62677	0.727033	1.03037	0.975506	0.775099	0.989365	0.862666	1.16565	1.31366	0.627796	0.678618	0.626638	1.25606	0.595277	0.985749	0.913505	1.21622	0.651484	1.11167	0.629365	0.640239	0.640493	0.935487	1.01911	0.883477	0.851521	0.822205	0.83417	0.626359	0.982093	1.06112	1.34671	0.629022	0.628992	0.649422	0.649438	0.713803	0.779188	0.864585	0.863918	0.723536	0.734816	0.88539	0.840956	0.63975	1.14561	0.942821	0.634943	0.629616	0.628332	0.762021	0.219593	1.25928	0.668129	0.994893	0.649365	0.631582	0.863805	0.227426	0.629434	0.588292	0.606	
0.87	0.868088	0.980932	0.94329	0.759705	0.871875	0.86481	0.591596	0.957304	0.6529	0.650792	1.24257	1.21292	0.88224	1.00329	0.66149	0.683306	0.886361	0.848479	0.626609	0.729797	1.02889	0.975041	0.777091	0.988741	0.860919	1.16363	1.3125	0.627705	0.677629	0.626549	1.25432	0.595242	0.985962	0.916951	1.21323	0.651347	1.11397	0.629272	0.640126	0.636267	0.936411	1.01963	0.885346	0.854471	0.823869	0.835004	0.62627	0.981198	1.06004	1.34598	0.628928	0.628898	0.649289	0.649305	0.715301	0.781291	0.868115	0.863667	0.72386	0.735075	0.884965	0.840505	0.639549	1.14563	0.941877	0.635218	0.629521	0.62824	0.761297	0.220214	1.25753	0.67029	0.996171	0.649232	0.631484	0.863355	0.22797	0.629341	0.588269	0.605949	
0.875	0.867633	0.979454	0.944903	0.762411	0.872706	0.864965	0.590975	0.9549	0.65276	0.650656	1.24422	1.21466	0.882296	1.00505	0.663623	0.685877	0.890753	0.848062	0.627117	0.732493	1.02733	0.974499	0.778926	0.988163	0.85914	1.16169	1.31141	0.627614	0.676623	0.626457	1.25253	0.595208	0.986162	0.92057	1.21085	0.65121	1.11626	0.629179	0.640013	0.63129	0.937387	1.02021	0.887284	0.857501	0.825605	0.835898	0.626182	0.980292	1.05894	1.34523	0.628835	0.628805	0.649156	0.649172	0.716798	0.783402	0.871764	0.86333	0.724133	0.735335	0.884544	0.840091	0.639338	1.14564	0.9411	0.635516	0.629426	0.628148	0.760563	0.220898	1.25571	0.672432	0.998037	0.6491	0.631385	0.862939	0.22857	0.629248	0.588246	0.605899	
0.88	0.867342	0.97821	0.946738	0.765211	0.873777	0.865341	0.590443	0.949083	0.652621	0.650521	1.24583	1.2164	0.882399	1.00686	0.665743	0.688457	0.894977	0.847644	0.628159	0.735367	1.02571	0.973985	0.78059	0.987627	0.857419	1.15985	1.31038	0.627523	0.67568	0.626277	1.24846	0.595173	0.980366	0.924356	1.21007	0.651074	1.11852	0.629086	0.639854	0.629656	0.938411	1.02082	0.889286	0.860606	0.827406	0.836852	0.626093	0.97938	1.05781	1.34444	0.628741	0.628711	0.649024	0.649039	0.718291	0.785518	0.875541	0.862915	0.724354	0.735601	0.884122	0.839692	0.639178	1.14566	0.940449	0.635831	0.629331	0.628056	0.759823	0.221646	1.25384	0.674388	1.0008	0.648967	0.631287	0.861883	0.229225	0.629155	0.588223	0.605863	
0.885	0.867144	0.977276	0.948664	0.768102	0.874965	0.865748	0.590018	0.943038	0.652481	0.650386	1.24742	1.21813	0.882546	1.00872	0.667828	0.691029	0.900007	0.847225	0.629236	0.738036	1.02403	0.973507	0.78207	0.987121	0.855813	1.15812	1.30944	0.627432	0.674784	0.626045	1.24481	0.595139	0.972653	0.928302	1.21162	0.650938	1.12075	0.628994	0.639664	0.632231	0.939507	1.02173	0.891164	0.863779	0.829219	0.8378	0.625235	0.977739	1.05666	1.34363	0.628648	0.628618	0.648891	0.648907	0.719775	0.787634	0.880414	0.862434	0.724523	0.735783	0.883701	0.839296	0.639055	1.14591	0.939875	0.636219	0.629237	0.627964	0.759096	0.222458	1.25177	0.673616	1.00148	0.648835	0.631189	0.86018	0.229935	0.629062	0.5882	0.607535	
0.89	0.86697	0.976432	0.950699	0.771088	0.876214	0.866127	0.590047	0.939184	0.652342	0.650251	1.24896	1.21984	0.882737	1.01063	0.669901	0.693605	0.906025	0.846806	0.630175	0.740229	1.02247	0.973044	0.783357	0.986635	0.85413	1.1565	1.30857	0.627341	0.673821	0.625825	1.24305	0.595104	0.967133	0.932402	1.21725	0.650802	1.12292	0.628902	0.639476	0.634153	0.940631	1.02262	0.893189	0.867016	0.831108	0.838782	0.623935	0.976342	1.0555	1.34279	0.628554	0.628525	0.648759	0.648775	0.721249	0.789747	0.885733	0.861918	0.72464	0.735923	0.883279	0.838899	0.638945	1.14612	0.939342	0.636627	0.629142	0.627873	0.758323	0.223336	1.24973	0.672247	1.00185	0.648704	0.631091	0.858225	0.230698	0.628969	0.588033	0.610709	
0.895	0.866938	0.97575	0.952992	0.774172	0.877693	0.866703	0.589612	0.936953	0.652203	0.650116	1.25046	1.22153	0.882969	1.01258	0.671956	0.696181	0.912232	0.846387	0.631009	0.742401	1.02106	0.972584	0.784443	0.98616	0.852405	1.155	1.3078	0.627251	0.672862	0.625621	1.24138	0.59507	0.964096	0.936645	1.23069	0.650667	1.12504	0.62881	0.639192	0.636635	0.941779	1.02318	0.895805	0.87031	0.833174	0.839784	0.622728	0.974479	1.05432	1.34193	0.628461	0.628432	0.648627	0.648643	0.722709	0.791852	0.89157	0.861454	0.724706	0.736029	0.882857	0.838502	0.638836	1.14584	0.938833	0.63701	0.629048	0.627782	0.757376	0.22428	1.24742	0.669535	1.00046	0.648572	0.630993	0.856442	0.231513	0.628876	0.590362	0.615163	
0.9	0.867005	0.975236	0.955445	0.777352	0.879327	0.867442	0.589497	0.935863	0.652065	0.649982	1.25192	1.2232	0.883236	1.01455	0.67398	0.698746	0.917767	0.845969	0.631767	0.744705	1.01977	0.972124	0.785324	0.985693	0.85068	1.15363	1.30712	0.62716	0.671926	0.625442	1.23967	0.595036	0.963552	0.941022	1.24693	0.650531	1.12711	0.628718	0.638851	0.640123	0.942977	1.02381	0.898301	0.873653	0.835247	0.840798	0.621859	0.972975	1.05313	1.34106	0.628369	0.628339	0.648496	0.648512	0.724152	0.793946	0.89765	0.861032	0.724722	0.736068	0.882435	0.838104	0.638725	1.14561	0.938336	0.63737	0.628954	0.627691	0.756375	0.225288	1.24516	0.667517	0.999547	0.648441	0.630896	0.855015	0.232376	0.628784	0.593963	0.619336	
0.905	0.867111	0.974808	0.95792	0.780625	0.881005	0.868225	0.590275	0.935594	0.651927	0.649847	1.25333	1.22484	0.883536	1.01653	0.675965	0.701293	0.922134	0.84555	0.632447	0.747028	1.01858	0.971663	0.785999	0.985229	0.848959	1.15239	1.30653	0.62707	0.670991	0.625292	1.23797	0.595001	0.965705	0.945523	1.25954	0.650396	1.12911	0.628626	0.638914	0.646192	0.944189	1.02456	0.900448	0.87704	0.83726	0.841869	0.621317	0.972476	1.05194	1.34017	0.628276	0.628246	0.648365	0.64838	0.725575	0.796025	0.902599	0.860627	0.72469	0.736117	0.882014	0.837706	0.638614	1.1456	0.937848	0.63772	0.628861	0.6276	0.755453	0.226359	1.2431	0.668077	1.00122	0.64831	0.630798	0.853901	0.233284	0.628692	0.598711	0.623881	
0.91	0.867263	0.974425	0.960392	0.783987	0.882726	0.869044	0.591815	0.935674	0.651789	0.649714	1.25468	1.22646	0.883865	1.01852	0.677909	0.703819	0.925514	0.845132	0.63304	0.749337	1.01747	0.971202	0.786468	0.984768	0.847253	1.15128	1.30603	0.62698	0.670058	0.625167	1.2362	0.594967	0.970101	0.950134	1.2672	0.650262	1.13105	0.628535	0.640877	0.654709	0.945402	1.02529	0.902474	0.880464	0.839265	0.843014	0.620998	0.972721	1.05075	1.33926	0.628183	0.628154	0.648233	0.648249	0.726976	0.798084	0.90642	0.860223	0.724612	0.736231	0.881593	0.837309	0.638503	1.14566	0.937365	0.638063	0.628767	0.627509	0.754624	0.227489	1.24116	0.671239	1.0051	0.64818	0.630701	0.852983	0.234233	0.6286	0.604159	0.628898	
0.915	0.867463	0.974072	0.962894	0.787437	0.884506	0.869889	0.593761	0.93561	0.651651	0.64958	1.25599	1.22804	0.884217	1.02051	0.679734	0.706322	0.928736	0.844714	0.633545	0.751553	1.01643	0.970741	0.786735	0.984309	0.84558	1.1503	1.30563	0.62689	0.669122	0.62506	1.2343	0.594933	0.975197	0.954844	1.27108	0.650127	1.13292	0.628444	0.643782	0.663053	0.946632	1.026	0.904543	0.883918	0.841293	0.84418	0.620803	0.973025	1.04956	1.33835	0.628091	0.628062	0.648103	0.648119	0.728351	0.800121	0.909931	0.859819	0.72449	0.736356	0.881172	0.836912	0.638391	1.14567	0.936884	0.638385	0.628674	0.627418	0.753818	0.228679	1.23918	0.675442	1.00906	0.648049	0.630604	0.852194	0.23522	0.628508	0.609819	0.634054	
0.92	0.86772	0.973783	0.965424	0.790971	0.886344	0.870759	0.595803	0.935021	0.651514	0.649447	1.25724	1.22958	0.884589	1.02248	0.681418	0.7088	0.932345	0.844297	0.633967	0.753578	1.01545	0.97028	0.78681	0.983851	0.844005	1.14945	1.30532	0.6268	0.668181	0.62496	1.23223	0.594899	0.979432	0.95964	1.27247	0.649993	1.13473	0.628352	0.64733	0.670514	0.947887	1.02676	0.906674	0.887395	0.843342	0.845301	0.620669	0.972957	1.04839	1.33743	0.627999	0.62797	0.647972	0.647988	0.7297	0.802133	0.913666	0.859413	0.724326	0.736385	0.880751	0.836515	0.63828	1.14561	0.936405	0.638676	0.62858	0.627328	0.752955	0.229924	1.2371	0.679198	1.0118	0.647913	0.630508	0.851556	0.236238	0.628416	0.615283	0.639	
0.925	0.868034	0.973554	0.967962	0.794583	0.888238	0.871651	0.597834	0.933904	0.651377	0.649314	1.25844	1.23109	0.884976	1.02443	0.683007	0.711224	0.936356	0.84388	0.634309	0.755396	1.01452	0.969819	0.786702	0.983393	0.842715	1.14872	1.30509	0.626711	0.667234	0.624862	1.23005	0.594865	0.982366	0.96451	1.2722	0.649859	1.13646	0.628261	0.651231	0.67708	0.94917	1.02764	0.908829	0.89089	0.845407	0.84637	0.620564	0.972489	1.04722	1.3365	0.627907	0.627878	0.647842	0.647858	0.731019	0.804115	0.917586	0.859007	0.724123	0.736279	0.88033	0.836119	0.63817	1.1455	0.935927	0.638933	0.628487	0.627238	0.752024	0.231223	1.23494	0.681985	1.01342	0.647764	0.630411	0.851025	0.237284	0.628325	0.620538	0.643765	
0.93	0.868393	0.973366	0.970539	0.79827	0.890178	0.87255	0.599879	0.932494	0.65124	0.649181	1.2596	1.23256	0.885374	1.02634	0.684523	0.713636	0.940648	0.843463	0.634575	0.757022	1.01365	0.969358	0.786432	0.982935	0.841719	1.1481	1.30494	0.626621	0.666275	0.624767	1.22781	0.594831	0.984272	0.969441	1.27093	0.649725	1.13813	0.628171	0.655379	0.683124	0.950481	1.02862	0.911012	0.894399	0.847497	0.847427	0.620472	0.97176	1.04607	1.33558	0.627815	0.627786	0.647712	0.647728	0.732308	0.806067	0.92143	0.858601	0.723885	0.736099	0.87991	0.835722	0.638059	1.14537	0.93545	0.63916	0.628394	0.627148	0.751065	0.23257	1.23265	0.683961	1.01447	0.647609	0.630315	0.850036	0.238351	0.628233	0.625649	0.648478	
0.935	0.868788	0.973199	0.973151	0.802024	0.892156	0.873446	0.601974	0.930941	0.651103	0.649048	1.2607	1.234	0.885779	1.02822	0.686037	0.716037	0.945114	0.843046	0.63477	0.758464	1.01282	0.968897	0.786034	0.982478	0.84094	1.14759	1.30487	0.626532	0.665301	0.624674	1.22553	0.594797	0.98555	0.974422	1.2691	0.649592	1.13974	0.62808	0.659673	0.688783	0.951821	1.0297	0.913214	0.897916	0.849612	0.848501	0.620387	0.970885	1.04494	1.33466	0.627723	0.627694	0.647582	0.647598	0.733565	0.807986	0.925129	0.858196	0.723615	0.735882	0.87949	0.835326	0.637949	1.14522	0.934974	0.639358	0.628302	0.627058	0.750111	0.233964	1.23026	0.685433	1.01529	0.647457	0.630218	0.848682	0.239434	0.628142	0.63072	0.6532	
0.94	0.869208	0.973024	0.975781	0.805841	0.89416	0.874329	0.604097	0.929282	0.650967	0.648916	1.26177	1.23541	0.886188	1.03006	0.687607	0.71841	0.949696	0.84263	0.634901	0.759722	1.01203	0.968437	0.78558	0.982021	0.840299	1.14719	1.30487	0.626443	0.664302	0.624585	1.22318	0.594763	0.986466	0.979441	1.26697	0.649459	1.14128	0.627989	0.664108	0.694135	0.953189	1.03089	0.915436	0.901439	0.851749	0.849588	0.620306	0.969917	1.04384	1.33374	0.627632	0.627603	0.647452	0.647468	0.73479	0.80987	0.928796	0.857787	0.723316	0.735624	0.87907	0.834931	0.637839	1.14506	0.934498	0.63952	0.628209	0.626968	0.749161	0.235399	1.22786	0.686608	1.01595	0.647307	0.630122	0.847281	0.240528	0.628051	0.635798	0.657913	
0.945	0.869636	0.972771	0.978406	0.809713	0.896168	0.875175	0.606195	0.927557	0.650831	0.648784	1.26278	1.23677	0.886599	1.03184	0.689262	0.720749	0.954356	0.842214	0.634974	0.760777	1.01128	0.967976	0.785166	0.981564	0.839742	1.14687	1.30493	0.626354	0.663265	0.624497	1.22076	0.594729	0.987156	0.984487	1.26465	0.649326	1.14276	0.627899	0.66865	0.699222	0.954584	1.03222	0.917681	0.904965	0.853905	0.850681	0.620227	0.968889	1.04275	1.33282	0.62754	0.627512	0.647323	0.647339	0.735983	0.811719	0.932522	0.857341	0.722992	0.735316	0.87865	0.834535	0.637729	1.14489	0.934022	0.639662	0.628117	0.626879	0.748207	0.23687	1.22549	0.68759	1.01649	0.647162	0.630026	0.846048	0.241626	0.62796	0.640888	0.662597	
0.95	0.870081	0.97245	0.981043	0.813634	0.89818	0.875977	0.608187	0.925836	0.650695	0.648652	1.26376	1.23811	0.887007	1.03358	0.691098	0.723057	0.95902	0.841798	0.634996	0.761631	1.01056	0.967516	0.78479	0.981107	0.839235	1.14663	1.30504	0.626265	0.662204	0.624411	1.21824	0.594695	0.987689	0.989551	1.2622	0.649193	1.14419	0.627809	0.673237	0.704125	0.956016	1.03361	0.919977	0.908493	0.856093	0.851787	0.620148	0.967827	1.0417	1.33191	0.627449	0.627421	0.647194	0.64721	0.737143	0.813532	0.936292	0.856847	0.722646	0.734978	0.87823	0.83414	0.637619	1.14474	0.933546	0.639798	0.628024	0.626789	0.747247	0.238374	1.22314	0.688429	1.01694	0.647022	0.629931	0.844579	0.242724	0.62787	0.645949	0.667252	
0.955	0.870531	0.972015	0.983677	0.817597	0.900192	0.87675	0.609927	0.924357	0.650559	0.64852	1.26471	1.23942	0.887413	1.03525	0.692961	0.725337	0.963656	0.841382	0.634973	0.762352	1.00987	0.967056	0.784431	0.980651	0.838758	1.14647	1.30521	0.626177	0.661117	0.624326	1.21553	0.594661	0.98811	0.994624	1.25965	0.649061	1.14558	0.627719	0.677758	0.708922	0.957498	1.03496	0.92232	0.912024	0.85832	0.852913	0.62007	0.966771	1.04067	1.33101	0.627358	0.62733	0.647065	0.647081	0.738272	0.81531	0.940078	0.856343	0.722282	0.734607	0.877811	0.833745	0.63751	1.1446	0.933071	0.639953	0.627932	0.6267	0.746294	0.239905	1.22074	0.689161	1.01734	0.646885	0.629835	0.842939	0.243816	0.627779	0.650912	0.671887	
0.96	0.870994	0.971491	0.986302	0.821596	0.902217	0.877518	0.611423	0.9232	0.650424	0.648389	1.26562	1.2407	0.887813	1.03686	0.694724	0.72759	0.968288	0.840967	0.634915	0.762974	1.0092	0.966596	0.784075	0.980194	0.8383	1.14636	1.30541	0.626088	0.660007	0.62424	1.21276	0.594628	0.988454	0.999698	1.25702	0.648929	1.14691	0.627629	0.68223	0.713673	0.959023	1.03622	0.924696	0.915556	0.860584	0.854059	0.619993	0.965872	1.03967	1.33012	0.627267	0.627239	0.646937	0.646953	0.73937	0.817054	0.943911	0.85586	0.721903	0.73419	0.877392	0.833351	0.6374	1.14448	0.932595	0.640141	0.627841	0.626611	0.74536	0.241456	1.2183	0.689813	1.01771	0.646752	0.62974	0.841375	0.244897	0.627689	0.655758	0.676464	
0.965	0.871484	0.970967	0.988939	0.825624	0.904264	0.878298	0.612745	0.922307	0.650289	0.648258	1.2665	1.24195	0.888206	1.03841	0.696381	0.72982	0.972876	0.840552	0.634827	0.763527	1.00856	0.966136	0.783718	0.979738	0.837854	1.14631	1.30565	0.626	0.658896	0.624156	1.20997	0.594594	0.988746	1.00475	1.25433	0.648797	1.1482	0.627539	0.686678	0.718369	0.960586	1.03739	0.927092	0.919092	0.862869	0.855217	0.619916	0.965137	1.0387	1.32924	0.627177	0.627148	0.646809	0.646825	0.740439	0.818764	0.947838	0.855361	0.721516	0.733728	0.876973	0.832957	0.637291	1.14437	0.93212	0.640358	0.627749	0.626522	0.744429	0.243024	1.21586	0.690407	1.01806	0.646621	0.629645	0.840046	0.245963	0.627599	0.660465	0.680956	
0.97	0.872003	0.970513	0.991603	0.829674	0.906346	0.879103	0.613971	0.92159	0.650154	0.648127	1.26735	1.24317	0.888592	1.03989	0.697961	0.732028	0.9774	0.840137	0.634716	0.764046	1.00794	0.965677	0.783361	0.979282	0.837414	1.1463	1.30591	0.625912	0.657792	0.624071	1.20719	0.594561	0.989008	1.00973	1.25158	0.648665	1.14946	0.62745	0.691119	0.723002	0.962182	1.03852	0.929483	0.922633	0.865156	0.856365	0.619838	0.964515	1.03776	1.32837	0.627086	0.627058	0.646681	0.646697	0.741479	0.820442	0.951903	0.85482	0.721126	0.73321	0.876554	0.832562	0.637183	1.14426	0.931645	0.640605	0.627657	0.626433	0.743493	0.244601	1.21342	0.690961	1.01839	0.646492	0.62955	0.838536	0.247011	0.627509	0.664996	0.685331	
0.975	0.872552	0.970157	0.994307	0.833742	0.908473	0.879941	0.615166	0.920979	0.65002	0.647997	1.26818	1.24437	0.888969	1.0413	0.699488	0.734217	0.981858	0.839723	0.63459	0.76455	1.00734	0.965217	0.783004	0.978826	0.836979	1.14632	1.3062	0.625824	0.656695	0.623987	1.20443	0.594527	0.989253	1.01462	1.24879	0.648534	1.15068	0.627361	0.695554	0.727579	0.963804	1.03963	0.931857	0.926181	0.867437	0.857483	0.619761	0.963957	1.03685	1.32751	0.626996	0.626968	0.646553	0.646569	0.742494	0.82209	0.956123	0.854275	0.720745	0.732628	0.876135	0.832169	0.637074	1.14415	0.931171	0.640879	0.627566	0.626345	0.742537	0.246183	1.21097	0.691488	1.01872	0.646364	0.629455	0.836894	0.248036	0.627419	0.669311	0.689552	
0.98	0.873132	0.969906	0.997053	0.837821	0.910649	0.880824	0.616401	0.920428	0.649886	0.647866	1.26899	1.24555	0.889336	1.04264	0.700974	0.736388	0.986231	0.839309	0.634452	0.765059	1.00675	0.964758	0.782647	0.97837	0.836546	1.14637	1.30651	0.625736	0.65561	0.623902	1.20171	0.594494	0.989491	1.0194	1.24596	0.648403	1.15188	0.627271	0.699998	0.73213	0.965451	1.04074	0.934208	0.929738	0.869707	0.858558	0.619685	0.963431	1.03597	1.32666	0.626906	0.626878	0.646425	0.646441	0.743485	0.82371	0.960498	0.853763	0.720403	0.731977	0.875717	0.831775	0.636965	1.14402	0.930696	0.641179	0.627475	0.626256	0.741548	0.247761	1.20852	0.691999	1.01905	0.646236	0.62936	0.835344	0.249037	0.627329	0.673383	0.693594	
0.985	0.873743	0.969766	0.999848	0.841909	0.912874	0.881755	0.617703	0.919912	0.649752	0.647736	1.26978	1.24671	0.889694	1.04391	0.702432	0.738544	0.990516	0.838895	0.63431	0.765596	1.00618	0.964298	0.78229	0.977915	0.836115	1.14643	1.30682	0.625649	0.65454	0.623818	1.19904	0.59446	0.989731	1.02406	1.24309	0.648272	1.15305	0.627182	0.704458	0.736667	0.967129	1.04186	0.936538	0.933306	0.87197	0.859588	0.619608	0.962922	1.03513	1.32582	0.626816	0.626788	0.646298	0.646314	0.744455	0.825305	0.964996	0.853217	0.720112	0.731257	0.875298	0.831382	0.636857	1.14389	0.930221	0.641502	0.627384	0.626168	0.740518	0.249331	1.20606	0.692501	1.01938	0.646109	0.629266	0.834032	0.250011	0.62724	0.67723	0.697469	
0.99	0.874381	0.969744	1.00266	0.846	0.915136	0.882737	0.619083	0.919417	0.649618	0.647607	1.27056	1.24785	0.890042	1.04501	0.70387	0.740687	0.994757	0.838481	0.634166	0.766169	1.00563	0.963839	0.781934	0.977459	0.835686	1.14651	1.30714	0.625561	0.653488	0.623734	1.19641	0.594427	0.989977	1.02862	1.24018	0.648141	1.1542	0.627094	0.708933	0.741187	0.968839	1.043	0.938865	0.936886	0.874235	0.860579	0.619531	0.962424	1.03431	1.325	0.626726	0.626698	0.646171	0.646187	0.745405	0.826876	0.969556	0.852584	0.719846	0.730476	0.87488	0.830989	0.636749	1.14377	0.929747	0.641843	0.627293	0.62608	0.739454	0.250886	1.2036	0.693001	1.01971	0.645982	0.629171	0.832618	0.250957	0.62715	0.680921	0.70122	
0.995	0.875027	0.969794	1.00549	0.850092	0.917419	0.883743	0.62054	0.918934	0.649485	0.647477	1.27132	1.24898	0.890378	1.0457	0.705293	0.742816	0.998989	0.838068	0.634025	0.766777	1.00508	0.96338	0.781579	0.977004	0.835257	1.14659	1.30746	0.625474	0.652443	0.623651	1.1938	0.594393	0.990233	1.03308	1.23724	0.648011	1.15532	0.627005	0.713396	0.745676	0.970554	1.04416	0.941219	0.940479	0.876526	0.861544	0.619455	0.961931	1.03352	1.32419	0.626637	0.626609	0.646044	0.64606	0.746339	0.828427	0.974083	0.851937	0.719587	0.729656	0.874462	0.830597	0.636641	1.14366	0.929273	0.642201	0.627202	0.625992	0.738369	0.25242	1.20115	0.693505	1.02006	0.645856	0.629077	0.831131	0.251875	0.627061	0.684529	0.704918	
1	0.875666	0.969867	1.00833	0.854183	0.919705	0.884748	0.622084	0.918458	0.649351	0.647348	1.27207	1.25008	0.890703	1.046	0.706704	0.744934	1.00325	0.837655	0.633888	0.767391	1.00455	0.962921	0.781223	0.976549	0.834828	1.14667	1.30778	0.625387	0.651398	0.623567	1.19119	0.59436	0.990502	1.03745	1.23427	0.647881	1.15643	0.626916	0.717758	0.750053	0.972258	1.04534	0.943607	0.944085	0.87885	0.862496	0.619379	0.961442	1.03277	1.3234	0.626547	0.626519	0.645918	0.645934	0.747259	0.829959	0.978517	0.851342	0.719327	0.728815	0.874045	0.830204	0.636534	1.14358	0.928799	0.642572	0.627112	0.625905	0.737275	0.253929	1.19871	0.694019	1.02041	0.64573	0.628983	0.829746	0.252764	0.626972	0.688128	0.708606	
1.005	0.876297	0.969942	1.01116	0.858272	0.921983	0.885741	0.62367	0.917987	0.649218	0.647219	1.27281	1.25118	0.891016	1.04609	0.708105	0.74704	1.00756	0.837242	0.633758	0.768003	1.00403	0.962463	0.780868	0.976093	0.8344	1.14675	1.30809	0.6253	0.650348	0.623483	1.18856	0.594327	0.990785	1.04173	1.23127	0.647751	1.15753	0.626828	0.721985	0.754305	0.973953	1.04654	0.946031	0.947704	0.881208	0.863444	0.619302	0.960954	1.03204	1.32262	0.626458	0.62643	0.645791	0.645808	0.748168	0.831476	0.982805	0.850741	0.719067	0.72797	0.873627	0.829812	0.636426	1.14354	0.928325	0.642956	0.627021	0.625817	0.736169	0.255406	1.19626	0.694548	1.02077	0.645605	0.628888	0.828576	0.253624	0.626883	0.691754	0.712326	
1.01	0.876916	0.97001	1.01398	0.862358	0.924247	0.886713	0.625281	0.917519	0.649086	0.64709	1.27354	1.25225	0.891316	1.04609	0.709496	0.749135	1.01194	0.83683	0.633634	0.768601	1.00351	0.962004	0.780514	0.975638	0.833973	1.14683	1.3084	0.625213	0.649291	0.6234	1.18591	0.594294	0.991085	1.04592	1.22824	0.647622	1.15861	0.62674	0.726059	0.758415	0.975639	1.04776	0.948486	0.951336	0.883594	0.864398	0.619226	0.960469	1.03134	1.32186	0.626369	0.626341	0.645665	0.645681	0.749067	0.83298	0.986927	0.85005	0.718806	0.727134	0.87321	0.82942	0.636319	1.14353	0.927851	0.643353	0.626931	0.62573	0.735044	0.256848	1.19381	0.695095	1.02115	0.645479	0.628789	0.827122	0.254456	0.626795	0.695438	0.716081	
1.015	0.877523	0.970067	1.01681	0.866442	0.926499	0.887651	0.626912	0.917052	0.648953	0.646962	1.27425	1.25332	0.891603	1.04607	0.710877	0.751217	1.01642	0.836417	0.633516	0.769167	1.00301	0.961546	0.78016	0.975184	0.833546	1.14689	1.30871	0.625127	0.648223	0.623317	1.18326	0.594261	0.991403	1.05002	1.22517	0.647492	1.15967	0.626652	0.729981	0.762379	0.977318	1.04899	0.950977	0.954979	0.886012	0.865366	0.619151	0.959984	1.03066	1.32111	0.62628	0.626252	0.64554	0.645556	0.749961	0.834473	0.99088	0.849293	0.718545	0.726316	0.872793	0.829029	0.636212	1.14355	0.927378	0.643769	0.626841	0.625642	0.733894	0.25825	1.19138	0.695663	1.02154	0.645354	0.628689	0.82545	0.255262	0.626706	0.699187	0.719854	
1.02	0.878118	0.970116	1.01964	0.870524	0.928737	0.888554	0.62854	0.916586	0.648821	0.646833	1.27496	1.25436	0.891876	1.04603	0.712246	0.753286	1.02097	0.836006	0.633401	0.769688	1.00251	0.961087	0.779806	0.974729	0.833119	1.14695	1.30901	0.62504	0.647143	0.623234	1.18058	0.594228	0.99174	1.05405	1.22207	0.647363	1.16073	0.626564	0.733763	0.7662	0.978988	1.05022	0.953513	0.958631	0.888461	0.866348	0.619075	0.9595	1.03002	1.32039	0.626191	0.626163	0.645414	0.64543	0.75085	0.835957	0.994666	0.848569	0.718285	0.725521	0.872374	0.828638	0.636105	1.14361	0.926904	0.644206	0.626751	0.625555	0.732716	0.259608	1.18896	0.696255	1.02195	0.645229	0.62859	0.823836	0.256042	0.626618	0.702984	0.72362	
1.025	0.878704	0.970153	1.02246	0.874604	0.930963	0.889427	0.630057	0.916122	0.648689	0.646705	1.27566	1.2554	0.892136	1.04595	0.713602	0.75534	1.02558	0.835594	0.633287	0.770163	1.00201	0.960629	0.779453	0.974274	0.832693	1.14701	1.3093	0.624954	0.646049	0.623151	1.17781	0.594195	0.992097	1.058	1.21894	0.647234	1.16176	0.626476	0.737422	0.769906	0.980649	1.05146	0.956083	0.96229	0.890934	0.86734	0.618999	0.959016	1.02939	1.31968	0.626102	0.626075	0.645289	0.645305	0.751738	0.837435	0.998323	0.847937	0.718026	0.724753	0.871954	0.828246	0.635999	1.1437	0.926431	0.64467	0.626662	0.625468	0.731523	0.260918	1.18656	0.696872	1.02237	0.645104	0.628485	0.82246	0.256798	0.62653	0.706762	0.727365	
1.03	0.879276	0.970149	1.02529	0.878686	0.933179	0.890263	0.631452	0.915657	0.648558	0.646578	1.27634	1.25641	0.892381	1.04585	0.714943	0.757379	1.03022	0.835183	0.63317	0.770587	1.00152	0.960171	0.7791	0.97382	0.832267	1.14706	1.30958	0.624868	0.644935	0.623068	1.17502	0.594162	0.992475	1.06187	1.21577	0.647106	1.16279	0.626389	0.74101	0.773538	0.9823	1.0527	0.958675	0.965954	0.893432	0.868334	0.618924	0.958532	1.0288	1.31899	0.626014	0.625986	0.645164	0.64518	0.752625	0.838908	1.00189	0.847227	0.717767	0.724014	0.871535	0.827853	0.635893	1.14382	0.925958	0.645163	0.626572	0.625382	0.730323	0.262178	1.18417	0.697515	1.0228	0.64498	0.628367	0.821034	0.257532	0.626442	0.710473	0.731038	
1.035	0.879844	0.970134	1.02812	0.882768	0.935374	0.891062	0.63273	0.915193	0.648426	0.64645	1.27702	1.25741	0.89261	1.04572	0.716268	0.759399	1.03488	0.834772	0.633048	0.770956	1.00104	0.959713	0.778747	0.973366	0.831841	1.14711	1.30987	0.624782	0.643807	0.622986	1.1722	0.594129	0.992875	1.06567	1.21257	0.646978	1.16379	0.626301	0.744567	0.777132	0.983939	1.05392	0.961347	0.969619	0.895972	0.869335	0.618849	0.958048	1.02822	1.31832	0.625925	0.625898	0.645039	0.645055	0.753514	0.840378	1.00538	0.846476	0.717508	0.723331	0.871112	0.827419	0.635786	1.14398	0.925485	0.645685	0.626483	0.625295	0.729123	0.263385	1.18179	0.698185	1.02325	0.644856	0.628245	0.819579	0.258245	0.626354	0.714112	0.734632	
1.04	0.880414	0.970126	1.03095	0.886853	0.937559	0.891842	0.633864	0.914729	0.648295	0.646323	1.27768	1.2584	0.892825	1.04557	0.717574	0.761399	1.03952	0.834361	0.632916	0.771291	1.00055	0.959256	0.778395	0.972911	0.831415	1.14717	1.31015	0.624696	0.642669	0.622903	1.16936	0.594096	0.993297	1.06941	1.20934	0.64685	1.16478	0.626214	0.748103	0.78071	0.985563	1.05514	0.96415	0.973283	0.898584	0.870359	0.618773	0.957565	1.02767	1.31767	0.625837	0.62581	0.644914	0.64493	0.754405	0.841845	1.00879	0.84578	0.71725	0.722727	0.870689	0.826929	0.63568	1.14421	0.925012	0.646237	0.626394	0.625208	0.72795	0.264538	1.17942	0.698882	1.02371	0.644732	0.628129	0.818245	0.258939	0.626266	0.717692	0.738184	
1.045	0.880988	0.970125	1.0338	0.890942	0.939743	0.892613	0.634839	0.914265	0.648164	0.646196	1.27832	1.25937	0.893024	1.04539	0.718859	0.763377	1.04414	0.833951	0.632773	0.771592	1.00007	0.958798	0.778044	0.972457	0.83099	1.14723	1.31044	0.62461	0.641524	0.622821	1.16649	0.594063	0.993741	1.07307	1.20607	0.646722	1.16575	0.626127	0.751609	0.784266	0.987171	1.05634	0.967097	0.976945	0.901279	0.871428	0.618698	0.957082	1.02714	1.31705	0.625749	0.625722	0.64479	0.644806	0.755299	0.843311	1.01216	0.845217	0.716992	0.722221	0.870266	0.826425	0.635575	1.14453	0.92454	0.646809	0.626305	0.625122	0.726835	0.265638	1.17706	0.699605	1.02418	0.644608	0.628011	0.817124	0.259616	0.626178	0.721255	0.741731	
1.05	0.881577	0.970151	1.03666	0.895034	0.941938	0.893385	0.63562	0.913802	0.648034	0.646069	1.27895	1.26031	0.893208	1.04519	0.72012	0.765331	1.04871	0.83354	0.632616	0.771868	0.999589	0.95834	0.777692	0.972004	0.830566	1.14731	1.31073	0.624525	0.64038	0.622739	1.16358	0.59403	0.994206	1.07668	1.20276	0.646594	1.1667	0.62604	0.755062	0.787777	0.988761	1.05753	0.970185	0.980602	0.904045	0.872555	0.618623	0.956599	1.02663	1.31644	0.625661	0.625634	0.644666	0.644682	0.756197	0.844776	1.01553	0.844993	0.716734	0.721836	0.869734	0.825943	0.635469	1.14493	0.924067	0.647402	0.626216	0.625036	0.725795	0.266684	1.17469	0.700354	1.02467	0.644485	0.627875	0.815826	0.260278	0.626091	0.724843	0.745308	
1.055	0.882186	0.970236	1.03953	0.899129	0.944148	0.894159	0.636263	0.913338	0.647904	0.645942	1.27957	1.26124	0.893377	1.04497	0.721358	0.767259	1.05326	0.833131	0.632443	0.772122	0.999108	0.957883	0.777341	0.97155	0.830141	1.14741	1.31103	0.624439	0.639239	0.622657	1.16068	0.593998	0.994692	1.08023	1.19943	0.646467	1.16762	0.625954	0.758462	0.79124	0.990333	1.05869	0.9734	0.984254	0.906885	0.873753	0.618549	0.956116	1.02615	1.31585	0.625574	0.625547	0.644542	0.644558	0.757096	0.846239	1.0189	0.844995	0.716477	0.721594	0.86914	0.825436	0.635364	1.14541	0.923595	0.648022	0.626127	0.62495	0.724843	0.267677	1.17232	0.701128	1.02516	0.644362	0.627713	0.814391	0.260925	0.626004	0.728496	0.748935	
1.06	0.882815	0.970412	1.04239	0.903225	0.946374	0.89494	0.636783	0.912875	0.647773	0.645816	1.28016	1.26215	0.893531	1.04472	0.722573	0.76916	1.05775	0.832721	0.632254	0.772347	0.998627	0.957426	0.776991	0.971096	0.829717	1.14752	1.31135	0.624354	0.638093	0.622575	1.15779	0.593965	0.995198	1.08371	1.19607	0.64634	1.16852	0.625867	0.761804	0.794649	0.991886	1.05984	0.976673	0.987898	0.90978	0.875028	0.618474	0.955633	1.02568	1.31528	0.625486	0.625459	0.644418	0.644435	0.757998	0.8477	1.0223	0.845031	0.716217	0.721505	0.868561	0.82489	0.635259	1.14589	0.923123	0.648675	0.626039	0.624864	0.72398	0.26862	1.16995	0.701927	1.02567	0.644239	0.627546	0.813025	0.26156	0.625917	0.732222	0.7526	
1.065	0.883471	0.970689	1.04523	0.907321	0.948624	0.895728	0.637184	0.912412	0.647644	0.64569	1.28074	1.26304	0.893669	1.04446	0.723763	0.771031	1.06217	0.832312	0.63205	0.772558	0.998145	0.956969	0.776641	0.970643	0.829293	1.14767	1.31168	0.624269	0.636955	0.622494	1.15489	0.593932	0.995721	1.08715	1.19268	0.646213	1.16939	0.625781	0.765084	0.798008	0.993422	1.06096	0.9798	0.991535	0.912783	0.876352	0.618399	0.955151	1.02523	1.31472	0.625399	0.625372	0.644295	0.644311	0.758899	0.849158	1.02578	0.845021	0.715934	0.721544	0.867943	0.824348	0.635154	1.1463	0.922651	0.649369	0.625951	0.624779	0.723188	0.269512	1.16758	0.702749	1.02619	0.644116	0.627394	0.811861	0.262183	0.62583	0.73598	0.756262	
1.07	0.884164	0.971093	1.04806	0.911414	0.950908	0.896532	0.637543	0.91195	0.647514	0.645564	1.28129	1.26391	0.893794	1.04418	0.724928	0.772872	1.06652	0.831901	0.631832	0.772777	0.997664	0.956512	0.776291	0.970189	0.82887	1.14785	1.31203	0.624184	0.635838	0.622412	1.15204	0.5939	0.996259	1.09053	1.18928	0.646086	1.17023	0.625694	0.768324	0.801338	0.994942	1.06207	0.98271	0.995164	0.915783	0.877696	0.618325	0.954669	1.0248	1.31419	0.625312	0.625285	0.644172	0.644188	0.759797	0.85061	1.02941	0.844963	0.715621	0.72162	0.86729	0.823845	0.635049	1.14661	0.922179	0.650097	0.625862	0.624693	0.722436	0.270355	1.16521	0.703593	1.02672	0.643993	0.62726	0.810532	0.262795	0.625743	0.739689	0.759848	
1.075	0.884906	0.971588	1.05087	0.9155	0.953239	0.897372	0.637881	0.911487	0.647385	0.645439	1.28182	1.26475	0.893905	1.04389	0.726069	0.774683	1.07079	0.831489	0.631605	0.773017	0.997183	0.956055	0.775942	0.969736	0.828446	1.14806	1.3124	0.6241	0.634749	0.622331	1.14922	0.593867	0.996809	1.09386	1.18586	0.64596	1.17104	0.625608	0.771536	0.804651	0.996449	1.06317	0.985454	0.998788	0.918644	0.879047	0.618251	0.954186	1.02438	1.31367	0.625225	0.625198	0.644049	0.644062	0.76069	0.852055	1.0332	0.844865	0.715301	0.721658	0.866662	0.823315	0.634944	1.14684	0.921708	0.650862	0.625774	0.624608	0.72169	0.271151	1.16284	0.704458	1.02725	0.643871	0.62712	0.809079	0.263399	0.625657	0.743256	0.763288	
1.08	0.885694	0.972104	1.05367	0.919575	0.955622	0.898262	0.638252	0.911025	0.647256	0.645314	1.28233	1.26557	0.894002	1.04357	0.727184	0.776461	1.07498	0.831078	0.631376	0.773269	0.996702	0.955598	0.775593	0.969283	0.828024	1.1483	1.31279	0.624015	0.633685	0.62225	1.14643	0.593835	0.997369	1.09714	1.18243	0.645834	1.17182	0.625522	0.77474	0.80795	0.997948	1.06426	0.988096	1.0024	0.921353	0.880409	0.618177	0.953704	1.02398	1.31317	0.625138	0.625111	0.643926	0.643928	0.761575	0.853489	1.0371	0.844725	0.714927	0.721658	0.866094	0.822733	0.63484	1.14702	0.921236	0.651662	0.625686	0.624523	0.720906	0.271902	1.16046	0.705343	1.0278	0.643749	0.626957	0.807705	0.263993	0.62557	0.746624	0.766532	
1.085	0.886533	0.972596	1.05646	0.923633	0.958059	0.899194	0.638728	0.910562	0.647127	0.645189	1.28282	1.26638	0.894087	1.04325	0.728276	0.778208	1.07913	0.830667	0.631163	0.773523	0.996221	0.955142	0.775244	0.96883	0.827601	1.14859	1.3132	0.623931	0.632643	0.622169	1.1437	0.593803	0.997935	1.10037	1.179	0.645708	1.17257	0.625437	0.777948	0.81123	0.999443	1.06534	0.990675	1.006	0.923955	0.881794	0.618103	0.953222	1.0236	1.31269	0.625051	0.625025	0.643804	0.643786	0.762447	0.854908	1.04103	0.844533	0.714581	0.721636	0.865491	0.822153	0.634736	1.14718	0.920765	0.652477	0.625599	0.624438	0.720054	0.272609	1.15808	0.706248	1.02836	0.643627	0.626773	0.806539	0.264579	0.625484	0.749807	0.769593	
1.09	0.887409	0.973055	1.05922	0.927671	0.960534	0.900168	0.639237	0.9101	0.646998	0.645064	1.28329	1.26715	0.894161	1.04291	0.729344	0.779924	1.08324	0.830253	0.631016	0.773787	0.99574	0.954685	0.774896	0.968377	0.827179	1.14892	1.31364	0.623846	0.631622	0.622088	1.14098	0.59377	0.998503	1.10356	1.17557	0.645583	1.17328	0.625975	0.781196	0.814571	1.00094	1.06643	0.993214	1.00958	0.926488	0.883207	0.618029	0.952741	1.02323	1.31222	0.624965	0.624938	0.643682	0.643641	0.763301	0.85631	1.04494	0.844284	0.714339	0.721605	0.864824	0.82162	0.634632	1.14731	0.920294	0.653302	0.625511	0.624353	0.71914	0.273275	1.1557	0.70717	1.02892	0.643506	0.626595	0.805219	0.265158	0.625398	0.752889	0.772508	
1.095	0.888308	0.973483	1.06197	0.93168	0.963026	0.901175	0.639749	0.909638	0.64687	0.644939	1.28373	1.26791	0.894222	1.04256	0.730391	0.781609	1.08733	0.829817	0.630909	0.774057	0.99526	0.954229	0.774548	0.967925	0.826757	1.14929	1.3141	0.623762	0.630619	0.622007	1.13827	0.593738	0.99907	1.1067	1.17215	0.645457	1.17397	0.628067	0.78443	0.817926	1.00244	1.06753	0.995734	1.01314	0.928981	0.88465	0.617955	0.952259	1.02287	1.31177	0.624878	0.624852	0.64356	0.643499	0.764135	0.85769	1.04879	0.843972	0.714172	0.721556	0.864162	0.821126	0.634528	1.14745	0.919823	0.654131	0.625424	0.624268	0.718175	0.273902	1.15332	0.708108	1.02949	0.643385	0.626439	0.803784	0.26573	0.625312	0.755941	0.775348	
1.1	0.889221	0.973886	1.06468	0.935657	0.96552	0.902185	0.640312	0.909177	0.646742	0.644815	1.28415	1.26865	0.894273	1.0422	0.731419	0.783264	1.09139	0.829352	0.630814	0.774327	0.994779	0.953773	0.774201	0.967472	0.826336	1.14969	1.31458	0.623678	0.629631	0.621926	1.1356	0.593706	0.999632	1.1098	1.16875	0.645332	1.17462	0.631163	0.787429	0.821071	1.00395	1.06864	0.998248	1.01669	0.931453	0.886123	0.617882	0.951778	1.02253	1.31133	0.624792	0.624766	0.643438	0.643362	0.764943	0.859043	1.05256	0.843596	0.714011	0.721494	0.863561	0.820579	0.634424	1.14759	0.919352	0.654958	0.625337	0.624183	0.717169	0.274492	1.15093	0.709061	1.03008	0.643264	0.626302	0.80243	0.266294	0.625226	0.758993	0.778169	
1.105	0.890141	0.974268	1.06737	0.939596	0.967998	0.903189	0.640887	0.908715	0.646614	0.644691	1.28455	1.26936	0.894315	1.04183	0.732428	0.78489	1.09542	0.828878	0.63072	0.774591	0.994299	0.953317	0.773854	0.96702	0.825914	1.15014	1.31509	0.623595	0.628645	0.621846	1.13294	0.593674	1.00019	1.11286	1.16537	0.645207	1.17525	0.63445	0.790237	0.824068	1.00549	1.06978	1.00076	1.02022	0.933922	0.887627	0.617808	0.951296	1.0222	1.31091	0.624706	0.62468	0.643317	0.643231	0.765721	0.860366	1.05628	0.843158	0.713811	0.721432	0.862818	0.81992	0.634321	1.14774	0.918882	0.655777	0.62525	0.624099	0.716134	0.275049	1.14854	0.710026	1.03067	0.643143	0.626141	0.801283	0.266852	0.62514	0.762016	0.781038	
1.11	0.89106	0.974632	1.07003	0.943492	0.970456	0.904175	0.641462	0.908254	0.646486	0.644567	1.28493	1.27006	0.894346	1.04145	0.733422	0.786488	1.09943	0.828413	0.630625	0.774852	0.993819	0.952861	0.773508	0.966567	0.825494	1.15062	1.31562	0.623511	0.627666	0.621766	1.13029	0.593641	1.00073	1.11588	1.16202	0.645083	1.17585	0.637627	0.792878	0.826941	1.00704	1.07094	1.00329	1.02375	0.936398	0.889162	0.617735	0.950815	1.02189	1.31049	0.62462	0.624594	0.643195	0.643103	0.766466	0.861655	1.05995	0.842669	0.713556	0.721358	0.861975	0.819239	0.634218	1.14792	0.918411	0.656595	0.625163	0.624015	0.715084	0.275573	1.14616	0.711002	1.03126	0.643022	0.62593	0.800044	0.267404	0.625055	0.765011	0.783963	
1.115	0.891974	0.974977	1.07265	0.947342	0.97289	0.905138	0.642073	0.907792	0.646359	0.644443	1.2853	1.27074	0.894369	1.04106	0.734402	0.788061	1.10344	0.827952	0.630528	0.775102	0.993339	0.952405	0.773161	0.966115	0.825073	1.15114	1.31617	0.623428	0.62669	0.621685	1.12767	0.593609	1.00126	1.11887	1.1587	0.644958	1.17642	0.640732	0.795395	0.829713	1.00862	1.07214	1.00582	1.02727	0.938891	0.89073	0.617662	0.950334	1.02158	1.31009	0.624535	0.624508	0.643074	0.642979	0.767172	0.862906	1.06357	0.842175	0.713246	0.72124	0.861173	0.81862	0.634115	1.14811	0.917941	0.657416	0.625076	0.623931	0.714043	0.276067	1.14377	0.711987	1.03187	0.642902	0.625672	0.798732	0.267949	0.62497	0.768	0.786923	
1.12	0.892877	0.975305	1.07523	0.951141	0.975308	0.90609	0.64265	0.907331	0.646232	0.64432	1.28564	1.2714	0.894385	1.04067	0.735371	0.78961	1.1074	0.827481	0.630431	0.775368	0.992859	0.95195	0.772816	0.965663	0.824653	1.15169	1.31673	0.623344	0.625721	0.621605	1.12506	0.593577	1.00177	1.12181	1.15541	0.644834	1.17696	0.643862	0.797759	0.832386	1.01023	1.07338	1.00837	1.03078	0.941406	0.892331	0.617589	0.949853	1.02129	1.3097	0.624449	0.624423	0.642953	0.642856	0.767838	0.864115	1.06718	0.841734	0.712892	0.72104	0.860485	0.81779	0.634012	1.14834	0.917471	0.658244	0.62499	0.623847	0.713031	0.276532	1.14138	0.712979	1.03248	0.642782	0.625419	0.797502	0.268487	0.624885	0.770976	0.789912	
1.125	0.893739	0.975613	1.07777	0.954889	0.977733	0.90706	0.643169	0.906871	0.646105	0.644197	1.28597	1.27204	0.894393	1.04027	0.73633	0.791136	1.11128	0.82699	0.630335	0.775692	0.99238	0.951494	0.77247	0.965211	0.824233	1.15227	1.31731	0.623261	0.624773	0.621525	1.12245	0.593545	1.00226	1.12473	1.15216	0.64471	1.17748	0.647	0.800036	0.835029	1.01188	1.07467	1.01093	1.03429	0.943949	0.893969	0.617516	0.949372	1.02101	1.30932	0.624364	0.624338	0.642833	0.642734	0.76846	0.865281	1.07079	0.841329	0.712533	0.720748	0.859752	0.816835	0.633909	1.14859	0.917001	0.659088	0.624903	0.623763	0.712071	0.276968	1.13899	0.713975	1.03309	0.642662	0.625206	0.796455	0.269019	0.6248	0.773918	0.7929	
1.13	0.894548	0.975901	1.08027	0.958585	0.980165	0.90805	0.643679	0.90641	0.645979	0.644074	1.28628	1.27267	0.894394	1.03987	0.737282	0.792642	1.11508	0.826497	0.630238	0.776083	0.9919	0.951039	0.772125	0.964759	0.823813	1.15287	1.31791	0.623178	0.623848	0.621446	1.11989	0.593513	1.00274	1.12761	1.14895	0.644586	1.17799	0.650069	0.802299	0.837674	1.01357	1.076	1.0135	1.0378	0.94652	0.895642	0.617443	0.948892	1.02074	1.30895	0.624278	0.624252	0.642713	0.642613	0.769038	0.866401	1.07441	0.840233	0.712233	0.720368	0.858929	0.815941	0.633807	1.14887	0.916531	0.659948	0.624817	0.623679	0.711179	0.277376	1.1366	0.714973	1.03371	0.642542	0.625032	0.795262	0.269544	0.624715	0.776827	0.795851	
1.135	0.895305	0.976168	1.08274	0.962229	0.982575	0.909043	0.644245	0.905949	0.645852	0.643951	1.28658	1.27329	0.894389	1.03946	0.738228	0.794129	1.1188	0.82602	0.630142	0.776514	0.991421	0.950584	0.771781	0.964308	0.823394	1.1535	1.31852	0.623095	0.622937	0.621366	1.11739	0.593482	1.0032	1.13045	1.14578	0.644462	1.17847	0.653054	0.804605	0.840333	1.01529	1.07739	1.01609	1.04131	0.949121	0.897351	0.61737	0.948411	1.02048	1.3086	0.624193	0.624167	0.642593	0.642493	0.769569	0.867474	1.07804	0.838675	0.711972	0.719886	0.858122	0.815073	0.633705	1.14918	0.916061	0.660816	0.624731	0.623596	0.710381	0.277757	1.1342	0.715971	1.03433	0.642423	0.624874	0.793862	0.270063	0.62463	0.779726	0.798761	
1.14	0.896018	0.976414	1.08516	0.965824	0.984948	0.910025	0.644794	0.905489	0.645726	0.643829	1.28687	1.27389	0.894379	1.03904	0.739168	0.795598	1.12246	0.82554	0.630046	0.776973	0.990942	0.950129	0.771437	0.963856	0.822976	1.15415	1.31914	0.623012	0.622036	0.621287	1.11491	0.59345	1.00364	1.13328	1.14264	0.644336	1.17893	0.656019	0.806929	0.843018	1.01705	1.07882	1.01869	1.04481	0.951751	0.899096	0.617298	0.947931	1.02023	1.30824	0.624108	0.624083	0.642473	0.642373	0.770055	0.868499	1.08171	0.837269	0.711627	0.719291	0.857415	0.814232	0.633603	1.14952	0.915592	0.661697	0.624645	0.623513	0.709703	0.278111	1.13181	0.716967	1.03495	0.642303	0.624672	0.792452	0.270575	0.624545	0.782646	0.801677	
1.145	0.896691	0.976639	1.08755	0.969372	0.987242	0.910988	0.645288	0.905029	0.6456	0.643707	1.28714	1.27448	0.894365	1.03862	0.740104	0.797052	1.12609	0.825041	0.62995	0.777439	0.990463	0.949674	0.771093	0.963405	0.822557	1.15483	1.31978	0.62293	0.621139	0.621207	1.11246	0.593418	1.00407	1.13607	1.13954	0.644211	1.17937	0.658951	0.809264	0.845723	1.01885	1.0803	1.02131	1.04831	0.954409	0.900875	0.617226	0.947451	1.01999	1.3079	0.624024	0.623998	0.642353	0.642253	0.770494	0.869477	1.08539	0.836214	0.711137	0.718592	0.856591	0.813479	0.633501	1.14989	0.915123	0.662599	0.624559	0.623429	0.709171	0.27844	1.12942	0.717959	1.03558	0.642184	0.624388	0.79121	0.271082	0.624461	0.785623	0.804645	
1.15	0.897333	0.976845	1.08991	0.972878	0.989443	0.911919	0.645698	0.904569	0.645475	0.643585	1.2874	1.27506	0.894346	1.0382	0.741035	0.798491	1.12969	0.82454	0.629855	0.777889	0.989984	0.949219	0.77075	0.962954	0.822139	1.15552	1.32042	0.622847	0.620249	0.621128	1.11001	0.593386	1.00448	1.13884	1.13646	0.644086	1.1798	0.661878	0.811576	0.848401	1.02068	1.08183	1.02394	1.05181	0.957093	0.902687	0.617153	0.946971	1.01976	1.30757	0.623939	0.623913	0.642234	0.642134	0.77089	0.870409	1.08911	0.835365	0.710605	0.717842	0.855718	0.812842	0.633399	1.15029	0.914654	0.663525	0.624474	0.623346	0.708787	0.278742	1.12703	0.718945	1.0362	0.642066	0.624071	0.789842	0.271584	0.624377	0.78867	0.807671	
1.155	0.897951	0.977037	1.09224	0.976346	0.991569	0.912826	0.646049	0.904109	0.645349	0.643463	1.28766	1.27563	0.894323	1.03777	0.741962	0.799915	1.13328	0.824056	0.629759	0.778327	0.989506	0.948765	0.770407	0.962503	0.821721	1.15623	1.32107	0.622765	0.619365	0.621049	1.10756	0.593355	1.00488	1.14159	1.13341	0.643962	1.18022	0.664748	0.813855	0.851032	1.02254	1.08341	1.02658	1.0553	0.9598	0.904528	0.617081	0.946491	1.01954	1.30725	0.623854	0.623829	0.642115	0.642015	0.771243	0.871296	1.09286	0.834451	0.710125	0.71711	0.85492	0.812124	0.633298	1.15071	0.914185	0.664473	0.624388	0.623263	0.708537	0.27902	1.12465	0.719924	1.03683	0.641947	0.623774	0.788401	0.27208	0.624293	0.791767	0.810726	
1.16	0.898552	0.977217	1.09455	0.979783	0.993637	0.913719	0.646395	0.903649	0.645224	0.643342	1.2879	1.27619	0.894296	1.03734	0.742884	0.801325	1.13687	0.823564	0.629664	0.778757	0.989027	0.94831	0.770065	0.962052	0.821304	1.15696	1.32173	0.622683	0.618479	0.62097	1.10514	0.593323	1.00528	1.14432	1.13037	0.643839	1.18062	0.667508	0.816098	0.853591	1.02443	1.08502	1.02922	1.05878	0.962524	0.906394	0.617009	0.946011	1.01933	1.30693	0.62377	0.623745	0.641996	0.641896	0.771557	0.872141	1.09665	0.833248	0.709614	0.716437	0.853977	0.811304	0.633197	1.15116	0.913716	0.665443	0.624303	0.623181	0.708395	0.279273	1.12226	0.720893	1.03745	0.641829	0.623512	0.787064	0.272572	0.624181	0.794855	0.813734	
1.165	0.899142	0.977391	1.09684	0.983194	0.995664	0.91461	0.646685	0.90319	0.645099	0.64322	1.28813	1.27674	0.894266	1.03691	0.743799	0.802721	1.14045	0.823045	0.629569	0.779179	0.988549	0.947856	0.769723	0.961601	0.820887	1.1577	1.3224	0.622601	0.617595	0.620892	1.1027	0.593291	1.00567	1.14702	1.12733	0.643717	1.18101	0.670213	0.818272	0.856062	1.02634	1.08666	1.03187	1.06225	0.965262	0.908283	0.616937	0.945532	1.01913	1.30663	0.623686	0.623661	0.641877	0.641778	0.771834	0.872946	1.10047	0.831955	0.709052	0.715844	0.852984	0.810507	0.633096	1.15162	0.913247	0.666429	0.624218	0.623098	0.708331	0.279501	1.11987	0.72185	1.03806	0.641711	0.62324	0.785942	0.27306	0.625055	0.797954	0.816738	
1.17	0.899729	0.977566	1.09913	0.986586	0.997666	0.915513	0.646915	0.902731	0.644975	0.643099	1.28836	1.27728	0.894232	1.03647	0.744705	0.804102	1.14402	0.822522	0.629474	0.779599	0.988071	0.947402	0.769381	0.96115	0.82047	1.15846	1.32308	0.622519	0.616725	0.620813	1.10026	0.59326	1.00605	1.14971	1.1243	0.643595	1.18139	0.67286	0.820374	0.858434	1.02826	1.08833	1.03452	1.0657	0.968008	0.91019	0.616866	0.945053	1.01894	1.30633	0.623602	0.623577	0.641759	0.64166	0.772078	0.873714	1.1043	0.830845	0.708515	0.715348	0.852092	0.809819	0.632995	1.15209	0.912777	0.667418	0.624133	0.623016	0.708313	0.279705	1.11749	0.722794	1.03867	0.641593	0.622922	0.784761	0.273546	0.627106	0.800725	0.819432	
1.175	0.900321	0.977748	1.1014	0.989966	0.999655	0.916432	0.647143	0.902272	0.64485	0.642979	1.28858	1.27782	0.894194	1.03602	0.7456	0.805467	1.14758	0.822018	0.629379	0.780006	0.987592	0.946947	0.76904	0.9607	0.820053	1.15923	1.32376	0.622438	0.615869	0.620735	1.09784	0.593228	1.00644	1.15239	1.12125	0.643473	1.18175	0.67544	0.822414	0.860706	1.0302	1.09002	1.03716	1.06914	0.970756	0.912109	0.616794	0.944573	1.01875	1.30604	0.623518	0.623493	0.64164	0.641542	0.772293	0.874449	1.10813	0.829709	0.708055	0.714967	0.851079	0.809048	0.632894	1.15258	0.912284	0.668399	0.624048	0.622934	0.70832	0.279885	1.11511	0.723724	1.03927	0.641475	0.622561	0.783324	0.27403	0.629694	0.803061	0.821742	
1.18	0.900922	0.977946	1.10368	0.99334	1.00164	0.91738	0.647441	0.901813	0.644726	0.642858	1.28879	1.27834	0.894153	1.03558	0.746481	0.806815	1.15114	0.821512	0.629285	0.780389	0.987115	0.946494	0.768699	0.960249	0.819637	1.16001	1.32445	0.622356	0.615026	0.620656	1.09544	0.593197	1.00684	1.15505	1.11819	0.643352	1.18211	0.677965	0.824406	0.862887	1.03213	1.09172	1.03979	1.07256	0.9735	0.914035	0.616723	0.944094	1.01858	1.30576	0.623434	0.623409	0.641522	0.641424	0.772481	0.875154	1.11189	0.82861	0.70755	0.714701	0.850036	0.808195	0.632793	1.15307	0.911694	0.669358	0.623963	0.622851	0.70835	0.28004	1.11274	0.724637	1.03987	0.641358	0.622182	0.781806	0.274513	0.632292	0.805005	0.823718	
1.185	0.901541	0.978167	1.10596	0.996713	1.00364	0.918363	0.647852	0.901354	0.644602	0.642738	1.28899	1.27886	0.894107	1.03512	0.747347	0.808145	1.15469	0.820977	0.62919	0.780737	0.986637	0.94604	0.768358	0.959799	0.819222	1.16081	1.32515	0.622275	0.614192	0.620578	1.09307	0.593166	1.00724	1.15769	1.11509	0.643231	1.18246	0.680461	0.82637	0.864995	1.03407	1.09342	1.04241	1.07595	0.976235	0.915964	0.616651	0.943615	1.01841	1.3055	0.623351	0.623326	0.641405	0.641306	0.772648	0.875832	1.11556	0.827668	0.706953	0.714519	0.849112	0.807384	0.632693	1.15356	0.911002	0.670291	0.623879	0.62277	0.708429	0.280173	1.11036	0.725532	1.04045	0.641241	0.621809	0.780428	0.274997	0.634767	0.806722	0.825515	
1.19	0.902183	0.978419	1.10826	1.00009	1.00565	0.919386	0.648382	0.900896	0.644479	0.642618	1.28918	1.27937	0.894056	1.03466	0.748193	0.809454	1.15824	0.820439	0.629096	0.781049	0.986159	0.945586	0.768018	0.959349	0.818806	1.16163	1.32585	0.622194	0.613371	0.6205	1.09072	0.593134	1.00765	1.16032	1.11196	0.64311	1.18279	0.682938	0.828318	0.867052	1.03599	1.09512	1.04502	1.07932	0.978954	0.917891	0.61658	0.943137	1.01825	1.30524	0.623268	0.623243	0.641287	0.641189	0.772796	0.876487	1.11913	0.826324	0.706362	0.714361	0.848132	0.806693	0.632593	1.15404	0.910279	0.67119	0.623795	0.622688	0.708595	0.280282	1.108	0.726407	1.04102	0.641124	0.621447	0.77896	0.275482	0.637172	0.808322	0.827228	
1.195	0.902854	0.97871	1.11056	1.00348	1.00768	0.920454	0.648947	0.900437	0.644355	0.642498	1.28937	1.27988	0.894	1.0342	0.749017	0.810742	1.16182	0.819923	0.629002	0.78134	0.985682	0.945133	0.767679	0.958899	0.818391	1.16245	1.32656	0.622113	0.61257	0.620422	1.08838	0.593103	1.00808	1.16293	1.10879	0.642989	1.18312	0.685449	0.830235	0.869078	1.03789	1.09681	1.0476	1.08265	0.981653	0.91981	0.616509	0.942658	1.0181	1.30499	0.623184	0.623159	0.64117	0.641072	0.772929	0.877123	1.12261	0.824376	0.705855	0.71421	0.847161	0.805797	0.632493	1.15452	0.909588	0.672048	0.62371	0.622606	0.708883	0.280368	1.10564	0.727261	1.04158	0.641007	0.621072	0.777464	0.275969	0.639595	0.809912	0.828994	
1.2	0.903558	0.979046	1.11289	1.00686	1.00975	0.92154	0.64948	0.899979	0.644232	0.642378	1.28955	1.28038	0.893937	1.03372	0.749817	0.812006	1.16545	0.819404	0.628908	0.781587	0.985204	0.944679	0.76734	0.958449	0.817977	1.16329	1.32728	0.622032	0.611785	0.620345	1.08605	0.593072	1.00852	1.16553	1.10557	0.642869	1.18343	0.687947	0.83212	0.8711	1.03977	1.09848	1.05016	1.08595	0.984325	0.921717	0.616438	0.942179	1.01795	1.30475	0.623101	0.623076	0.641053	0.640955	0.77305	0.877741	1.12603	0.822455	0.705409	0.714113	0.84631	0.804794	0.632393	1.15499	0.908904	0.67287	0.623626	0.622525	0.709307	0.280433	1.10329	0.728092	1.04212	0.640891	0.620666	0.776106	0.276459	0.64205	0.811551	0.830882	
1.205	0.9043	0.979433	1.11524	1.01024	1.01184	0.922636	0.64998	0.899521	0.644109	0.642259	1.28973	1.28087	0.893868	1.03324	0.750589	0.813244	1.16912	0.818851	0.628815	0.781771	0.984727	0.944226	0.767001	0.957999	0.817562	1.16413	1.328	0.621951	0.610992	0.620267	1.08372	0.59304	1.00898	1.16812	1.1023	0.642749	1.18374	0.690363	0.83398	0.873113	1.04163	1.10013	1.05269	1.08921	0.986967	0.923609	0.616367	0.941701	1.01782	1.30453	0.623018	0.622994	0.640936	0.640839	0.773162	0.878347	1.12942	0.821071	0.704889	0.714112	0.845317	0.803877	0.632294	1.15544	0.908194	0.673661	0.623542	0.622443	0.709904	0.280478	1.10094	0.728899	1.04265	0.640774	0.620239	0.77495	0.276953	0.644481	0.813289	0.832918	
1.21	0.905081	0.979876	1.11761	1.01362	1.01397	0.923746	0.650404	0.899063	0.643986	0.64214	1.2899	1.28135	0.893792	1.03275	0.751332	0.814456	1.17291	0.818292	0.628721	0.781901	0.98425	0.943773	0.766663	0.95755	0.817148	1.16499	1.32872	0.62187	0.610199	0.62019	1.08138	0.593009	1.00946	1.17069	1.09897	0.642629	1.18404	0.69276	0.835769	0.875056	1.04345	1.10174	1.05519	1.09244	0.989576	0.925481	0.616296	0.941223	1.01769	1.30431	0.622936	0.622911	0.640819	0.640722	0.773268	0.878941	1.1328	0.820046	0.704206	0.71423	0.844272	0.80272	0.632195	1.15587	0.907485	0.67442	0.623459	0.622362	0.710761	0.280502	1.09861	0.729683	1.04316	0.640658	0.619832	0.773693	0.277451	0.646882	0.815113	0.835077	
1.215	0.905905	0.980378	1.12	1.017	1.01614	0.924838	0.650726	0.898606	0.643864	0.642021	1.29006	1.28183	0.893707	1.03225	0.752044	0.815639	1.17687	0.817759	0.628628	0.781938	0.983773	0.94332	0.766325	0.9571	0.816735	1.16586	1.32945	0.62179	0.609406	0.620112	1.07905	0.592978	1.00995	1.17325	1.09557	0.642509	1.18433	0.69507	0.837454	0.876889	1.04524	1.10333	1.05766	1.09562	0.992147	0.927331	0.616226	0.940745	1.01757	1.30411	0.622853	0.622828	0.640703	0.640606	0.773369	0.879526	1.1362	0.819196	0.703497	0.714405	0.84334	0.80147	0.632095	1.15628	0.906814	0.675155	0.623375	0.622281	0.711789	0.280508	1.09628	0.730441	1.04365	0.640543	0.619477	0.772333	0.277954	0.649225	0.816989	0.837294	
1.22	0.906771	0.98094	1.12242	1.02039	1.01834	0.925921	0.651088	0.898148	0.643742	0.641902	1.29021	1.2823	0.893614	1.03173	0.752724	0.816794	1.18095	0.817177	0.628535	0.781861	0.983287	0.942867	0.765987	0.956651	0.816321	1.16674	1.33018	0.621709	0.608566	0.620035	1.07671	0.592945	1.01047	1.17579	1.09212	0.64239	1.18461	0.697291	0.839009	0.878574	1.04699	1.10488	1.06009	1.09876	0.994681	0.929156	0.616155	0.940267	1.01746	1.30391	0.62277	0.622746	0.640587	0.64049	0.773467	0.880103	1.13961	0.818528	0.702887	0.714462	0.842097	0.800361	0.631996	1.15667	0.906111	0.67587	0.623292	0.6222	0.712685	0.280496	1.09397	0.731175	1.04413	0.640427	0.619159	0.771027	0.278463	0.651519	0.81886	0.83945	
1.225	0.907679	0.981564	1.12486	1.02378	1.02058	0.927022	0.652251	0.897691	0.64362	0.641784	1.29036	1.28276	0.893511	1.03121	0.753371	0.817919	1.18482	0.816515	0.628442	0.781672	0.982754	0.942414	0.76565	0.956202	0.815909	1.16762	1.33091	0.621629	0.607643	0.619958	1.07437	0.592903	1.011	1.17831	1.0886	0.642271	1.18488	0.699494	0.840497	0.880169	1.0487	1.10639	1.0625	1.10186	0.997174	0.930956	0.616085	0.939789	1.01736	1.30373	0.622688	0.622664	0.640471	0.640374	0.773563	0.880675	1.14302	0.817997	0.702224	0.714307	0.840714	0.799093	0.631898	1.15704	0.905352	0.676569	0.623209	0.622119	0.71312	0.280467	1.09167	0.731886	1.04459	0.640312	0.618831	0.769896	0.278977	0.653765	0.820657	0.841471	
1.23	0.908627	0.982246	1.12732	1.02717	1.02286	0.928105	0.65449	0.897234	0.643498	0.641666	1.2905	1.28322	0.893399	1.03068	0.753985	0.819015	1.18839	0.815835	0.628349	0.781331	0.982148	0.941961	0.765313	0.955752	0.815496	1.16851	1.33165	0.621549	0.606665	0.619881	1.07202	0.592846	1.01155	1.18081	1.08501	0.642152	1.18514	0.701654	0.841974	0.881729	1.05038	1.10786	1.06486	1.10492	0.999628	0.93273	0.616015	0.939312	1.01727	1.30356	0.622606	0.622582	0.640355	0.640259	0.773659	0.881242	1.14641	0.816558	0.701396	0.713977	0.839476	0.797789	0.631798	1.15738	0.904591	0.67725	0.623125	0.622039	0.713096	0.280423	1.08937	0.732573	1.04504	0.640197	0.618457	0.768963	0.279496	0.655943	0.822343	0.843333	
1.235	0.909613	0.982985	1.1298	1.03056	1.02517	0.929152	0.657447	0.896777	0.643376	0.641548	1.29064	1.28367	0.893276	1.03013	0.754566	0.820081	1.19175	0.8152	0.628256	0.780843	0.981521	0.941506	0.764977	0.955304	0.815084	1.16941	1.33238	0.621469	0.605694	0.619805	1.06967	0.592774	1.01212	1.18329	1.08137	0.642033	1.1854	0.703693	0.843456	0.883273	1.05201	1.10929	1.0672	1.10793	1.00204	0.934477	0.615945	0.938834	1.01718	1.3034	0.622524	0.6225	0.640239	0.640144	0.773752	0.881805	1.14978	0.814265	0.700511	0.713547	0.838229	0.796658	0.631695	1.1577	0.903876	0.677913	0.623042	0.621958	0.712851	0.280365	1.08709	0.733238	1.04548	0.640082	0.618038	0.768196	0.28002	0.658009	0.823958	0.84507	
1.24	0.910634	0.983777	1.13229	1.03395	1.0275	0.930195	0.660585	0.89632	0.643255	0.64143	1.29077	1.28411	0.893143	1.02958	0.755115	0.821117	1.19499	0.814538	0.628164	0.780237	0.980924	0.941052	0.764641	0.954855	0.814672	1.17031	1.33312	0.62139	0.604731	0.619728	1.06733	0.592694	1.0127	1.18576	1.07767	0.641914	1.18565	0.705677	0.844908	0.88479	1.0536	1.11068	1.06951	1.11091	1.00441	0.936199	0.615875	0.938357	1.0171	1.30325	0.622442	0.622418	0.640124	0.640028	0.773845	0.882364	1.15315	0.81217	0.699731	0.713064	0.837053	0.795461	0.631557	1.15801	0.903148	0.678553	0.62296	0.621878	0.712529	0.280296	1.08482	0.733884	1.0459	0.639967	0.617599	0.767558	0.28055	0.660039	0.825532	0.846743	
1.245	0.911685	0.984617	1.13479	1.03733	1.02985	0.931291	0.663599	0.895864	0.643134	0.641312	1.29089	1.28455	0.892999	1.02901	0.755633	0.822124	1.19815	0.813765	0.628072	0.779585	0.98029	0.940597	0.764306	0.954406	0.814261	1.17121	1.33385	0.62131	0.603782	0.619651	1.06498	0.592615	1.01329	1.1882	1.07392	0.641796	1.18589	0.707658	0.846314	0.886282	1.05516	1.11203	1.07178	1.11385	1.00675	0.937896	0.615805	0.93788	1.01703	1.30311	0.62236	0.622336	0.640009	0.639914	0.773934	0.882918	1.15644	0.810807	0.699124	0.712551	0.836062	0.794283	0.631369	1.15829	0.902362	0.67918	0.622877	0.621798	0.712273	0.280221	1.08255	0.734511	1.04631	0.639852	0.61717	0.767045	0.281084	0.662067	0.827106	0.848411	
1.25	0.912761	0.985499	1.1373	1.04069	1.03222	0.932461	0.666283	0.895408	0.643013	0.641195	1.29102	1.28497	0.892843	1.02843	0.756122	0.823103	1.20126	0.812957	0.62798	0.778937	0.979579	0.940119	0.763971	0.953957	0.813849	1.17211	1.33458	0.621231	0.602868	0.619575	1.06264	0.592533	1.01389	1.19061	1.07013	0.641678	1.18612	0.70967	0.847654	0.887743	1.05668	1.11335	1.07403	1.11675	1.00905	0.939571	0.615735	0.937403	1.01696	1.30299	0.622279	0.622255	0.639894	0.639799	0.77402	0.883467	1.15964	0.80981	0.69846	0.712019	0.834785	0.793275	0.631171	1.15855	0.901566	0.679798	0.622795	0.621718	0.712183	0.280146	1.0803	0.735123	1.04671	0.639738	0.616747	0.766622	0.281622	0.664116	0.828689	0.850116	
1.255	0.913858	0.986416	1.13981	1.04404	1.0346	0.933706	0.668504	0.894952	0.642893	0.641078	1.29113	1.2854	0.892677	1.02784	0.756583	0.824055	1.20433	0.812206	0.627888	0.778314	0.978863	0.939524	0.763636	0.953509	0.813439	1.17301	1.3353	0.621151	0.602013	0.619499	1.0603	0.592432	1.01451	1.193	1.0663	0.64156	1.18635	0.711661	0.848907	0.889152	1.05817	1.11463	1.07625	1.11961	1.01131	0.941225	0.615666	0.936926	1.01691	1.30287	0.622197	0.622173	0.63978	0.639685	0.774101	0.884009	1.16272	0.808958	0.697523	0.711476	0.833375	0.792092	0.630993	1.1588	0.900817	0.680418	0.622712	0.621638	0.712066	0.280084	1.07806	0.73572	1.0471	0.639624	0.616309	0.765779	0.282164	0.666152	0.830271	0.851849	
1.26	0.91497	0.987363	1.14232	1.04738	1.03699	0.935024	0.670271	0.894496	0.642772	0.640961	1.29125	1.28581	0.892499	1.02724	0.757018	0.82498	1.20737	0.81135	0.627796	0.777738	0.978203	0.938797	0.763302	0.953061	0.813028	1.17391	1.33602	0.621072	0.601222	0.619423	1.05797	0.592296	1.01512	1.19537	1.06246	0.641443	1.18658	0.713529	0.850051	0.890483	1.05963	1.11589	1.07844	1.12245	1.01355	0.94286	0.615596	0.936449	1.01686	1.30276	0.622116	0.622092	0.639665	0.63957	0.774174	0.884544	1.16564	0.80827	0.696515	0.710928	0.832116	0.790849	0.630812	1.15904	0.900064	0.681043	0.62263	0.621558	0.711746	0.280057	1.07583	0.736306	1.04748	0.63951	0.61584	0.764575	0.282709	0.668107	0.831812	0.853552	
1.265	0.916093	0.988332	1.14482	1.05068	1.03937	0.936421	0.671668	0.89404	0.642652	0.640845	1.29136	1.28622	0.892311	1.02663	0.757428	0.82588	1.21038	0.81041	0.627704	0.777217	0.977448	0.93805	0.762968	0.952613	0.812618	1.1748	1.33674	0.620993	0.600482	0.619347	1.05565	0.592132	1.01574	1.19771	1.05862	0.641325	1.1868	0.715297	0.851039	0.891686	1.06107	1.11711	1.08062	1.12525	1.01575	0.944479	0.615527	0.935973	1.01682	1.30266	0.622035	0.622011	0.639551	0.639456	0.774238	0.885069	1.16841	0.807722	0.695654	0.710387	0.830671	0.789759	0.630604	1.15926	0.899274	0.681665	0.622548	0.621478	0.711197	0.280109	1.07361	0.736882	1.04786	0.639397	0.615357	0.763261	0.283257	0.670009	0.833223	0.855144	
1.27	0.917222	0.989319	1.1473	1.05395	1.04175	0.937893	0.672849	0.893585	0.642532	0.640728	1.29147	1.28662	0.892111	1.02601	0.757816	0.826756	1.21336	0.809504	0.627613	0.776747	0.976595	0.937369	0.762635	0.952113	0.812209	1.17568	1.33744	0.620914	0.599778	0.619271	1.05334	0.591955	1.01637	1.20002	1.05478	0.641208	1.18701	0.716945	0.85186	0.89275	1.06247	1.11831	1.08277	1.12803	1.01793	0.946085	0.615458	0.935497	1.01678	1.30257	0.621954	0.62193	0.639437	0.639343	0.774292	0.885584	1.17108	0.806124	0.694858	0.709918	0.829191	0.788624	0.630397	1.15948	0.898491	0.682276	0.622466	0.621399	0.710494	0.280206	1.07139	0.737449	1.04824	0.639283	0.614886	0.762057	0.283806	0.671781	0.834443	0.856552	
1.275	0.918354	0.990318	1.14977	1.05719	1.04412	0.939441	0.673995	0.893129	0.642413	0.640612	1.29157	1.28702	0.891901	1.02538	0.758184	0.827609	1.21631	0.808711	0.627522	0.776313	0.975762	0.936654	0.762302	0.951837	0.8118	1.17656	1.33814	0.620836	0.599109	0.619196	1.05105	0.591782	1.01698	1.2023	1.05098	0.641091	1.18722	0.718532	0.85251	0.893666	1.06386	1.11949	1.0849	1.13078	1.02009	0.947678	0.615389	0.93502	1.01676	1.30249	0.621873	0.621849	0.639323	0.639229	0.774333	0.886088	1.17369	0.803256	0.69415	0.709551	0.827914	0.787525	0.630216	1.15968	0.897762	0.682875	0.622384	0.62132	0.70973	0.280315	1.06919	0.738011	1.04861	0.63917	0.614453	0.761062	0.284357	0.673463	0.835443	0.857737	
1.28	0.919484	0.991323	1.15223	1.0604	1.04647	0.941055	0.675246	0.892674	0.642293	0.640496	1.29167	1.28741	0.891681	1.02474	0.758533	0.828439	1.21922	0.807775	0.627431	0.775923	0.975025	0.935901	0.76197	0.951827	0.811391	1.17743	1.33883	0.620757	0.598467	0.61912	1.04877	0.591623	1.0176	1.20456	1.04724	0.640975	1.18743	0.720116	0.853032	0.894477	1.06522	1.12065	1.08702	1.1335	1.02223	0.949262	0.61532	0.934544	1.01674	1.30242	0.621793	0.621769	0.63921	0.639116	0.77436	0.886578	1.17632	0.800638	0.693575	0.709236	0.826471	0.786587	0.63002	1.15989	0.897043	0.683462	0.622303	0.621241	0.70886	0.280425	1.06699	0.738569	1.04898	0.639057	0.614044	0.760265	0.284908	0.675122	0.836246	0.858724	
1.285	0.920609	0.992331	1.15466	1.06357	1.0488	0.942727	0.676729	0.892219	0.642174	0.64038	1.29177	1.2878	0.891451	1.02409	0.758865	0.829248	1.22209	0.806743	0.62734	0.775574	0.974213	0.935182	0.761637	0.951915	0.810982	1.17829	1.33951	0.620679	0.597842	0.619045	1.0465	0.59147	1.01821	1.20678	1.04359	0.640858	1.18763	0.721688	0.85348	0.895238	1.06657	1.12179	1.08912	1.1362	1.02434	0.950838	0.615251	0.934068	1.01673	1.30235	0.621712	0.621688	0.639096	0.639003	0.774372	0.887056	1.17896	0.798996	0.69291	0.708926	0.824998	0.78555	0.629787	1.16009	0.896271	0.68404	0.622221	0.621162	0.708081	0.280533	1.06481	0.739124	1.04935	0.638945	0.613631	0.759606	0.285459	0.676761	0.836924	0.859586	
1.29	0.921729	0.993339	1.15707	1.06669	1.05112	0.944439	0.678499	0.891764	0.642055	0.640265	1.29187	1.28818	0.891211	1.02344	0.75918	0.830038	1.22493	0.805765	0.627249	0.775258	0.973351	0.934542	0.761268	0.951997	0.810574	1.17914	1.34019	0.6206	0.597228	0.618969	1.04425	0.59131	1.01882	1.20898	1.04008	0.640742	1.18783	0.723245	0.853903	0.895999	1.0679	1.12291	1.0912	1.13888	1.02644	0.952406	0.615182	0.933593	1.01672	1.30229	0.621632	0.621608	0.638983	0.63889	0.774368	0.887519	1.18167	0.79778	0.692206	0.708617	0.823727	0.784495	0.629554	1.16029	0.895487	0.68461	0.62214	0.621083	0.70761	0.280639	1.06263	0.739679	1.04972	0.638832	0.613198	0.75903	0.28601	0.678381	0.837571	0.860416	
1.295	0.922843	0.994345	1.15946	1.06978	1.05341	0.946172	0.680486	0.89131	0.641933	0.64015	1.29196	1.28855	0.890963	1.02278	0.759481	0.830807	1.22773	0.804927	0.627158	0.774965	0.972545	0.933801	0.760835	0.952064	0.810166	1.17998	1.34086	0.620522	0.596625	0.618894	1.04202	0.591129	1.01943	1.21114	1.03682	0.640626	1.18802	0.724759	0.854316	0.89677	1.06921	1.12402	1.09328	1.14154	1.02852	0.95397	0.615113	0.933117	1.01519	1.30224	0.621551	0.621528	0.63887	0.638777	0.774349	0.887968	1.1845	0.796715	0.691583	0.708317	0.822271	0.783572	0.629355	1.16048	0.894746	0.685178	0.622059	0.621004	0.707275	0.280745	1.06046	0.740235	1.05009	0.63872	0.612755	0.758503	0.286559	0.679988	0.838272	0.861288	
1.3	0.923949	0.99535	1.16182	1.07283	1.05569	0.947917	0.682545	0.890855	0.641806	0.640034	1.29205	1.28892	0.890707	1.02211	0.759767	0.831558	1.2305	0.803916	0.627068	0.774696	0.971842	0.932992	0.760383	0.952134	0.809759	1.18082	1.34152	0.620444	0.596028	0.618819	1.03981	0.590922	1.02003	1.21327	1.03395	0.64051	1.18821	0.726237	0.854702	0.897535	1.07051	1.12511	1.09533	1.14418	1.03059	0.955528	0.615045	0.932642	1.01179	1.3022	0.621471	0.621448	0.638758	0.638665	0.774312	0.888402	1.18739	0.795855	0.690987	0.708033	0.82077	0.782377	0.629142	1.16068	0.893992	0.685757	0.621978	0.620925	0.706891	0.280851	1.0583	0.740793	1.05046	0.638608	0.61233	0.758015	0.287106	0.681604	0.839069	0.862246	
1.305	0.925048	0.996352	1.16416	1.07584	1.05794	0.949687	0.684556	0.890401	0.64167	0.63992	1.29214	1.28928	0.890443	1.02144	0.760039	0.83229	1.23323	0.802784	0.626976	0.774458	0.971079	0.932224	0.759955	0.952211	0.809352	1.18165	1.34217	0.620366	0.595439	0.618745	1.03761	0.590702	1.02062	1.21538	1.03145	0.640395	1.1884	0.727677	0.855022	0.898268	1.07179	1.12619	1.09738	1.14679	1.03264	0.957081	0.614977	0.932166	1.00725	1.30217	0.621391	0.621368	0.638645	0.638553	0.77426	0.888823	1.19031	0.7952	0.690302	0.707722	0.819474	0.781061	0.628892	1.16087	0.89318	0.686348	0.621897	0.620847	0.706493	0.280956	1.05614	0.741354	1.05083	0.638496	0.61195	0.757571	0.287651	0.683227	0.83996	0.863295	
1.31	0.926143	0.997355	1.16648	1.07882	1.06018	0.951501	0.686434	0.889947	0.641526	0.639805	1.29222	1.28964	0.890173	1.02077	0.760297	0.833003	1.23592	0.801711	0.626861	0.774258	0.970259	0.931552	0.759481	0.952294	0.808945	1.18249	1.34282	0.620289	0.594867	0.61867	1.03544	0.590488	1.02122	1.21745	1.02925	0.64028	1.18858	0.729041	0.855251	0.898942	1.07306	1.12725	1.09941	1.14939	1.03467	0.958629	0.614908	0.931691	1.00234	1.30214	0.621312	0.621288	0.638533	0.638441	0.774193	0.88923	1.19325	0.793288	0.689262	0.707358	0.817952	0.779892	0.628645	1.16107	0.89236	0.68696	0.621816	0.620769	0.70614	0.281062	1.054	0.741919	1.05121	0.638384	0.611597	0.757196	0.288194	0.684827	0.840907	0.864399	
1.315	0.927236	0.99836	1.16879	1.08177	1.0624	0.953389	0.688147	0.889494	0.641382	0.639691	1.2923	1.28998	0.889896	1.02009	0.76054	0.833698	1.23858	0.800798	0.62673	0.774111	0.969476	0.930723	0.758949	0.952381	0.808539	1.18332	1.34347	0.620211	0.594317	0.618595	1.03328	0.590295	1.02181	1.2195	1.02727	0.640164	1.18875	0.730317	0.855369	0.899533	1.07431	1.1283	1.10143	1.15198	1.03669	0.960171	0.61484	0.931216	0.997464	1.30212	0.621232	0.621209	0.638421	0.638329	0.77411	0.889623	1.19616	0.790619	0.688017	0.706973	0.816364	0.778547	0.628437	1.16126	0.891593	0.687591	0.621736	0.62069	0.705819	0.281168	1.05186	0.742489	1.05159	0.638273	0.611225	0.756861	0.288732	0.686378	0.841844	0.865496	
1.32	0.928328	0.999372	1.17108	1.08468	1.06461	0.955388	0.689703	0.88904	0.641242	0.639576	1.29237	1.29032	0.889614	1.01942	0.760769	0.834374	1.24121	0.799627	0.626601	0.774047	0.968783	0.929814	0.758424	0.952476	0.808133	1.18417	1.34412	0.620134	0.593798	0.618521	1.03113	0.590112	1.02241	1.22151	1.02549	0.64005	1.18891	0.731498	0.855384	0.90003	1.07555	1.12934	1.10343	1.15454	1.03869	0.961708	0.614772	0.930741	0.992785	1.30192	0.621152	0.621129	0.638309	0.638217	0.774013	0.890005	1.19899	0.788094	0.686875	0.706604	0.814988	0.777166	0.628213	1.16146	0.890849	0.688235	0.621655	0.620612	0.705518	0.281274	1.04973	0.743064	1.05197	0.638162	0.610795	0.756165	0.289267	0.687839	0.842721	0.866515	
1.325	0.929424	1.00039	1.17335	1.08757	1.06681	0.957559	0.691086	0.888587	0.641097	0.639463	1.29244	1.29065	0.889327	1.01874	0.760981	0.83503	1.24381	0.798275	0.626482	0.774112	0.967847	0.928969	0.757949	0.95258	0.807727	1.18502	1.34478	0.620056	0.593307	0.618447	1.02901	0.589869	1.023	1.2235	1.02386	0.639935	1.18907	0.732605	0.855296	0.900418	1.07677	1.13036	1.10542	1.15708	1.04068	0.963238	0.614704	0.930267	0.988321	1.30087	0.621073	0.62105	0.638198	0.638106	0.773904	0.890375	1.20172	0.785653	0.685999	0.706196	0.813456	0.775976	0.627947	1.16165	0.890048	0.688894	0.621575	0.620535	0.70525	0.28138	1.0476	0.743644	1.05236	0.638051	0.610332	0.755106	0.289797	0.689237	0.843482	0.867412	
1.33	0.930528	1.00143	1.17561	1.09044	1.069	0.959981	0.692311	0.888134	0.640937	0.639349	1.29249	1.29097	0.889035	1.01806	0.761176	0.835666	1.24638	0.796985	0.626344	0.774368	0.966749	0.927925	0.757429	0.952696	0.807322	1.18589	1.34544	0.619979	0.592856	0.618373	1.02689	0.589634	1.0236	1.22545	1.02237	0.63982	1.18921	0.733636	0.855134	0.900706	1.07797	1.13136	1.1074	1.15961	1.04265	0.96476	0.614637	0.929792	0.984056	1.29899	0.620994	0.620971	0.638086	0.637995	0.773783	0.890734	1.20435	0.783433	0.685168	0.705681	0.811907	0.774629	0.627683	1.16185	0.889145	0.689564	0.621495	0.620457	0.705072	0.281485	1.04548	0.74423	1.05275	0.63794	0.60988	0.75389	0.290321	0.690555	0.844111	0.868177	
1.335	0.931641	1.00248	1.17787	1.09329	1.07119	0.96277	0.693405	0.887681	0.64077	0.639235	1.29254	1.29128	0.888741	1.01739	0.761353	0.836281	1.24892	0.795901	0.626168	0.774972	0.965707	0.926801	0.756843	0.952826	0.806917	1.18677	1.34611	0.619902	0.59243	0.618299	1.0248	0.589579	1.02421	1.22738	1.021	0.639706	1.18933	0.734606	0.85487	0.900862	1.07916	1.13235	1.10936	1.16212	1.0446	0.966274	0.614569	0.929318	0.979961	1.2967	0.620915	0.620892	0.637975	0.637884	0.773651	0.891084	1.20693	0.781664	0.684393	0.705119	0.810584	0.773252	0.627462	1.16204	0.888219	0.690242	0.621415	0.620379	0.705037	0.281591	1.04337	0.744821	1.05314	0.637829	0.609486	0.752747	0.290839	0.691799	0.844602	0.868826	
1.34	0.932769	1.00355	1.18012	1.09612	1.07339	0.965645	0.69455	0.887228	0.640609	0.639122	1.29257	1.29157	0.888443	1.01671	0.761511	0.836874	1.25144	0.79462	0.625987	0.775689	0.964834	0.925788	0.756268	0.952974	0.806513	1.18769	1.34679	0.619825	0.592011	0.618225	1.02271	0.589818	1.02483	1.22928	1.01973	0.639592	1.18945	0.735552	0.854528	0.900915	1.08033	1.13333	1.11131	1.16461	1.04653	0.967778	0.614502	0.928844	0.976014	1.29434	0.620836	0.620813	0.637864	0.637773	0.773509	0.891423	1.20954	0.780329	0.68375	0.70459	0.809351	0.772067	0.627226	1.16223	0.887358	0.690935	0.621335	0.620302	0.705178	0.281697	1.04127	0.745418	1.05353	0.637719	0.609165	0.751798	0.291349	0.692978	0.844971	0.869383	
1.345	0.933915	1.00466	1.18237	1.09895	1.07559	0.968303	0.695988	0.886775	0.640442	0.639009	1.29259	1.29185	0.888142	1.01604	0.761647	0.837445	1.25394	0.793205	0.625825	0.776071	0.963851	0.924629	0.755759	0.953141	0.806109	1.18863	1.34749	0.619748	0.591555	0.618151	1.02064	0.590348	1.02546	1.23115	1.01856	0.639478	1.18954	0.736424	0.854119	0.900866	1.08149	1.13429	1.11325	1.16708	1.04845	0.969272	0.614407	0.92837	0.972199	1.29207	0.620757	0.620734	0.637754	0.637663	0.773359	0.891755	1.21223	0.778903	0.683058	0.704072	0.808246	0.77069	0.626947	1.16242	0.886444	0.691642	0.621256	0.620224	0.705484	0.281803	1.03918	0.746019	1.05393	0.637609	0.608872	0.751045	0.291852	0.69412	0.845219	0.869834	
1.35	0.935082	1.00579	1.18462	1.10176	1.0778	0.970524	0.69773	0.886323	0.640255	0.638896	1.2926	1.29212	0.887839	1.01538	0.761762	0.837992	1.25642	0.791881	0.625643	0.776002	0.962819	0.923434	0.755166	0.95333	0.805705	1.18961	1.3482	0.619672	0.591033	0.618077	1.01858	0.591095	1.0261	1.233	1.01746	0.639365	1.18961	0.737206	0.853631	0.900696	1.08263	1.13524	1.11517	1.16954	1.05035	0.970754	0.614292	0.927896	0.968517	1.28994	0.620679	0.620656	0.637643	0.637552	0.773202	0.892077	1.21502	0.777464	0.68233	0.703544	0.807338	0.76926	0.626674	1.16261	0.885504	0.692366	0.621176	0.620147	0.705922	0.281908	1.03709	0.746624	1.05432	0.637499	0.608541	0.750429	0.292346	0.695242	0.845359	0.870182	
1.355	0.936273	1.00696	1.18688	1.10457	1.08002	0.972439	0.699696	0.885871	0.640063	0.638783	1.29259	1.29237	0.887534	1.01471	0.761853	0.838514	1.25887	0.790778	0.625418	0.77564	0.961882	0.922379	0.754495	0.953543	0.805302	1.19063	1.34894	0.619595	0.59047	0.618004	1.01653	0.591976	1.02676	1.23481	1.01643	0.639252	1.18966	0.737835	0.853087	0.900298	1.08376	1.13618	1.11707	1.17198	1.05224	0.972226	0.608774	0.927422	0.964974	1.28792	0.6206	0.620577	0.637533	0.637442	0.773036	0.892391	1.21821	0.776234	0.681678	0.703035	0.806087	0.768025	0.626447	1.1628	0.884615	0.693111	0.621097	0.62007	0.706526	0.282014	1.03501	0.747234	1.05472	0.637389	0.608147	0.749891	0.292831	0.696169	0.845167	0.870209	
1.36	0.93749	1.00817	1.18913	1.10737	1.08226	0.974217	0.701818	0.885419	0.63988	0.638671	1.29256	1.29261	0.887227	1.01405	0.761919	0.839011	1.2613	0.789405	0.625192	0.775119	0.960712	0.921154	0.753853	0.953782	0.804899	1.19169	1.3497	0.619519	0.589907	0.61793	1.01449	0.592932	1.02744	1.23659	1.01546	0.639138	1.18969	0.738226	0.852547	0.899636	1.08488	1.13711	1.11896	1.1744	1.05411	0.973686	0.599173	0.926949	0.961568	1.28602	0.620522	0.620499	0.637423	0.637332	0.772864	0.892695	1.22209	0.774745	0.681164	0.702579	0.804661	0.766643	0.626198	1.16299	0.883824	0.693883	0.621017	0.619993	0.707165	0.28212	1.03294	0.747846	1.05512	0.637279	0.607725	0.749391	0.293305	0.696771	0.844364	0.869695	
1.365	0.938736	1.00942	1.1914	1.11017	1.08451	0.97594	0.704148	0.884967	0.639695	0.638559	1.29252	1.29283	0.886918	1.0134	0.76196	0.839481	1.26371	0.787842	0.625	0.774496	0.959348	0.919877	0.753302	0.954049	0.804497	1.1928	1.35048	0.619443	0.589372	0.617857	1.01246	0.593934	1.02812	1.23835	1.01455	0.639026	1.1897	0.738349	0.852076	0.898689	1.08599	1.13803	1.12084	1.1768	1.05596	0.975134	0.588683	0.926475	0.95827	1.28425	0.620443	0.620421	0.637313	0.637223	0.772684	0.89299	1.22618	0.77317	0.680548	0.702137	0.803378	0.765242	0.625921	1.16318	0.883023	0.694681	0.620938	0.619917	0.707636	0.282226	1.03088	0.748461	1.05552	0.63717	0.607331	0.748914	0.293767	0.697241	0.843235	0.868952	
1.37	0.940011	1.01072	1.19366	1.11297	1.08677	0.977689	0.706536	0.884516	0.639489	0.638447	1.29246	1.29303	0.886607	1.01275	0.761975	0.839924	1.2661	0.786366	0.624784	0.773807	0.958052	0.918752	0.752644	0.954343	0.804094	1.19396	1.35129	0.619367	0.588833	0.617784	1.01044	0.594967	1.02883	1.24007	1.01369	0.638913	1.18967	0.738783	0.851734	0.897933	1.08708	1.13894	1.1227	1.17918	1.0578	0.97665	0.579273	0.926002	0.955092	1.28259	0.620365	0.620343	0.637203	0.637113	0.772497	0.893274	1.23031	0.771809	0.679814	0.701665	0.801798	0.764043	0.625664	1.16337	0.882133	0.69552	0.620859	0.61984	0.707862	0.282331	1.02883	0.749077	1.05592	0.637061	0.607015	0.748463	0.294218	0.697683	0.841893	0.868088	
1.375	0.941317	1.01207	1.19593	1.11576	1.08905	0.979439	0.709218	0.884064	0.639277	0.638335	1.29237	1.29321	0.886294	1.0121	0.761963	0.840339	1.26847	0.785141	0.624514	0.77321	0.956982	0.917421	0.751886	0.954666	0.803693	1.19517	1.35213	0.619291	0.588297	0.617711	1.00844	0.596027	1.02955	1.24175	1.01287	0.6388	1.18962	0.739845	0.851555	0.897738	1.08817	1.13985	1.12454	1.18155	1.05963	0.978226	0.571531	0.925529	0.952043	1.281	0.620288	0.620265	0.637094	0.637004	0.772302	0.893547	1.23431	0.769651	0.679114	0.701194	0.800118	0.762675	0.625456	1.16356	0.881221	0.696396	0.620781	0.619764	0.707894	0.282437	1.02679	0.749695	1.05631	0.636952	0.606785	0.748057	0.294656	0.698254	0.840514	0.867255	
1.38	0.942653	1.01346	1.1982	1.11854	1.09135	0.981163	0.71223	0.883613	0.639079	0.638223	1.29227	1.29337	0.885978	1.01146	0.761924	0.840725	1.27082	0.783589	0.624243	0.772732	0.955635	0.916024	0.751162	0.955017	0.803291	1.19644	1.35299	0.619215	0.587879	0.617638	1.00645	0.59711	1.03029	1.24341	1.0121	0.638688	1.18955	0.740904	0.851524	0.897699	1.08925	1.14075	1.12638	1.18389	1.06144	0.979765	0.565341	0.925056	0.949104	1.27947	0.62021	0.620187	0.636985	0.636895	0.772098	0.893806	1.23815	0.767082	0.678549	0.700763	0.798661	0.761269	0.625248	1.16375	0.880369	0.69731	0.620702	0.619687	0.707805	0.282543	1.02476	0.750312	1.05671	0.636843	0.606369	0.747709	0.295081	0.6989	0.8391	0.866412	
1.385	0.944019	1.0149	1.20048	1.12133	1.09366	0.982863	0.715357	0.883162	0.638873	0.638112	1.29215	1.29351	0.885659	1.01083	0.761858	0.841084	1.27314	0.781808	0.624018	0.772333	0.954155	0.914796	0.750552	0.955397	0.80289	1.19776	1.35388	0.619139	0.587598	0.617566	1.00447	0.598214	1.03104	1.24503	1.01135	0.638576	1.18944	0.741829	0.851618	0.897618	1.09033	1.14166	1.12819	1.18622	1.06324	0.981233	0.560406	0.924583	0.946248	1.278	0.620132	0.62011	0.636875	0.636786	0.771884	0.894052	1.24179	0.764775	0.677844	0.70035	0.796979	0.76006	0.624993	1.16396	0.879469	0.698254	0.620623	0.619608	0.707642	0.282648	1.02274	0.750927	1.05711	0.636735	0.605705	0.747339	0.295492	0.699549	0.837754	0.86566	
1.39	0.945414	1.01638	1.20276	1.1241	1.09598	0.98455	0.718417	0.882712	0.638641	0.638001	1.292	1.29363	0.885338	1.01019	0.761766	0.841413	1.27543	0.780126	0.623774	0.771969	0.952826	0.913341	0.749847	0.955805	0.802487	1.19913	1.3548	0.619064	0.587392	0.617493	1.0025	0.599336	1.0318	1.24661	1.01064	0.638464	1.1893	0.742796	0.851819	0.897582	1.0914	1.14257	1.13	1.18854	1.06503	0.982672	0.556491	0.924111	0.943449	1.27659	0.620055	0.620032	0.636767	0.636678	0.77166	0.894282	1.24523	0.762178	0.677075	0.699928	0.795246	0.758685	0.624734	1.16416	0.878502	0.699226	0.620545	0.619503	0.707426	0.282754	1.02073	0.751542	1.05751	0.636627	0.604925	0.746677	0.295889	0.700149	0.836438	0.864939	
1.395	0.946835	1.01791	1.20503	1.12686	1.09831	0.98623	0.721211	0.882261	0.638401	0.63789	1.29184	1.29373	0.885012	1.00957	0.761647	0.841714	1.2777	0.778737	0.623471	0.771604	0.951218	0.911815	0.748992	0.95624	0.802065	1.20055	1.35575	0.618989	0.587209	0.617421	1.00055	0.600474	1.03257	1.24816	1.00996	0.638353	1.18914	0.743856	0.852116	0.897703	1.09248	1.14348	1.13179	1.19083	1.06681	0.984106	0.553447	0.923639	0.940687	1.27524	0.619977	0.619955	0.636658	0.636569	0.771425	0.894495	1.24845	0.759564	0.676396	0.699515	0.793762	0.757278	0.624514	1.16438	0.877549	0.700226	0.620467	0.619358	0.70717	0.282859	1.01874	0.752153	1.05791	0.636519	0.604159	0.745633	0.296272	0.700755	0.83521	0.864284	
1.4	0.948282	1.01948	1.2073	1.12962	1.10064	0.987906	0.723526	0.881811	0.638177	0.637779	1.29166	1.29381	0.884683	1.00894	0.761502	0.841987	1.27994	0.777022	0.623168	0.771238	0.949518	0.91048	0.748147	0.956699	0.801612	1.20203	1.35671	0.618913	0.587019	0.617348	0.998614	0.601626	1.03336	1.24967	1.0093	0.638241	1.18895	0.744865	0.8525	0.897887	1.09355	1.1444	1.13357	1.1931	1.06857	0.985536	0.551166	0.923166	0.937949	1.27395	0.6199	0.619878	0.63655	0.636461	0.771177	0.894691	1.25145	0.757372	0.67555	0.699136	0.792109	0.756073	0.624272	1.1646	0.876684	0.701256	0.620389	0.619203	0.706887	0.282965	1.01676	0.752761	1.0583	0.636411	0.603444	0.744391	0.29664	0.701378	0.834058	0.863664	
1.405	0.949752	1.02109	1.20956	1.13235	1.10298	0.989583	0.725259	0.881361	0.637962	0.637669	1.29146	1.29387	0.88435	1.00832	0.761334	0.842232	1.28215	0.775081	0.622918	0.770878	0.948033	0.909021	0.747435	0.957182	0.801143	1.20355	1.3577	0.618838	0.586801	0.617276	0.996697	0.602789	1.03415	1.25115	1.00867	0.63813	1.18874	0.745741	0.852962	0.898043	1.09462	1.14533	1.13534	1.19536	1.07033	0.986972	0.549543	0.922694	0.935242	1.2727	0.619823	0.619801	0.636441	0.636353	0.770916	0.894869	1.25428	0.755074	0.674521	0.698734	0.790438	0.754756	0.623967	1.16483	0.875802	0.702317	0.620311	0.619063	0.706585	0.283071	1.01479	0.753366	1.0587	0.636303	0.602768	0.743191	0.296994	0.702055	0.833016	0.863118	
1.41	0.951241	1.02273	1.21182	1.13508	1.10532	0.991262	0.726378	0.880911	0.63773	0.637558	1.29124	1.29391	0.884011	1.00771	0.761142	0.842451	1.28433	0.773258	0.622649	0.770527	0.946276	0.907561	0.746642	0.957687	0.80068	1.20511	1.35871	0.618763	0.586533	0.617204	0.994797	0.603961	1.03495	1.25258	1.00806	0.638019	1.1885	0.746781	0.853492	0.898368	1.0957	1.14626	1.1371	1.1976	1.07208	0.988421	0.548471	0.922222	0.932576	1.2715	0.619746	0.619724	0.636333	0.636245	0.770641	0.895027	1.25699	0.752857	0.673538	0.698267	0.789017	0.753441	0.623662	1.16507	0.874854	0.703402	0.620233	0.618914	0.706272	0.283176	1.01284	0.753967	1.05909	0.636196	0.602104	0.742182	0.297334	0.702742	0.832024	0.862568	
1.415	0.952746	1.02441	1.21406	1.13778	1.10766	0.992943	0.727275	0.880462	0.637453	0.637448	1.291	1.29394	0.883668	1.00709	0.76093	0.842645	1.28648	0.771762	0.622326	0.770133	0.944438	0.906305	0.74583	0.958212	0.80021	1.20671	1.35974	0.618689	0.586237	0.617132	0.992917	0.60514	1.03575	1.25398	1.00746	0.637908	1.18824	0.748174	0.854081	0.899054	1.09677	1.1472	1.13884	1.19982	1.07383	0.989877	0.547841	0.921751	0.929964	1.27035	0.619669	0.619647	0.636226	0.636138	0.770352	0.895166	1.25967	0.751081	0.672759	0.697783	0.787446	0.752323	0.623408	1.16532	0.873911	0.704517	0.620155	0.618736	0.70595	0.283282	1.0109	0.754565	1.05948	0.636088	0.601431	0.741386	0.297661	0.703527	0.831272	0.862202	
1.42	0.954265	1.02611	1.2163	1.14047	1.11	0.994624	0.728251	0.880012	0.637125	0.637339	1.29075	1.29395	0.883319	1.00648	0.760698	0.842816	1.2886	0.770046	0.622013	0.769668	0.942841	0.904767	0.745114	0.958754	0.799722	1.20834	1.36078	0.618614	0.585955	0.61706	0.991056	0.606325	1.03656	1.25534	1.00686	0.637798	1.18795	0.749561	0.854719	0.899854	1.09785	1.14815	1.14057	1.20202	1.07556	0.991322	0.547554	0.921279	0.927408	1.26924	0.619593	0.619571	0.636118	0.63603	0.770048	0.895285	1.26237	0.749719	0.671909	0.697334	0.785863	0.750957	0.623144	1.16557	0.873047	0.705667	0.620078	0.618555	0.705624	0.283387	1.00898	0.75516	1.05988	0.635981	0.600794	0.740752	0.297974	0.704566	0.830972	0.862252	
1.425	0.955793	1.02783	1.21852	1.14313	1.11233	0.996304	0.729389	0.879563	0.636793	0.637229	1.29049	1.29394	0.882963	1.00587	0.760448	0.842965	1.29069	0.768182	0.621759	0.769185	0.940928	0.90312	0.744263	0.95931	0.799229	1.21	1.36183	0.618539	0.58569	0.616989	0.989215	0.607513	1.03737	1.25666	1.00624	0.637687	1.18765	0.750771	0.855398	0.900606	1.09892	1.14911	1.14229	1.20421	1.07729	0.992739	0.547528	0.920807	0.924916	1.26816	0.619516	0.619494	0.636011	0.635923	0.76973	0.895386	1.26508	0.748776	0.671047	0.696837	0.784516	0.749497	0.62284	1.16584	0.872124	0.706848	0.620001	0.6184	0.705297	0.283493	1.00708	0.755752	1.06027	0.635875	0.600254	0.740213	0.298276	0.705389	0.830805	0.86219	
1.43	0.957327	1.02956	1.22072	1.14578	1.11465	0.997981	0.730653	0.879114	0.636496	0.637119	1.29022	1.29392	0.882602	1.00526	0.760184	0.843095	1.29274	0.766462	0.621479	0.768734	0.938911	0.901672	0.743368	0.95988	0.79875	1.21168	1.36289	0.618465	0.585414	0.616917	0.987394	0.608704	1.03818	1.25795	1.00559	0.637577	1.18733	0.751878	0.856111	0.90132	1.1	1.15006	1.144	1.20637	1.079	0.994129	0.547697	0.920336	0.922496	1.26712	0.61944	0.619418	0.635904	0.635816	0.769399	0.895468	1.26774	0.748132	0.670317	0.696269	0.782898	0.748227	0.62255	1.16611	0.871137	0.708055	0.619923	0.618233	0.704968	0.283598	1.00519	0.756343	1.06067	0.635768	0.599848	0.739722	0.298566	0.706001	0.830508	0.861913	
1.435	0.958863	1.0313	1.2229	1.1484	1.11695	0.999653	0.73206	0.878665	0.636157	0.63701	1.28993	1.29389	0.882234	1.00465	0.759907	0.843209	1.29477	0.765059	0.621149	0.76823	0.937159	0.900023	0.742582	0.960461	0.798267	1.21337	1.36395	0.618391	0.585107	0.616846	0.985593	0.609896	1.039	1.2592	1.00495	0.637467	1.187	0.752967	0.856849	0.902032	1.10107	1.15102	1.1457	1.20852	1.08071	0.995496	0.548008	0.919865	0.920153	1.2661	0.619363	0.619342	0.635797	0.635709	0.769054	0.895534	1.2703	0.746497	0.669465	0.695695	0.781187	0.7468	0.622313	1.1664	0.870178	0.709282	0.619846	0.618029	0.70464	0.283704	1.00331	0.756934	1.06107	0.635661	0.599523	0.739256	0.298847	0.706441	0.830056	0.861469	
1.44	0.960397	1.03305	1.22507	1.15099	1.11924	1.00132	0.73357	0.878217	0.63578	0.636901	1.28964	1.29384	0.881858	1.00405	0.759621	0.843307	1.29677	0.763374	0.620833	0.767659	0.935216	0.898334	0.741892	0.961049	0.797766	1.21506	1.36501	0.618316	0.584764	0.616775	0.983811	0.611091	1.03981	1.26042	1.00435	0.637358	1.18666	0.753974	0.857609	0.902672	1.10214	1.15199	1.14738	1.21066	1.0824	0.996844	0.548422	0.919394	0.917885	1.26513	0.619287	0.619266	0.63569	0.635603	0.768697	0.895584	1.27274	0.744258	0.668584	0.69518	0.779707	0.745354	0.622058	1.16669	0.869315	0.710522	0.619769	0.617825	0.704314	0.283809	1.00145	0.757527	1.06147	0.635555	0.599198	0.738808	0.299118	0.706719	0.829544	0.860861	
1.445	0.961925	1.0348	1.22722	1.15357	1.12152	1.00297	0.735155	0.877768	0.635419	0.636792	1.28935	1.29379	0.881476	1.00344	0.759327	0.843394	1.29875	0.761494	0.620579	0.767095	0.93326	0.89688	0.741109	0.961643	0.797263	1.21675	1.36607	0.618242	0.584402	0.616703	0.982048	0.612286	1.04063	1.2616	1.00374	0.637248	1.18632	0.754831	0.858385	0.90315	1.10321	1.15294	1.14906	1.21277	1.08409	0.998177	0.548912	0.918923	0.915686	1.26418	0.619211	0.61919	0.635583	0.635496	0.768328	0.895621	1.27504	0.742161	0.667835	0.694589	0.777984	0.744126	0.621758	1.16699	0.868444	0.711775	0.619692	0.617651	0.703989	0.283915	0.999602	0.758125	1.06187	0.635449	0.598808	0.738378	0.299383	0.70674	0.829069	0.859958	
1.45	0.963443	1.03654	1.22935	1.15612	1.12377	1.0046	0.736781	0.87732	0.635109	0.636684	1.28905	1.29373	0.881087	1.00284	0.759028	0.843472	1.3007	0.75974	0.620315	0.76659	0.931591	0.895153	0.74014	0.962241	0.796777	1.21844	1.36711	0.618169	0.584061	0.616632	0.980303	0.613484	1.04145	1.26275	1.00309	0.637139	1.18597	0.755462	0.859173	0.903453	1.10426	1.1539	1.15072	1.21487	1.08576	0.999506	0.549456	0.918451	0.913549	1.26326	0.619136	0.619114	0.635477	0.63539	0.76795	0.895646	1.27721	0.739938	0.666995	0.69386	0.776201	0.742882	0.62147	1.1673	0.867515	0.713037	0.619616	0.617476	0.703666	0.28402	0.997765	0.75873	1.06228	0.635343	0.598349	0.737971	0.299642	0.70645	0.828688	0.858781	
1.455	0.964948	1.03826	1.23145	1.15864	1.126	1.00622	0.738427	0.876872	0.634815	0.636575	1.28875	1.29367	0.880691	1.00224	0.758727	0.843543	1.30263	0.758307	0.619993	0.766003	0.929581	0.893336	0.739171	0.962841	0.796281	1.22011	1.36815	0.618095	0.583763	0.616562	0.978575	0.614683	1.04226	1.26387	1.00242	0.63703	1.18562	0.755839	0.859969	0.903582	1.10531	1.15484	1.15237	1.21696	1.08743	1.00085	0.55004	0.917975	0.911467	1.26235	0.61906	0.619039	0.635371	0.635284	0.767562	0.895662	1.27928	0.73782	0.666146	0.693099	0.774675	0.741698	0.621235	1.16761	0.866594	0.714316	0.619539	0.617269	0.703345	0.284126	0.99594	0.759345	1.0627	0.635238	0.597878	0.737598	0.299896	0.706269	0.828423	0.857651	
1.46	0.966437	1.03997	1.23354	1.16114	1.12821	1.00782	0.74003	0.876425	0.634512	0.636467	1.28846	1.2936	0.880288	1.00164	0.758428	0.843611	1.30454	0.756568	0.619674	0.765376	0.927449	0.891758	0.73836	0.963439	0.795763	1.22175	1.36916	0.618021	0.583512	0.616491	0.976864	0.615885	1.04308	1.26496	1.00176	0.636921	1.18527	0.755979	0.860772	0.903584	1.10634	1.15577	1.15402	1.21903	1.08907	1.00221	0.550654	0.917495	0.909437	1.26146	0.618984	0.618963	0.635265	0.635179	0.767167	0.895672	1.2813	0.736112	0.665432	0.692415	0.772963	0.740714	0.620976	1.16792	0.865752	0.7156	0.619463	0.617062	0.703023	0.284231	0.994124	0.759973	1.06313	0.635132	0.59746	0.737275	0.300148	0.706535	0.828273	0.856892	
1.465	0.967905	1.04165	1.2356	1.16362	1.13039	1.0094	0.74152	0.875977	0.634218	0.636359	1.28817	1.29354	0.879878	1.00105	0.758132	0.843678	1.30643	0.754617	0.619414	0.764798	0.925592	0.89005	0.737472	0.964035	0.795245	1.22337	1.37016	0.617948	0.583299	0.61642	0.975167	0.61709	1.0439	1.26603	1.00114	0.636812	1.18493	0.75584	0.861578	0.90353	1.10735	1.15668	1.15565	1.22109	1.09071	1.00356	0.551292	0.917014	0.907458	1.26059	0.618909	0.618888	0.635159	0.635073	0.766765	0.895676	1.28334	0.734877	0.66452	0.691786	0.771227	0.73952	0.620667	1.16824	0.86489	0.716884	0.619387	0.616886	0.7027	0.284337	0.992317	0.760616	1.06357	0.635027	0.59713	0.73698	0.300399	0.707057	0.828229	0.856366	
1.47	0.969349	1.04331	1.23764	1.16607	1.13255	1.01096	0.742855	0.87553	0.63396	0.636251	1.28788	1.29347	0.879462	1.00046	0.757843	0.843746	1.3083	0.752796	0.619141	0.764158	0.923606	0.888013	0.736359	0.964625	0.794747	1.22495	1.37114	0.617874	0.583102	0.61635	0.973485	0.6183	1.04472	1.26707	1.00055	0.636704	1.18459	0.755393	0.862386	0.903488	1.10835	1.15758	1.15727	1.22314	1.09233	1.0049	0.551949	0.916535	0.905524	1.25974	0.618834	0.618813	0.635053	0.634968	0.766358	0.895677	1.28544	0.733359	0.663238	0.691153	0.769754	0.73793	0.620331	1.16856	0.863915	0.718174	0.61931	0.616705	0.702375	0.284442	0.990516	0.761279	1.06402	0.634922	0.596863	0.736422	0.300651	0.707627	0.828279	0.855892	
1.475	0.970767	1.04493	1.23966	1.1685	1.13468	1.01238	0.743989	0.875083	0.633712	0.636144	1.2876	1.29341	0.87904	0.999879	0.757563	0.843817	1.31015	0.75131	0.618802	0.763414	0.921651	0.885858	0.735153	0.965209	0.794252	1.22648	1.37208	0.617801	0.582918	0.616279	0.971816	0.619514	1.04554	1.26808	0.999963	0.636596	1.18427	0.75468	0.863195	0.903499	1.10934	1.15846	1.15888	1.22517	1.09394	1.00622	0.552624	0.916059	0.903637	1.25892	0.618759	0.618738	0.634948	0.634863	0.765947	0.895678	1.28764	0.731407	0.661775	0.690447	0.768222	0.736165	0.620021	1.16888	0.862874	0.719463	0.619234	0.616487	0.702046	0.284547	0.988722	0.761964	1.06448	0.634817	0.59662	0.735515	0.300906	0.708271	0.82841	0.855443	
1.48	0.972156	1.04651	1.24165	1.17091	1.13678	1.01375	0.744989	0.874636	0.633442	0.636036	1.28734	1.29335	0.878611	0.999311	0.757294	0.843895	1.31199	0.74967	0.618419	0.762626	0.920003	0.883856	0.73403	0.965784	0.793736	1.22797	1.37301	0.617728	0.582751	0.616209	0.97016	0.620734	1.04636	1.26907	0.999331	0.636488	1.18396	0.753836	0.864002	0.903585	1.1103	1.1593	1.16049	1.2272	1.09553	1.0075	0.553314	0.915584	0.901794	1.25811	0.618684	0.618663	0.634843	0.634758	0.765533	0.89568	1.28996	0.729259	0.66038	0.689645	0.766577	0.734496	0.619771	1.1692	0.861861	0.72075	0.619159	0.616243	0.701712	0.284653	0.986931	0.762673	1.06496	0.634713	0.596364	0.734374	0.301164	0.709078	0.828613	0.855107	
1.485	0.973514	1.04806	1.24362	1.17329	1.13884	1.01517	0.745945	0.874189	0.633167	0.635928	1.28708	1.2933	0.878178	0.998761	0.757037	0.843979	1.31382	0.74793	0.618072	0.761909	0.918244	0.88194	0.732967	0.966349	0.793217	1.22941	1.37389	0.617655	0.582571	0.616139	0.968515	0.621958	1.04718	1.27005	0.998624	0.63638	1.18366	0.753173	0.864809	0.903751	1.11123	1.16013	1.16208	1.22921	1.09711	1.00873	0.55402	0.915109	0.899996	1.25733	0.618609	0.618588	0.634738	0.634653	0.765116	0.895685	1.29236	0.727377	0.65901	0.688839	0.765056	0.732808	0.619585	1.16952	0.860951	0.722023	0.619077	0.616019	0.701372	0.284758	0.985144	0.763408	1.06544	0.634608	0.596091	0.733284	0.301427	0.709944	0.828876	0.854943	
1.49	0.974838	1.04956	1.24556	1.17564	1.14088	1.01664	0.746936	0.873742	0.632916	0.635795	1.28684	1.29326	0.877739	0.998238	0.756796	0.844073	1.31564	0.746344	0.617807	0.761314	0.916505	0.880253	0.731928	0.966903	0.792715	1.2308	1.37475	0.617582	0.582333	0.616069	0.966882	0.623189	1.048	1.271	0.997872	0.636272	1.18338	0.753047	0.865613	0.903995	1.11215	1.16092	1.16367	1.23121	1.09867	1.00991	0.554742	0.914627	0.898242	1.25658	0.618534	0.618513	0.634633	0.634548	0.764699	0.895694	1.29484	0.725967	0.657724	0.688125	0.76384	0.73127	0.619339	1.16984	0.859969	0.723275	0.618991	0.61584	0.701025	0.284864	0.983359	0.764173	1.06595	0.634504	0.595825	0.732449	0.301696	0.710699	0.829192	0.854863	
1.495	0.976127	1.05101	1.24748	1.17797	1.14288	1.01813	0.748047	0.873296	0.632688	0.635624	1.28661	1.29322	0.877296	0.997746	0.75657	0.844176	1.31744	0.74506	0.617537	0.760719	0.915026	0.878914	0.730975	0.967444	0.792214	1.23213	1.37557	0.61751	0.582029	0.615999	0.96526	0.624425	1.04882	1.27194	0.99712	0.636165	1.18312	0.75362	0.866414	0.904309	1.11303	1.16169	1.16525	1.23321	1.10021	1.01103	0.555478	0.91413	0.896532	1.25585	0.618459	0.618439	0.634529	0.634444	0.76428	0.895707	1.29733	0.724641	0.656636	0.687431	0.76244	0.730045	0.618983	1.17016	0.858834	0.724519	0.618906	0.61565	0.700673	0.284969	0.981575	0.764968	1.06647	0.6344	0.595589	0.731894	0.301972	0.711323	0.829552	0.854795	
1.5	0.97738	1.05242	1.24937	1.18028	1.14484	1.01959	0.749411	0.872848	0.632443	0.635437	1.2864	1.2932	0.87685	0.997209	0.75636	0.844291	1.31923	0.743469	0.61721	0.760041	0.913155	0.877308	0.730187	0.967972	0.791696	1.23339	1.37636	0.617437	0.581682	0.615929	0.963649	0.625667	1.04964	1.27286	0.996391	0.636058	1.18288	0.754916	0.867212	0.904687	1.1139	1.16242	1.16682	1.23519	1.10174	1.01212	0.556231	0.913628	0.89486	1.25514	0.618385	0.618364	0.634424	0.63434	0.763861	0.895726	1.29976	0.723408	0.655815	0.686711	0.760975	0.728633	0.618612	1.17048	0.857668	0.725747	0.618824	0.61541	0.700317	0.285074	0.979792	0.765793	1.067	0.634296	0.595353	0.731533	0.302256	0.71197	0.829949	0.854766	
1.505	0.978596	1.05378	1.25124	1.18256	1.14677	1.02097	0.750983	0.872398	0.632155	0.635257	1.2862	1.29318	0.8764	0.99604	0.756168	0.844416	1.32101	0.741662	0.616888	0.759366	0.911117	0.875584	0.729578	0.968486	0.791176	1.2346	1.37711	0.617365	0.581291	0.61586	0.962047	0.626915	1.05046	1.27377	0.995658	0.635951	1.18267	0.75685	0.868007	0.905186	1.11473	1.16312	1.16838	1.23716	1.10325	1.01321	0.557	0.913128	0.893217	1.25445	0.618311	0.61829	0.63432	0.634236	0.763443	0.895752	1.3021	0.722396	0.654951	0.686024	0.759709	0.727157	0.618307	1.17079	0.856601	0.726948	0.618745	0.615166	0.699961	0.285179	0.97801	0.766651	1.06755	0.634193	0.595078	0.731268	0.302549	0.712782	0.830378	0.854863	
1.51	0.979777	1.05509	1.25308	1.18482	1.14867	1.02223	0.752647	0.871948	0.63184	0.635082	1.28602	1.29318	0.875947	0.994199	0.755992	0.844553	1.32278	0.73997	0.616628	0.758775	0.909325	0.874067	0.728911	0.968985	0.790678	1.23574	1.37783	0.617292	0.580866	0.61579	0.960456	0.628168	1.05127	1.27467	0.994886	0.635844	1.18247	0.759189	0.868799	0.905863	1.11554	1.16379	1.16993	1.23913	1.10474	1.01434	0.557785	0.912636	0.891602	1.25378	0.618236	0.618216	0.634216	0.634132	0.763025	0.895784	1.30435	0.721236	0.653931	0.685431	0.758326	0.725887	0.618072	1.1711	0.855572	0.728107	0.618668	0.614962	0.699624	0.285285	0.976227	0.767541	1.06811	0.634089	0.594756	0.731034	0.30285	0.713755	0.830834	0.855134	
1.515	0.980921	1.05635	1.2549	1.18705	1.15054	1.02343	0.754324	0.871499	0.631534	0.634899	1.28586	1.29318	0.875493	0.99208	0.755834	0.844701	1.32453	0.738589	0.616366	0.758122	0.907423	0.872406	0.728067	0.96947	0.790185	1.23682	1.3785	0.61722	0.580422	0.615721	0.958875	0.629427	1.05209	1.27555	0.994064	0.635737	1.1823	0.761682	0.869588	0.90675	1.11633	1.16443	1.17147	1.24108	1.10622	1.01555	0.558586	0.91215	0.890015	1.25313	0.618162	0.618142	0.634113	0.634029	0.762608	0.895822	1.30653	0.720042	0.652857	0.684847	0.756848	0.72457	0.617864	1.17141	0.854497	0.729224	0.618592	0.614757	0.699344	0.28539	0.974443	0.768463	1.06869	0.633986	0.594401	0.730804	0.30316	0.714733	0.831312	0.855559	
1.52	0.982029	1.05756	1.2567	1.18926	1.15237	1.02459	0.756064	0.871051	0.631265	0.634695	1.28571	1.2932	0.875037	0.990217	0.75569	0.844859	1.32628	0.736806	0.616044	0.7574	0.905567	0.870749	0.727208	0.969941	0.789673	1.23783	1.37914	0.617148	0.579991	0.615651	0.957304	0.63069	1.05291	1.27642	0.99323	0.635631	1.18214	0.76399	0.870373	0.907854	1.11709	1.16503	1.173	1.24303	1.10768	1.01683	0.559403	0.911666	0.888451	1.25251	0.618088	0.618068	0.634009	0.633925	0.762192	0.895867	1.3087	0.719023	0.651926	0.684201	0.75552	0.723305	0.617662	1.17171	0.853437	0.730299	0.618517	0.614505	0.6991	0.285495	0.97266	0.769415	1.06928	0.633883	0.594054	0.730569	0.303477	0.715542	0.831808	0.856025	
1.525	0.983105	1.05873	1.25847	1.19144	1.15417	1.02576	0.757756	0.870604	0.630985	0.634486	1.28558	1.29323	0.874581	0.988864	0.755561	0.845027	1.32801	0.734741	0.615722	0.756716	0.904006	0.86934	0.72648	0.970399	0.789119	1.23879	1.37975	0.617076	0.579576	0.615582	0.955743	0.631957	1.05372	1.27729	0.99244	0.635525	1.18201	0.765905	0.871155	0.909124	1.11782	1.16561	1.17452	1.24496	1.10912	1.01817	0.560236	0.911171	0.886903	1.2519	0.618015	0.617994	0.633906	0.633822	0.761777	0.895917	1.31091	0.717442	0.651235	0.683552	0.754483	0.722256	0.617479	1.17201	0.852477	0.731336	0.618442	0.614249	0.698866	0.285601	0.970876	0.770398	1.06988	0.63378	0.593752	0.73033	0.303801	0.716085	0.83232	0.856366	
1.53	0.984148	1.05986	1.26021	1.19359	1.15595	1.02697	0.75938	0.870159	0.630662	0.634294	1.28547	1.29328	0.874125	0.987969	0.755445	0.845202	1.32974	0.732795	0.615458	0.756137	0.902066	0.867588	0.725601	0.970844	0.788555	1.23968	1.38032	0.617004	0.579173	0.615513	0.954193	0.633228	1.05453	1.27814	0.991725	0.635419	1.18191	0.767472	0.871934	0.910473	1.11853	1.16615	1.17603	1.24688	1.11055	1.01952	0.561085	0.910658	0.88537	1.2513	0.617941	0.617921	0.633802	0.633719	0.761363	0.895973	1.31315	0.715584	0.65049	0.682974	0.753174	0.720928	0.617329	1.17231	0.851454	0.732336	0.618368	0.614036	0.698634	0.285706	0.969093	0.77141	1.0705	0.633677	0.593487	0.730086	0.304132	0.716308	0.832844	0.85654	
1.535	0.985163	1.06095	1.26194	1.19573	1.15769	1.0282	0.760905	0.869713	0.630323	0.634106	1.28537	1.29333	0.873669	0.987353	0.755339	0.845384	1.33145	0.73121	0.61518	0.755451	0.89997	0.865699	0.724586	0.971277	0.788014	1.24052	1.38086	0.616933	0.578799	0.615444	0.952653	0.634502	1.05534	1.27898	0.99106	0.635313	1.18182	0.768768	0.87271	0.911819	1.11922	1.16667	1.17754	1.24879	1.11196	1.02085	0.561947	0.910129	0.883853	1.25072	0.617867	0.617847	0.6337	0.633616	0.76095	0.896033	1.31538	0.713938	0.649625	0.682371	0.751732	0.719484	0.617152	1.1726	0.850293	0.733295	0.618293	0.613811	0.6984	0.285811	0.96731	0.772448	1.07113	0.633575	0.593231	0.729841	0.304468	0.716167	0.833379	0.856601	
1.54	0.986152	1.062	1.26365	1.19784	1.15941	1.02944	0.76235	0.869269	0.630011	0.633907	1.28528	1.29339	0.873215	0.986854	0.755241	0.84557	1.33314	0.729564	0.614831	0.754605	0.898132	0.864044	0.723627	0.971701	0.787498	1.2413	1.38137	0.616861	0.578454	0.615376	0.951126	0.635777	1.05615	1.27982	0.990393	0.635207	1.18175	0.769774	0.873483	0.913099	1.11988	1.16716	1.17903	1.25069	1.11336	1.02211	0.562823	0.909593	0.882352	1.25016	0.617794	0.617774	0.633597	0.633514	0.760537	0.896096	1.31749	0.711774	0.64878	0.681669	0.750459	0.718225	0.616963	1.1729	0.849088	0.734219	0.618219	0.613531	0.698165	0.285916	0.965529	0.773511	1.07176	0.633473	0.592955	0.729593	0.304806	0.71566	0.833923	0.856627	
1.545	0.987117	1.06303	1.26533	1.19992	1.1611	1.03071	0.76369	0.868825	0.629749	0.633685	1.28521	1.29347	0.872763	0.98638	0.755148	0.845758	1.33483	0.727895	0.614485	0.753761	0.896199	0.86216	0.722851	0.972116	0.786985	1.24203	1.38184	0.61679	0.578136	0.615307	0.949609	0.637053	1.05696	1.28065	0.989647	0.635102	1.1817	0.770595	0.874253	0.914273	1.12052	1.16763	1.18052	1.25258	1.11473	1.02332	0.563712	0.909063	0.88086	1.24962	0.617721	0.617701	0.633494	0.633411	0.760126	0.896162	1.31938	0.709413	0.648092	0.68095	0.748815	0.716748	0.616794	1.17318	0.847972	0.735112	0.618145	0.613249	0.69793	0.286022	0.96375	0.774596	1.07241	0.633371	0.592661	0.729346	0.305146	0.714927	0.834473	0.856674	
1.55	0.988064	1.06403	1.267	1.20198	1.16277	1.03197	0.765	0.868381	0.629492	0.633459	1.28516	1.29355	0.872313	0.985891	0.755057	0.845944	1.3365	0.726407	0.614205	0.753047	0.894323	0.860236	0.721917	0.972524	0.786448	1.24272	1.38229	0.616719	0.577872	0.615238	0.948106	0.638328	1.05776	1.28147	0.98876	0.634997	1.18167	0.771459	0.87502	0.915379	1.12115	1.16808	1.18199	1.25445	1.1161	1.02448	0.564611	0.908547	0.879369	1.24908	0.617648	0.617628	0.633392	0.633309	0.759714	0.896229	1.32104	0.707381	0.647248	0.680309	0.747027	0.71522	0.616591	1.17347	0.84701	0.735977	0.618071	0.613017	0.697696	0.286127	0.961975	0.775701	1.07306	0.633269	0.592366	0.729098	0.305485	0.714214	0.835028	0.856769	
1.555	0.988994	1.06501	1.26864	1.20402	1.16442	1.03319	0.76639	0.867938	0.629204	0.633254	1.28511	1.29364	0.871867	0.985379	0.754965	0.846128	1.33815	0.725217	0.613917	0.7522	0.89275	0.858591	0.720919	0.972927	0.785867	1.24336	1.38272	0.616647	0.577701	0.61517	0.946615	0.639601	1.05855	1.28228	0.987781	0.634892	1.18165	0.772502	0.875784	0.9166	1.12176	1.16851	1.18345	1.25631	1.11745	1.02563	0.565519	0.908015	0.877879	1.24855	0.617575	0.617555	0.63329	0.633207	0.759302	0.896295	1.32256	0.704945	0.646349	0.679602	0.745475	0.713922	0.61629	1.17376	0.845939	0.736821	0.617998	0.612749	0.697463	0.286232	0.960204	0.776822	1.07372	0.633167	0.592103	0.728851	0.30582	0.713797	0.835587	0.856919	
1.56	0.989913	1.06597	1.27027	1.20604	1.16606	1.03437	0.767887	0.867495	0.628911	0.633068	1.28507	1.29373	0.871424	0.984845	0.754868	0.846305	1.33978	0.723681	0.61358	0.751302	0.890959	0.856678	0.720047	0.973327	0.785279	1.24396	1.38312	0.616576	0.577628	0.615102	0.945138	0.64087	1.05935	1.28308	0.986795	0.634787	1.18165	0.773756	0.876546	0.91806	1.12236	1.16892	1.1849	1.25816	1.11878	1.02676	0.566434	0.907442	0.87639	1.24803	0.617502	0.617482	0.633188	0.633105	0.75889	0.896358	1.32405	0.702396	0.645585	0.678815	0.743771	0.712479	0.615965	1.17404	0.844778	0.737636	0.617924	0.612345	0.69723	0.286337	0.958438	0.777957	1.07438	0.633066	0.591892	0.728603	0.30615	0.713956	0.83615	0.857122	
1.565	0.990825	1.06693	1.27189	1.20804	1.16768	1.03554	0.769399	0.867052	0.628649	0.632882	1.28505	1.29384	0.870986	0.984293	0.754765	0.846473	1.3414	0.721899	0.613249	0.750508	0.889114	0.854693	0.719059	0.973726	0.78472	1.24454	1.38351	0.616505	0.577632	0.615034	0.943675	0.642134	1.06013	1.28388	0.98586	0.634682	1.18165	0.775125	0.877349	0.919786	1.12294	1.16933	1.18635	1.25999	1.12011	1.02789	0.567355	0.906829	0.874907	1.24751	0.617429	0.617409	0.633086	0.633004	0.758476	0.896418	1.32562	0.700239	0.644748	0.678049	0.742077	0.711027	0.615692	1.17433	0.843667	0.738442	0.617851	0.611876	0.696997	0.286442	0.956679	0.779102	1.07505	0.632964	0.591711	0.728353	0.306472	0.71487	0.836715	0.85741	
1.57	0.991732	1.06788	1.27349	1.21001	1.16929	1.03668	0.770876	0.866609	0.628384	0.632675	1.28503	1.29394	0.870552	0.983729	0.75465	0.84663	1.34299	0.72022	0.61298	0.749587	0.887522	0.852984	0.718057	0.974126	0.784158	1.24508	1.38388	0.616435	0.577678	0.614966	0.942227	0.643393	1.06092	1.28467	0.984957	0.634578	1.18167	0.776545	0.878252	0.921736	1.12352	1.16972	1.18778	1.26181	1.12142	1.02904	0.56828	0.9062	0.873435	1.24701	0.617356	0.617337	0.632984	0.632902	0.75806	0.896473	1.32734	0.698023	0.643922	0.677391	0.740661	0.709808	0.615377	1.17461	0.842695	0.739263	0.617777	0.611462	0.696765	0.286547	0.954926	0.780255	1.07571	0.632863	0.591516	0.728102	0.306782	0.716479	0.837281	0.85791	
1.575	0.99264	1.06884	1.27508	1.21197	1.17089	1.03782	0.772204	0.866167	0.62809	0.632464	1.28501	1.29405	0.870123	0.983155	0.754522	0.846773	1.34457	0.718854	0.612661	0.748635	0.885733	0.850998	0.717205	0.974528	0.783571	1.24561	1.38424	0.616364	0.577725	0.614898	0.940794	0.644644	1.0617	1.28545	0.984011	0.634474	1.18169	0.777925	0.879259	0.923794	1.12409	1.17011	1.1892	1.26361	1.12272	1.03022	0.569207	0.905587	0.871977	1.24653	0.617284	0.617264	0.632883	0.632801	0.757642	0.896521	1.32924	0.695917	0.643242	0.676677	0.738941	0.708351	0.614983	1.1749	0.841596	0.740112	0.617704	0.611157	0.696533	0.286653	0.953182	0.781414	1.07638	0.632762	0.591255	0.727846	0.307079	0.718388	0.837848	0.85874	
1.58	0.993552	1.06981	1.27666	1.21391	1.17249	1.03896	0.773399	0.865725	0.627788	0.63227	1.285	1.29416	0.869699	0.982575	0.754378	0.846899	1.34613	0.717318	0.61224	0.747809	0.883914	0.84894	0.716244	0.974936	0.782987	1.24612	1.38458	0.616294	0.577723	0.61483	0.939376	0.645887	1.06247	1.28622	0.982964	0.63437	1.18172	0.779185	0.880362	0.925867	1.12465	1.1705	1.19061	1.26541	1.12401	1.03143	0.570135	0.905007	0.870539	1.24606	0.617212	0.617192	0.632782	0.6327	0.75722	0.896559	1.3313	0.694216	0.642469	0.675799	0.737114	0.706821	0.614572	1.1752	0.840296	0.741004	0.617631	0.610878	0.696301	0.286758	0.951446	0.782575	1.07705	0.632662	0.590883	0.727585	0.30736	0.720163	0.838416	0.859867	
1.585	0.994471	1.07078	1.27823	1.21583	1.17408	1.0401	0.774617	0.865283	0.627512	0.632077	1.28499	1.29427	0.869281	0.981993	0.754215	0.847006	1.34766	0.715673	0.61179	0.746829	0.882356	0.847173	0.715175	0.975349	0.782438	1.24662	1.38493	0.616223	0.577676	0.614762	0.937974	0.64712	1.06324	1.28698	0.981816	0.634266	1.18175	0.780311	0.881545	0.927897	1.12522	1.17089	1.19202	1.26719	1.1253	1.03266	0.571061	0.904462	0.869129	1.24561	0.617139	0.61712	0.632681	0.632599	0.756794	0.896587	1.33344	0.691901	0.641634	0.674832	0.735544	0.705514	0.614222	1.17549	0.838933	0.741956	0.617558	0.610554	0.696071	0.286863	0.949719	0.783737	1.07772	0.632561	0.59041	0.727317	0.307623	0.72166	0.838984	0.861165	
1.59	0.995401	1.07178	1.27979	1.21773	1.17567	1.04124	0.776032	0.864841	0.62728	0.631867	1.28498	1.29438	0.868868	0.981409	0.754031	0.847093	1.34918	0.714174	0.611407	0.745804	0.880422	0.845177	0.714195	0.975771	0.781882	1.24712	1.38527	0.616153	0.577633	0.614695	0.936588	0.648342	1.064	1.28774	0.980613	0.634162	1.18178	0.781397	0.882804	0.929874	1.12578	1.17129	1.19342	1.26895	1.12658	1.03388	0.571984	0.903944	0.867758	1.24517	0.617067	0.617048	0.63258	0.632499	0.756364	0.896602	1.3356	0.689303	0.640899	0.673927	0.733961	0.704065	0.613927	1.1758	0.837674	0.742965	0.617485	0.610239	0.69584	0.286968	0.948002	0.784897	1.07838	0.632461	0.589884	0.727041	0.307864	0.723002	0.839551	0.86255	
1.595	0.996346	1.0728	1.28135	1.21961	1.17726	1.0424	0.777686	0.8644	0.627061	0.631656	1.28497	1.29449	0.868461	0.980825	0.753823	0.847157	1.35067	0.712969	0.611129	0.744914	0.878341	0.843143	0.713422	0.976202	0.781283	1.24762	1.38561	0.616083	0.577613	0.614627	0.935218	0.649553	1.06475	1.28848	0.979406	0.634059	1.18181	0.782474	0.88412	0.931786	1.12636	1.1717	1.19481	1.27071	1.12786	1.03507	0.572902	0.903446	0.866435	1.24476	0.616995	0.616976	0.632479	0.632398	0.755929	0.896602	1.33768	0.687042	0.640349	0.673177	0.732477	0.702613	0.613612	1.17611	0.836602	0.744026	0.617412	0.609984	0.69561	0.287073	0.946296	0.786053	1.07905	0.63236	0.589354	0.726755	0.308084	0.724324	0.840119	0.863977	
1.6	0.997306	1.07384	1.28289	1.22148	1.17886	1.04356	0.779633	0.863958	0.626814	0.631462	1.28495	1.29459	0.86806	0.980244	0.75359	0.847197	1.35214	0.711517	0.610839	0.74391	0.876523	0.841408	0.712537	0.976644	0.780674	1.24812	1.38595	0.616013	0.577623	0.61456	0.933864	0.650752	1.0655	1.28922	0.978206	0.633956	1.18183	0.783534	0.885489	0.933646	1.12694	1.17212	1.19619	1.27245	1.12914	1.03623	0.573815	0.90296	0.865161	1.24438	0.616924	0.616904	0.632379	0.632298	0.75549	0.896587	1.33963	0.685401	0.639651	0.672422	0.731267	0.701401	0.613202	1.17643	0.835503	0.745163	0.61734	0.609691	0.69538	0.287178	0.944599	0.787203	1.0797	0.632261	0.588833	0.726458	0.30828	0.725672	0.840706	0.865455	
1.605	0.998286	1.07492	1.28444	1.22334	1.18046	1.04474	0.781842	0.863518	0.626494	0.631276	1.28493	1.29469	0.867665	0.979666	0.75333	0.847212	1.35359	0.709894	0.610465	0.742766	0.874569	0.839583	0.711441	0.977099	0.780098	1.24863	1.3863	0.615939	0.577637	0.614493	0.932525	0.651938	1.06625	1.28995	0.976996	0.633853	1.18185	0.784536	0.88689	0.935449	1.12753	1.17255	1.19757	1.27419	1.13041	1.03738	0.57472	0.902483	0.863933	1.24401	0.616852	0.616832	0.632278	0.632198	0.755051	0.896553	1.34143	0.684061	0.638744	0.671618	0.729872	0.700133	0.612734	1.17676	0.834243	0.746374	0.617267	0.609302	0.695151	0.287283	0.942914	0.788346	1.08036	0.632161	0.588314	0.72615	0.30845	0.726955	0.841322	0.866979	
1.61	0.999288	1.07602	1.28598	1.22518	1.18207	1.04594	0.784234	0.863077	0.626105	0.631076	1.28491	1.29478	0.867276	0.979092	0.753043	0.8472	1.35502	0.708389	0.61009	0.741689	0.872646	0.837804	0.710364	0.977567	0.779504	1.24916	1.38665	0.615838	0.577654	0.614426	0.931203	0.653112	1.06699	1.29067	0.975734	0.63375	1.18186	0.78548	0.88831	0.937207	1.12813	1.17301	1.19895	1.27591	1.13169	1.03854	0.575617	0.902011	0.862751	1.24365	0.61678	0.616761	0.632178	0.632098	0.754621	0.896501	1.34308	0.682953	0.637857	0.670851	0.728424	0.698905	0.612316	1.1771	0.832947	0.747666	0.617195	0.608909	0.694923	0.287388	0.941239	0.78948	1.08101	0.632061	0.587779	0.725829	0.308595	0.728111	0.842026	0.86861	
1.615	1.00031	1.07716	1.28751	1.22702	1.18368	1.04715	0.786664	0.862636	0.625697	0.630849	1.28488	1.29487	0.866893	0.978522	0.752728	0.847161	1.35642	0.707174	0.609789	0.740825	0.871026	0.836312	0.70949	0.978049	0.778853	1.24971	1.38702	0.615697	0.577673	0.614359	0.929896	0.654272	1.06772	1.29139	0.974391	0.633647	1.18187	0.786373	0.889742	0.938927	1.12875	1.17349	1.20032	1.27763	1.13297	1.03972	0.576504	0.901542	0.861613	1.24332	0.616709	0.61669	0.632078	0.631998	0.754256	0.896428	1.34467	0.682105	0.637159	0.670199	0.727188	0.69789	0.612003	1.17746	0.831766	0.749035	0.617123	0.608595	0.694694	0.287493	0.939575	0.790604	1.08166	0.631962	0.587217	0.725496	0.308714	0.729053	0.842825	0.870324	
1.62	1.00136	1.07834	1.28905	1.22884	1.1853	1.04838	0.78908	0.862196	0.625328	0.630619	1.28484	1.29495	0.866517	0.977957	0.752385	0.847094	1.3578	0.705794	0.609575	0.739917	0.868974	0.834391	0.708849	0.978547	0.778188	1.25027	1.3874	0.615548	0.577699	0.614292	0.928605	0.655419	1.06845	1.2921	0.972983	0.633545	1.18186	0.787243	0.891163	0.940593	1.12938	1.17399	1.20169	1.27934	1.13426	1.04092	0.577381	0.901075	0.86052	1.243	0.616638	0.616618	0.631979	0.631899	0.753934	0.896333	1.34622	0.681441	0.636425	0.669501	0.725641	0.696618	0.611688	1.17782	0.830532	0.750498	0.617051	0.608276	0.694466	0.287598	0.937922	0.791716	1.0823	0.631863	0.586642	0.725151	0.308808	0.7299	0.84371	0.872072	
1.625	1.00243	1.07956	1.29058	1.23065	1.18694	1.04963	0.791395	0.861756	0.625018	0.630411	1.2848	1.29503	0.866149	0.977396	0.752014	0.846998	1.35917	0.704308	0.60931	0.738751	0.86674	0.832281	0.708055	0.979061	0.777564	1.25086	1.38778	0.615415	0.577727	0.614225	0.927329	0.656554	1.06918	1.29281	0.971561	0.633443	1.18185	0.788068	0.892548	0.942187	1.13003	1.17452	1.20306	1.28104	1.13555	1.04213	0.578245	0.900609	0.85947	1.2427	0.616566	0.616547	0.631879	0.631799	0.753102	0.896217	1.34781	0.679876	0.635704	0.668685	0.723981	0.695245	0.611311	1.1782	0.829269	0.752076	0.616979	0.607905	0.694239	0.287703	0.93628	0.792816	1.08294	0.631764	0.586086	0.724794	0.308876	0.730739	0.844659	0.873815	
1.63	1.00353	1.08081	1.29211	1.23245	1.18858	1.0509	0.7935	0.861317	0.624728	0.630209	1.28475	1.2951	0.865788	0.97684	0.751618	0.846875	1.36051	0.702951	0.608935	0.737532	0.86478	0.830428	0.707179	0.97959	0.776936	1.25147	1.38819	0.615278	0.577751	0.614158	0.926067	0.657676	1.0699	1.29351	0.970179	0.633341	1.18183	0.788834	0.89387	0.943689	1.13069	1.17507	1.20442	1.28273	1.13684	1.04331	0.579097	0.900145	0.858462	1.24241	0.616495	0.616476	0.63178	0.6317	0.752138	0.896077	1.34945	0.677809	0.635111	0.667859	0.722551	0.694061	0.610943	1.17859	0.828095	0.753773	0.616907	0.607549	0.694012	0.287808	0.93465	0.793903	1.08357	0.631665	0.585573	0.724427	0.308921	0.731568	0.845664	0.875538	
1.635	1.00465	1.08211	1.29364	1.23424	1.19023	1.05218	0.795319	0.860877	0.624423	0.629994	1.28469	1.29516	0.865435	0.976286	0.751199	0.846723	1.36183	0.70186	0.608551	0.736495	0.862424	0.828299	0.706402	0.980136	0.776266	1.2521	1.3886	0.615115	0.577769	0.614092	0.92482	0.658786	1.07062	1.29421	0.968834	0.633239	1.1818	0.789542	0.895115	0.945091	1.13138	1.17565	1.20578	1.28441	1.13813	1.04447	0.579936	0.899681	0.857496	1.24214	0.616424	0.616405	0.631681	0.631601	0.751475	0.895914	1.35109	0.675926	0.634329	0.667135	0.720866	0.69272	0.61065	1.179	0.827085	0.755595	0.616836	0.607269	0.693785	0.287913	0.93303	0.794975	1.0842	0.631566	0.585105	0.724052	0.308943	0.732367	0.846719	0.877234	
1.64	1.0058	1.08344	1.29517	1.23602	1.19189	1.05348	0.796876	0.860438	0.624123	0.629781	1.28462	1.29522	0.865092	0.975734	0.750767	0.846543	1.36313	0.70046	0.608243	0.735373	0.859943	0.826118	0.705379	0.980698	0.775595	1.25276	1.38903	0.614951	0.577774	0.614026	0.923588	0.659884	1.07133	1.29491	0.967487	0.633137	1.18176	0.790219	0.896306	0.946417	1.13208	1.17625	1.20714	1.28608	1.13944	1.04563	0.580761	0.899217	0.856573	1.24188	0.616354	0.616335	0.631582	0.631503	0.751015	0.895728	1.35269	0.673871	0.633473	0.666366	0.719119	0.691364	0.610326	1.17942	0.826001	0.757555	0.616764	0.606962	0.693559	0.288018	0.931423	0.796031	1.08482	0.631468	0.58466	0.72367	0.308946	0.733143	0.847831	0.878909	
1.645	1.00697	1.08481	1.2967	1.23779	1.19357	1.0548	0.798241	0.859999	0.623859	0.629587	1.28455	1.29527	0.864759	0.975182	0.750375	0.846336	1.36441	0.698844	0.608	0.734262	0.857802	0.824259	0.704266	0.981276	0.774971	1.25343	1.38947	0.61481	0.577705	0.613959	0.922371	0.660969	1.07204	1.2956	0.966091	0.633036	1.18171	0.790895	0.897481	0.947704	1.1328	1.17689	1.20849	1.28775	1.14074	1.04681	0.58157	0.898754	0.855691	1.24164	0.616283	0.616264	0.631483	0.631404	0.750574	0.895518	1.35425	0.671877	0.632741	0.665475	0.717639	0.690228	0.609918	1.17985	0.824793	0.759652	0.616693	0.606573	0.693334	0.288123	0.929828	0.797069	1.08543	0.631369	0.584213	0.723285	0.308929	0.733913	0.849003	0.880562	
1.65	1.00816	1.08622	1.29822	1.23955	1.19525	1.05614	0.79948	0.85956	0.623608	0.629395	1.28448	1.29532	0.864437	0.974629	0.750037	0.8461	1.36566	0.69733	0.607783	0.733326	0.855545	0.822309	0.703302	0.981869	0.774351	1.25414	1.38992	0.614665	0.577546	0.613893	0.921169	0.662042	1.07275	1.2963	0.964611	0.632934	1.18165	0.791571	0.898684	0.948995	1.13353	1.17754	1.20984	1.2894	1.14204	1.048	0.582365	0.898291	0.85485	1.24142	0.616212	0.616193	0.631385	0.631306	0.750094	0.895285	1.35578	0.670265	0.631899	0.664536	0.716003	0.688998	0.609485	1.18028	0.823594	0.761878	0.616621	0.606155	0.693108	0.288228	0.928247	0.798089	1.08603	0.631271	0.58376	0.722903	0.308898	0.734679	0.850219	0.882174	
1.655	1.00938	1.08766	1.29975	1.2413	1.19694	1.05749	0.800706	0.859122	0.623334	0.629178	1.28439	1.29536	0.864127	0.974072	0.749106	0.845838	1.3669	0.696107	0.607489	0.7321	0.853349	0.820412	0.702423	0.982477	0.773687	1.25486	1.39039	0.614488	0.57738	0.613827	0.919982	0.663103	1.07345	1.297	0.96306	0.632833	1.18159	0.792271	0.899939	0.950311	1.13428	1.17822	1.21118	1.29103	1.14335	1.0492	0.583142	0.897828	0.854053	1.24121	0.616142	0.616123	0.631286	0.631208	0.749609	0.895029	1.35731	0.668364	0.630999	0.66368	0.714364	0.687468	0.609116	1.18073	0.822526	0.764272	0.61655	0.605797	0.692884	0.288333	0.926679	0.799088	1.08662	0.631173	0.58331	0.722529	0.308853	0.735416	0.851458	0.883732	
1.66	1.01062	1.08913	1.30126	1.24303	1.19863	1.05886	0.802069	0.858684	0.623052	0.628922	1.2843	1.2954	0.863831	0.973509	0.748058	0.845549	1.36812	0.694662	0.607053	0.730754	0.851516	0.818829	0.701545	0.983098	0.773018	1.2556	1.39087	0.614309	0.577268	0.613761	0.918811	0.66415	1.07414	1.2977	0.961481	0.632733	1.18152	0.793056	0.901266	0.951671	1.13504	1.17891	1.21252	1.29266	1.14465	1.05039	0.583902	0.897365	0.853297	1.24102	0.616072	0.616053	0.631188	0.63111	0.749205	0.894751	1.35885	0.666387	0.630218	0.662981	0.712998	0.685905	0.608847	1.18118	0.821387	0.76689	0.616479	0.605537	0.692659	0.288438	0.925127	0.800065	1.0872	0.631076	0.582881	0.722175	0.308798	0.736133	0.852726	0.885249	
1.665	1.01187	1.09064	1.30278	1.24475	1.20033	1.06024	0.803687	0.858246	0.622792	0.628659	1.28421	1.29543	0.863548	0.972941	0.747333	0.845235	1.36931	0.693069	0.606601	0.729583	0.849057	0.816588	0.700754	0.983732	0.772394	1.25637	1.39136	0.614154	0.577278	0.613696	0.917656	0.665183	1.07483	1.2984	0.959934	0.632632	1.18144	0.793919	0.902662	0.953077	1.1358	1.17963	1.21384	1.29426	1.14595	1.05156	0.584645	0.896903	0.852575	1.24084	0.616001	0.615983	0.63109	0.631012	0.748865	0.894451	1.36041	0.664732	0.629644	0.662255	0.711393	0.684605	0.608543	1.18164	0.820208	0.769795	0.616408	0.605241	0.692435	0.288543	0.923592	0.801018	1.08777	0.630978	0.58249	0.721859	0.308736	0.736815	0.854007	0.88673	
1.67	1.01314	1.09216	1.30428	1.24646	1.20203	1.06163	0.805468	0.857808	0.622574	0.628421	1.28411	1.29546	0.863281	0.972366	0.746803	0.844896	1.37048	0.691606	0.606239	0.728306	0.846298	0.814019	0.700119	0.984376	0.771737	1.25715	1.39186	0.613986	0.577408	0.61363	0.916518	0.666203	1.07551	1.2991	0.958474	0.632531	1.18136	0.794804	0.904103	0.954516	1.13658	1.18036	1.21515	1.29585	1.14724	1.05271	0.585369	0.896441	0.851885	1.24068	0.615931	0.615913	0.630992	0.630914	0.74781	0.894131	1.36194	0.66269	0.62897	0.661467	0.709726	0.683193	0.608161	1.18211	0.819109	0.773059	0.616338	0.604864	0.692212	0.288647	0.922073	0.801947	1.08832	0.630881	0.582149	0.721578	0.308669	0.737468	0.855305	0.888196	
1.675	1.01442	1.09371	1.30578	1.24815	1.20372	1.06302	0.807382	0.857371	0.622355	0.628197	1.284	1.29549	0.86303	0.971787	0.746285	0.844535	1.37164	0.690434	0.605864	0.727048	0.843855	0.811731	0.699255	0.985031	0.771009	1.25795	1.39237	0.613782	0.577588	0.613564	0.915396	0.667208	1.07619	1.2998	0.95708	0.632431	1.18127	0.795688	0.905578	0.95598	1.13736	1.1811	1.21645	1.29741	1.14853	1.05384	0.586073	0.895979	0.851225	1.24053	0.615861	0.615843	0.630894	0.630817	0.746551	0.893791	1.36351	0.660527	0.628254	0.660715	0.708313	0.681793	0.607788	1.18257	0.818162	0.77672	0.616267	0.604496	0.691989	0.288752	0.920571	0.802851	1.08887	0.630784	0.581838	0.721131	0.308601	0.738105	0.85662	0.889652	
1.68	1.01572	1.09528	1.30727	1.24982	1.20542	1.06443	0.809406	0.856934	0.622098	0.627966	1.28389	1.29551	0.862794	0.971207	0.745753	0.844152	1.37277	0.688994	0.605429	0.726001	0.84124	0.809367	0.698281	0.985693	0.770273	1.25877	1.39289	0.613578	0.577775	0.613499	0.914292	0.668201	1.07686	1.3005	0.955691	0.632331	1.18117	0.796541	0.907078	0.957461	1.13815	1.18186	1.21774	1.29896	1.14981	1.05495	0.586759	0.895517	0.850595	1.24039	0.615792	0.615773	0.630797	0.630719	0.745737	0.893432	1.36507	0.658708	0.627645	0.660081	0.707022	0.680634	0.607496	1.18304	0.817118	0.780895	0.616197	0.604206	0.691766	0.288857	0.919088	0.803728	1.0894	0.630687	0.581527	0.720413	0.308534	0.738747	0.857969	0.891114	
1.685	1.01701	1.09686	1.30875	1.25147	1.20711	1.06583	0.811466	0.856497	0.62183	0.627741	1.28378	1.29553	0.862575	0.970631	0.74531	0.843751	1.37388	0.687371	0.605014	0.724847	0.838682	0.807118	0.697421	0.986362	0.769594	1.2596	1.39343	0.613408	0.577957	0.613434	0.913204	0.66918	1.07752	1.3012	0.954257	0.632231	1.18107	0.797359	0.908583	0.95894	1.13894	1.18262	1.21901	1.30048	1.15107	1.05607	0.587425	0.895055	0.849993	1.24026	0.615722	0.615704	0.6307	0.630622	0.745211	0.893056	1.36657	0.656765	0.626909	0.659401	0.7059	0.679364	0.607181	1.1835	0.815999	0.785545	0.616126	0.603894	0.691544	0.288962	0.917622	0.804581	1.08991	0.63059	0.58119	0.719521	0.308472	0.739396	0.859365	0.892589	
1.69	1.01832	1.09845	1.31021	1.25311	1.2088	1.06724	0.813452	0.85606	0.621587	0.62754	1.28366	1.29554	0.862371	0.970064	0.744946	0.843331	1.37497	0.685868	0.60468	0.723357	0.836549	0.805272	0.696589	0.987036	0.76895	1.26046	1.39397	0.613261	0.578132	0.613368	0.912133	0.670146	1.07818	1.3019	0.95276	0.632131	1.18097	0.798156	0.910077	0.960399	1.13973	1.18338	1.22027	1.30199	1.15233	1.05719	0.588073	0.894594	0.849421	1.24014	0.615652	0.615634	0.630603	0.630525	0.744709	0.892663	1.36801	0.654339	0.625877	0.658529	0.705021	0.677723	0.606763	1.18397	0.814936	0.79009	0.616056	0.603478	0.691322	0.289067	0.916174	0.805409	1.09042	0.630493	0.580822	0.718598	0.308419	0.740044	0.860812	0.894073	
1.695	1.01962	1.10005	1.31167	1.25473	1.21047	1.06865	0.815302	0.855624	0.621339	0.627342	1.28354	1.29555	0.862181	0.969513	0.744123	0.842897	1.37605	0.684663	0.604352	0.721845	0.833948	0.803062	0.695765	0.987714	0.768228	1.26132	1.39452	0.613097	0.578302	0.613303	0.911078	0.671101	1.07884	1.3026	0.951232	0.632032	1.18085	0.798925	0.911532	0.961806	1.14052	1.18415	1.22152	1.30347	1.15358	1.05826	0.588701	0.894133	0.848876	1.24004	0.615583	0.615565	0.630506	0.630429	0.744167	0.892256	1.36945	0.651907	0.624808	0.657591	0.703758	0.676057	0.606337	1.18443	0.814009	0.793942	0.615986	0.603053	0.6911	0.289172	0.914744	0.806214	1.09091	0.630397	0.580443	0.717761	0.308377	0.740705	0.862305	0.895569	
1.7	1.02092	1.10164	1.31311	1.25633	1.21214	1.07006	0.816906	0.855188	0.621057	0.627124	1.28341	1.29556	0.862005	0.968985	0.742604	0.842449	1.3771	0.68313	0.603953	0.720606	0.831162	0.800716	0.695043	0.988393	0.76737	1.26221	1.39508	0.612891	0.578465	0.613238	0.910041	0.672044	1.07948	1.30329	0.949723	0.631932	1.18074	0.799735	0.91298	0.963191	1.1413	1.18492	1.22275	1.30493	1.15481	1.05929	0.589312	0.893672	0.848354	1.23995	0.615514	0.615495	0.630409	0.630332	0.743702	0.891834	1.37079	0.649947	0.623946	0.65675	0.702302	0.674701	0.605995	1.18489	0.812971	0.796945	0.615916	0.602713	0.690879	0.289276	0.913331	0.806995	1.09139	0.630301	0.580077	0.71706	0.308353	0.741362	0.863824	0.897078	
1.705	1.02221	1.10323	1.31454	1.25791	1.21379	1.07146	0.818346	0.854752	0.620771	0.626904	1.28328	1.29556	0.86184	0.968484	0.741308	0.84199	1.37814	0.681372	0.603563	0.719427	0.828739	0.798689	0.694475	0.989073	0.766476	1.2631	1.39565	0.612684	0.578623	0.613173	0.909019	0.672978	1.08013	1.30397	0.948277	0.631833	1.18061	0.800542	0.914426	0.96456	1.14208	1.18568	1.22397	1.30638	1.15603	1.0603	0.589905	0.893211	0.847856	1.23986	0.615445	0.615426	0.630312	0.630236	0.743321	0.891399	1.37205	0.648167	0.623126	0.655886	0.701015	0.673393	0.605638	1.18535	0.811837	0.799277	0.615846	0.602479	0.690659	0.289381	0.911934	0.807756	1.09186	0.630204	0.579732	0.716485	0.308351	0.742032	0.865363	0.898603	
1.71	1.02349	1.10481	1.31595	1.25947	1.21543	1.07285	0.81942	0.854316	0.620515	0.626705	1.28314	1.29555	0.861685	0.968013	0.740523	0.841522	1.37917	0.679736	0.603255	0.718354	0.825946	0.796275	0.693501	0.989751	0.765651	1.26401	1.39622	0.61251	0.578776	0.613109	0.908013	0.673904	1.08076	1.30465	0.94688	0.631734	1.18048	0.801317	0.915855	0.965919	1.14286	1.18645	1.22517	1.3078	1.15724	1.06131	0.590482	0.892751	0.847378	1.23979	0.615376	0.615357	0.630216	0.63014	0.742272	0.890951	1.37323	0.646623	0.622388	0.655017	0.699469	0.672191	0.605234	1.1858	0.810744	0.801184	0.615776	0.602193	0.690439	0.289486	0.910554	0.808497	1.09233	0.630109	0.579388	0.715998	0.308378	0.742737	0.86692	0.900157	
1.715	1.02476	1.10637	1.31734	1.26101	1.21705	1.07423	0.820193	0.853881	0.620256	0.626504	1.28299	1.29554	0.861539	0.967573	0.739932	0.841047	1.38018	0.678426	0.602983	0.717485	0.823068	0.793744	0.692309	0.990427	0.764807	1.26494	1.3968	0.612326	0.578926	0.613044	0.907021	0.674824	1.0814	1.30531	0.945496	0.631635	1.18034	0.80207	0.917238	0.967252	1.14362	1.1872	1.22636	1.3092	1.15843	1.06232	0.591043	0.89229	0.84692	1.23972	0.615307	0.615288	0.63012	0.630044	0.740997	0.890492	1.37435	0.645447	0.62181	0.654237	0.697861	0.671231	0.60486	1.18625	0.809787	0.802832	0.615707	0.601807	0.690219	0.289591	0.909188	0.80922	1.09278	0.630013	0.579018	0.715564	0.308446	0.743448	0.868488	0.901738	
1.72	1.02602	1.10792	1.31873	1.26253	1.21865	1.0756	0.820785	0.853446	0.619965	0.626281	1.28284	1.29552	0.861398	0.967164	0.739337	0.840567	1.38119	0.676937	0.602652	0.716417	0.82061	0.791574	0.691237	0.991098	0.763912	1.26588	1.39739	0.612106	0.579071	0.612979	0.906044	0.675738	1.08203	1.30596	0.944075	0.631537	1.1802	0.802842	0.918596	0.968584	1.14438	1.18795	1.22753	1.31058	1.15962	1.06335	0.591589	0.89183	0.846486	1.23967	0.615238	0.61522	0.630024	0.629948	0.739763	0.890022	1.37538	0.643917	0.621106	0.653605	0.696506	0.670065	0.604575	1.18669	0.808713	0.804315	0.615637	0.601422	0.69	0.289695	0.907838	0.809925	1.09322	0.629917	0.578629	0.715157	0.30854	0.744172	0.870075	0.903349	
1.725	1.02726	1.10944	1.32009	1.26403	1.22023	1.07696	0.82127	0.853011	0.619671	0.626057	1.28268	1.2955	0.861261	0.966784	0.738823	0.840084	1.38218	0.675332	0.602172	0.715274	0.818015	0.789237	0.690053	0.991764	0.763042	1.26683	1.39799	0.611889	0.579213	0.612915	0.905081	0.676649	1.08266	1.3066	0.942581	0.631438	1.18004	0.803548	0.919934	0.969903	1.14513	1.18869	1.2287	1.31195	1.16078	1.06442	0.592122	0.89137	0.846073	1.23962	0.615169	0.615151	0.629928	0.629852	0.738773	0.889542	1.37643	0.642235	0.620284	0.652891	0.695052	0.668825	0.604253	1.18713	0.807492	0.80568	0.615568	0.601119	0.689781	0.2898	0.906501	0.810616	1.09366	0.629822	0.578241	0.714765	0.308644	0.744889	0.871659	0.90496	
1.73	1.02847	1.11094	1.32144	1.26552	1.22179	1.0783	0.821577	0.852577	0.619409	0.625855	1.28252	1.29546	0.861126	0.96643	0.738406	0.8396	1.38316	0.673878	0.601618	0.714287	0.81548	0.786931	0.688888	0.992423	0.762265	1.2678	1.39859	0.61171	0.57935	0.612851	0.90413	0.677559	1.08329	1.30722	0.941041	0.63134	1.17988	0.804217	0.921246	0.971199	1.14587	1.18942	1.22984	1.31329	1.16194	1.06549	0.592642	0.89091	0.845678	1.23959	0.615101	0.615083	0.629832	0.629757	0.738053	0.889053	1.37748	0.640806	0.619537	0.652106	0.693627	0.667769	0.60386	1.18756	0.806278	0.806957	0.615498	0.600774	0.689563	0.215335	0.905178	0.811291	1.09409	0.629727	0.57788	0.71438	0.308748	0.745574	0.873213	0.906543	
1.735	1.02966	1.1124	1.32277	1.26698	1.22333	1.07962	0.821767	0.852142	0.619132	0.625635	1.28235	1.29542	0.860991	0.966097	0.737463	0.839116	1.38414	0.672727	0.601134	0.712949	0.813369	0.785006	0.687931	0.993073	0.7614	1.26877	1.3992	0.611481	0.579481	0.612787	0.903191	0.678469	1.08391	1.30783	0.939538	0.631242	1.17971	0.804908	0.922514	0.972481	1.1466	1.19014	1.23098	1.31462	1.16307	1.06655	0.593149	0.890451	0.845319	1.23956	0.615032	0.615014	0.629737	0.629661	0.735506	0.888553	1.37852	0.639485	0.618977	0.651369	0.692453	0.666999	0.603488	1.18798	0.805199	0.808169	0.615429	0.600423	0.689345	0.215321	0.903868	0.811951	1.0945	0.629632	0.57757	0.714	0.308852	0.74622	0.874739	0.90811	
1.74	1.03083	1.11383	1.32409	1.26843	1.22484	1.08093	0.821847	0.851708	0.618812	0.625379	1.28218	1.29538	0.860855	0.965782	0.736159	0.838635	1.38511	0.671217	0.600786	0.71147	0.810768	0.782735	0.686698	0.993713	0.760428	1.26976	1.39981	0.611183	0.579606	0.612723	0.902264	0.679381	1.08454	1.30842	0.938145	0.631144	1.17954	0.805654	0.923773	0.97379	1.14731	1.19085	1.2321	1.31592	1.16419	1.06758	0.593645	0.889991	0.844985	1.23953	0.614964	0.614946	0.629642	0.629566	0.73213	0.888045	1.37966	0.638346	0.618369	0.650761	0.691082	0.666179	0.6032	1.1884	0.804046	0.809329	0.61536	0.600134	0.689127	0.215316	0.902573	0.812596	1.09491	0.629537	0.57732	0.713624	0.308954	0.746825	0.876215	0.909624	
1.745	1.03196	1.11522	1.32538	1.26985	1.22633	1.08221	0.821961	0.851275	0.61849	0.625118	1.282	1.29533	0.860715	0.965482	0.735088	0.838158	1.38608	0.669458	0.600441	0.710191	0.807971	0.780354	0.685361	0.994342	0.759465	1.27075	1.40043	0.610891	0.579723	0.612659	0.901348	0.680296	1.08516	1.309	0.936806	0.631047	1.17935	0.80644	0.925056	0.975154	1.14802	1.19155	1.2332	1.3172	1.1653	1.06851	0.594129	0.889532	0.844658	1.23952	0.614896	0.614878	0.629547	0.629471	0.730506	0.887528	1.38085	0.637486	0.617744	0.650079	0.689662	0.665346	0.602901	1.1888	0.802849	0.810446	0.615291	0.599783	0.68891	0.214265	0.901292	0.813223	1.09531	0.629442	0.577095	0.71325	0.309056	0.747464	0.877693	0.911124	
1.75	1.03307	1.11656	1.32666	1.27126	1.22779	1.08348	0.822181	0.850841	0.618207	0.624886	1.28182	1.29527	0.860571	0.965193	0.734352	0.837686	1.38704	0.667815	0.600027	0.708821	0.805539	0.778313	0.684217	0.994958	0.75861	1.27175	1.40105	0.610657	0.579833	0.612595	0.900443	0.681213	1.08579	1.30956	0.935402	0.630949	1.17917	0.807278	0.926408	0.9766	1.14871	1.19223	1.23428	1.31846	1.16638	1.06947	0.5946	0.889073	0.844336	1.23951	0.614827	0.61481	0.629452	0.629377	0.729954	0.887003	1.38177	0.636194	0.617218	0.649245	0.688463	0.664639	0.602533	1.1892	0.801734	0.811524	0.615223	0.599354	0.688693	0.213622	0.900028	0.813832	1.09569	0.372247	0.576867	0.712879	0.309159	0.748129	0.87918	0.912569	
1.755	1.03414	1.11786	1.32791	1.27264	1.22922	1.08473	0.822595	0.850408	0.617924	0.624662	1.28163	1.2952	0.860423	0.964912	0.733758	0.837221	1.38799	0.666504	0.599629	0.707489	0.802944	0.775883	0.682933	0.995559	0.757782	1.27275	1.40167	0.61042	0.579925	0.612531	0.89955	0.682132	1.08641	1.3101	0.933817	0.630852	1.17897	0.808071	0.927854	0.978137	1.14938	1.19289	1.23534	1.31969	1.16745	1.07047	0.595059	0.888614	0.844018	1.2395	0.61476	0.614742	0.629357	0.629282	0.729416	0.88647	1.38264	0.634691	0.616729	0.648392	0.687034	0.663861	0.602173	1.18958	0.800777	0.812567	0.615154	0.598948	0.688477	0.213487	0.898781	0.814418	1.09606	0.372249	0.576634	0.71251	0.309261	0.748771	0.88069	0.91397	
1.76	1.03517	1.11912	1.32915	1.27399	1.23062	1.08595	0.823275	0.849975	0.617611	0.624424	1.28144	1.29513	0.86027	0.964637	0.73325	0.836762	1.38894	0.665059	0.599321	0.706397	0.800406	0.773335	0.68165	0.996144	0.756935	1.27376	1.40229	0.610143	0.579872	0.612467	0.898669	0.683053	1.08702	1.31063	0.932048	0.630755	1.17877	0.808843	0.929394	0.979754	1.15004	1.19354	1.23638	1.32088	1.16848	1.07143	0.595503	0.888156	0.843704	1.2395	0.614692	0.614674	0.629262	0.629188	0.728693	0.885932	1.3835	0.633389	0.616135	0.647651	0.685545	0.663032	0.601891	1.18994	0.799704	0.813577	0.615085	0.598639	0.688261	0.213586	0.897555	0.814978	1.09641	0.372254	0.576409	0.712142	0.309363	0.749385	0.882183	0.91532	
1.765	1.03617	1.12032	1.33035	1.27532	1.23199	1.08715	0.824234	0.849543	0.6173	0.62419	1.28125	1.29506	0.860113	0.964367	0.732843	0.83631	1.38988	0.663536	0.598957	0.705236	0.798294	0.771154	0.680592	0.996711	0.756121	1.27476	1.40291	0.609874	0.579724	0.612404	0.897801	0.683973	1.08763	1.31115	0.930182	0.630658	1.17857	0.809679	0.930999	0.981417	1.15068	1.19417	1.2374	1.32205	1.1695	1.07232	0.595933	0.887697	0.84339	1.2395	0.614624	0.614606	0.629168	0.629093	0.727937	0.885391	1.3843	0.632003	0.615271	0.646876	0.684289	0.662297	0.601625	1.19029	0.798542	0.814554	0.615017	0.598433	0.688045	0.213734	0.89635	0.815508	1.09674	0.372261	0.576205	0.711776	0.309465	0.750026	0.883654	0.916652	
1.77	1.03714	1.12147	1.33154	1.27662	1.23332	1.08833	0.825443	0.84911	0.617028	0.623982	1.28106	1.29498	0.859952	0.9641	0.732506	0.835865	1.39081	0.662171	0.598506	0.7041	0.795664	0.768734	0.679365	0.997259	0.755395	1.27577	1.40353	0.609658	0.579609	0.61234	0.896947	0.68489	1.08824	1.31166	0.928322	0.630561	1.17837	0.810581	0.932639	0.9831	1.15131	1.19479	1.23838	1.32318	1.17048	1.07316	0.596345	0.887239	0.843075	1.2395	0.614556	0.614539	0.629074	0.628999	0.72735	0.884857	1.38505	0.630678	0.61411	0.646073	0.682891	0.661733	0.601289	1.19062	0.797434	0.815501	0.614949	0.598152	0.68783	0.213871	0.89517	0.816005	1.09705	0.372271	0.576015	0.711411	0.309567	0.750691	0.885089	0.917992	
1.775	1.03806	1.12257	1.33269	1.27789	1.23461	1.08948	0.826829	0.848678	0.616768	0.623797	1.28087	1.2949	0.859787	0.963837	0.731322	0.835427	1.39173	0.661099	0.598081	0.703159	0.792818	0.766303	0.678107	0.997785	0.754664	1.27677	1.40414	0.609431	0.579545	0.612277	0.896109	0.685802	1.08883	1.31215	0.926547	0.630464	1.17816	0.81149	0.934291	0.984783	1.15191	1.19538	1.23934	1.32427	1.17144	1.07401	0.596738	0.886781	0.842759	1.23951	0.614489	0.614472	0.62898	0.628906	0.726924	0.884363	1.3858	0.629628	0.612939	0.645338	0.681492	0.660843	0.600852	1.19092	0.796476	0.81642	0.614881	0.59774	0.687616	0.213993	0.894017	0.816463	1.09733	0.372326	0.575815	0.711046	0.30967	0.75136	0.886497	0.919353	
1.78	1.03894	1.12361	1.33382	1.27912	1.23587	1.09061	0.828159	0.848246	0.616487	0.623602	1.28067	1.29482	0.85962	0.963578	0.729765	0.834994	1.39264	0.6596	0.597759	0.701929	0.790341	0.764261	0.677058	0.998287	0.753884	1.27777	1.40475	0.609155	0.57947	0.612214	0.895287	0.686704	1.08941	1.31264	0.924811	0.630368	1.17796	0.812325	0.935914	0.986433	1.15249	1.19595	1.24027	1.32531	1.17236	1.07487	0.597111	0.886324	0.842443	1.23951	0.614422	0.614404	0.628886	0.628812	0.725239	0.883918	1.38655	0.628243	0.612004	0.644738	0.680334	0.659777	0.600427	1.1912	0.795342	0.817312	0.614813	0.597319	0.687401	0.214108	0.892893	0.81688	1.09759	0.372412	0.575573	0.710681	0.309772	0.752014	0.887878	0.920728	
1.785	1.03978	1.12459	1.33491	1.28032	1.23708	1.09171	0.829221	0.847815	0.616208	0.623374	1.28048	1.29474	0.859452	0.963322	0.728759	0.834566	1.39353	0.657802	0.597423	0.700585	0.787637	0.761986	0.675845	0.998764	0.753116	1.27875	1.40536	0.608885	0.579327	0.612151	0.894484	0.687592	1.08997	1.31312	0.923032	0.630272	1.17775	0.813074	0.937483	0.988028	1.15306	1.1965	1.24116	1.32632	1.17325	1.07571	0.597461	0.885866	0.842129	1.23951	0.614354	0.614337	0.628792	0.628718	0.723263	0.882695	1.38733	0.626729	0.611169	0.644088	0.679073	0.658828	0.600097	1.19146	0.793941	0.81818	0.614745	0.596987	0.687188	0.214221	0.891801	0.817252	1.09781	0.372259	0.575274	0.710317	0.309874	0.752657	0.889249	0.922113	
1.79	1.04058	1.12552	1.33596	1.28147	1.23825	1.09279	0.829614	0.847384	0.615964	0.62314	1.28029	1.29466	0.859285	0.963071	0.728178	0.834142	1.3944	0.656109	0.597035	0.699427	0.784952	0.759686	0.674606	0.999215	0.752421	1.27973	1.40596	0.608666	0.579209	0.612088	0.893701	0.688462	1.09052	1.3136	0.921097	0.630176	1.17755	0.813805	0.938951	0.989532	1.1536	1.19702	1.24202	1.32728	1.17411	1.07651	0.597787	0.885409	0.841815	1.23952	0.614287	0.61427	0.628699	0.628625	0.722059	0.881522	1.38809	0.625453	0.610454	0.64336	0.677825	0.657795	0.599784	1.19169	0.79248	0.819026	0.614677	0.596612	0.686974	0.214334	0.890741	0.817575	1.098	0.372268	0.574943	0.709954	0.309976	0.753333	0.890629	0.923508	
1.795	1.04134	1.12638	1.33698	1.28257	1.23937	1.09384	0.829523	0.846953	0.615719	0.622928	1.2801	1.29459	0.859119	0.962827	0.727663	0.83372	1.39526	0.654699	0.596675	0.69802	0.782706	0.75775	0.673576	0.999637	0.751703	1.2807	1.40655	0.608431	0.579146	0.612025	0.892941	0.689309	1.09104	1.31407	0.918878	0.63008	1.17735	0.814592	0.940316	0.990946	1.15411	1.19752	1.24284	1.32819	1.17492	1.07739	0.598086	0.884952	0.841502	1.23954	0.61422	0.614203	0.628605	0.628532	0.721276	0.880839	1.38874	0.623801	0.609915	0.642659	0.676795	0.656789	0.599414	1.19189	0.791162	0.819851	0.614609	0.596191	0.686761	0.214448	0.889717	0.817847	1.09817	0.372283	0.574629	0.709592	0.310078	0.754071	0.892042	0.924929	
1.8	1.04205	1.1272	1.33796	1.28363	1.24045	1.09486	0.829128	0.846522	0.615446	0.622712	1.27992	1.29451	0.858957	0.962589	0.727113	0.8333	1.39608	0.653429	0.596403	0.696547	0.780017	0.755289	0.672248	1.00003	0.750937	1.28165	1.40714	0.608145	0.579065	0.611962	0.892206	0.690127	1.09154	1.31454	0.916341	0.629984	1.17716	0.815342	0.941606	0.992295	1.1546	1.19799	1.24363	1.32905	1.1757	1.07839	0.598358	0.884495	0.841188	1.23955	0.614153	0.614136	0.628512	0.628439	0.720509	0.880386	1.38932	0.622027	0.609207	0.642071	0.6754	0.655968	0.599055	1.19206	0.789791	0.820658	0.614542	0.595813	0.686548	0.214562	0.888729	0.818066	1.09829	0.372301	0.574365	0.70923	0.31018	0.754809	0.893495	0.926375	
1.805	1.04272	1.12795	1.3389	1.28464	1.24148	1.09585	0.828541	0.846091	0.615158	0.622469	1.27974	1.29444	0.8588	0.962361	0.726648	0.832881	1.39689	0.652145	0.596075	0.695307	0.777172	0.752613	0.670766	1.00039	0.750181	1.28259	1.40772	0.607847	0.578952	0.6119	0.891496	0.690914	1.09202	1.31501	0.913554	0.629889	1.17698	0.816032	0.942836	0.993586	1.15507	1.19844	1.24437	1.32986	1.17644	1.07943	0.598601	0.884038	0.840874	1.23958	0.614087	0.61407	0.628419	0.628346	0.719831	0.87991	1.38995	0.620547	0.608268	0.641416	0.673848	0.654954	0.598773	1.1922	0.788293	0.82145	0.614474	0.595534	0.686336	0.214677	0.887779	0.818231	1.09839	0.372324	0.574146	0.708871	0.310282	0.755466	0.894991	0.927839	
1.81	1.04335	1.12865	1.33979	1.28559	1.24245	1.09682	0.827792	0.845661	0.614893	0.622223	1.27956	1.29437	0.858649	0.962143	0.726277	0.832461	1.39766	0.650948	0.595658	0.693919	0.774722	0.750291	0.669473	1.00072	0.749495	1.28351	1.40828	0.607593	0.57884	0.611837	0.890814	0.691663	1.09246	1.31547	0.910653	0.629793	1.1768	0.816677	0.944015	0.994821	1.15551	1.19886	1.24508	1.33062	1.17714	1.08046	0.598814	0.883582	0.84056	1.2396	0.61402	0.614003	0.628327	0.628253	0.719302	0.879361	1.39065	0.619096	0.607351	0.640671	0.67251	0.653873	0.598452	1.19231	0.786821	0.822228	0.614407	0.595202	0.686123	0.214791	0.886867	0.818341	1.09845	0.372352	0.573935	0.708513	0.310384	0.756119	0.896523	0.92931	
1.815	1.04394	1.12929	1.34064	1.28649	1.24338	1.09776	0.826957	0.845232	0.614671	0.622002	1.2794	1.29431	0.858507	0.961937	0.724821	0.83204	1.39841	0.649963	0.595261	0.692528	0.77204	0.747693	0.668279	1.00102	0.748762	1.28442	1.40884	0.607404	0.578722	0.611775	0.890162	0.692374	1.09288	1.31595	0.907788	0.629698	1.17662	0.817325	0.945142	0.995994	1.15593	1.19925	1.24575	1.33133	1.17781	1.08148	0.598996	0.883125	0.840245	1.23964	0.613953	0.613937	0.628234	0.628161	0.717204	0.87877	1.39138	0.617782	0.606643	0.639948	0.671045	0.652955	0.598102	1.19239	0.785527	0.822996	0.61434	0.59479	0.685902	0.214905	0.885995	0.818395	1.09847	0.372386	0.573694	0.708158	0.310486	0.756815	0.898069	0.930765	
1.82	1.04449	1.12988	1.34145	1.28734	1.24426	1.09866	0.826214	0.844802	0.614455	0.621765	1.27923	1.29425	0.858375	0.961745	0.723437	0.831617	1.39912	0.648737	0.594959	0.691378	0.769369	0.745076	0.667171	1.00128	0.747964	1.2853	1.40939	0.607197	0.578503	0.611713	0.889539	0.693041	1.09326	1.31642	0.905075	0.629603	1.17646	0.817997	0.946221	0.997114	1.15632	1.19962	1.24638	1.33199	1.17843	1.0824	0.599146	0.882669	0.839927	1.23967	0.613887	0.61387	0.628141	0.628069	0.715236	0.878174	1.39212	0.616772	0.605986	0.63934	0.669604	0.6518	0.597794	1.19244	0.784192	0.823755	0.614273	0.594398	0.685669	0.215019	0.885163	0.818394	1.09846	0.372425	0.573401	0.707804	0.310589	0.757561	0.899602	0.932181	
1.825	1.045	1.13042	1.34222	1.28814	1.24509	1.09955	0.825402	0.844373	0.614205	0.621485	1.27908	1.2942	0.858253	0.961567	0.722687	0.831191	1.39981	0.647363	0.594584	0.689967	0.767134	0.742882	0.666255	1.00152	0.74718	1.28617	1.40993	0.606919	0.57832	0.61165	0.888947	0.693664	1.09361	1.31689	0.902501	0.629508	1.1763	0.818659	0.947246	0.998176	1.15669	1.19996	1.24698	1.3326	1.17902	1.0833	0.599263	0.882213	0.839607	1.23971	0.613821	0.613804	0.628049	0.627977	0.714125	0.877636	1.39284	0.61557	0.605382	0.63864	0.668426	0.650568	0.597568	1.19246	0.782846	0.824508	0.614206	0.594101	0.685432	0.215133	0.88437	0.818338	1.09842	0.372471	0.573087	0.707454	0.310691	0.758304	0.901108	0.933547	
1.83	1.04548	1.13091	1.34295	1.28888	1.24588	1.10041	0.82455	0.843944	0.613948	0.621197	1.27892	1.29415	0.858144	0.961407	0.722188	0.830761	1.40046	0.646109	0.594133	0.688476	0.764528	0.740439	0.665582	1.00172	0.746478	1.28702	1.41046	0.606634	0.57829	0.611588	0.888385	0.694241	1.09393	1.31737	0.900016	0.629414	1.17615	0.819319	0.948224	0.999189	1.15703	1.20028	1.24754	1.33317	1.17956	1.08422	0.599348	0.881758	0.839286	1.23976	0.613755	0.613738	0.627957	0.627885	0.71331	0.87717	1.39353	0.614318	0.604902	0.637882	0.667115	0.649526	0.597418	1.19246	0.781619	0.825258	0.614139	0.593762	0.685197	0.215247	0.883618	0.81823	1.09834	0.372523	0.572796	0.707105	0.310793	0.759008	0.902566	0.934847	
1.835	1.04592	1.13136	1.34363	1.28957	1.24662	1.10124	0.823989	0.843515	0.613717	0.620941	1.27878	1.29411	0.858048	0.961264	0.721653	0.830327	1.40108	0.645042	0.593721	0.687217	0.761817	0.73797	0.664536	1.0019	0.7457	1.28786	1.41098	0.606401	0.57839	0.611526	0.887855	0.694771	1.09422	1.31786	0.897571	0.629319	1.17601	0.819983	0.949202	1.0002	1.15735	1.20057	1.24806	1.33368	1.18007	1.08514	0.599399	0.881302	0.838972	1.23981	0.613689	0.613672	0.627865	0.627793	0.71244	0.875748	1.39418	0.613287	0.604568	0.637188	0.665799	0.648201	0.597092	1.19242	0.780586	0.826006	0.614072	0.593394	0.684949	0.215361	0.882905	0.818069	1.09824	0.372583	0.572557	0.70676	0.310895	0.759652	0.903983	0.93609	
1.84	1.04633	1.13177	1.34427	1.29021	1.24732	1.10206	0.823818	0.843087	0.613484	0.620673	1.27864	1.29407	0.857965	0.96114	0.721061	0.829887	1.40168	0.643892	0.593419	0.685682	0.759505	0.735898	0.663294	1.00205	0.74487	1.28868	1.41149	0.606148	0.578568	0.611464	0.887355	0.695254	1.09448	1.31835	0.895126	0.629225	1.17588	0.820703	0.950199	1.00122	1.15766	1.20083	1.24854	1.33415	1.18055	1.08592	0.599418	0.880847	0.838673	1.23986	0.613623	0.613606	0.627773	0.627701	0.71164	0.874377	1.39479	0.612114	0.604089	0.636627	0.664711	0.646779	0.596663	1.19236	0.779466	0.826756	0.614006	0.593077	0.68468	0.215476	0.882231	0.817859	1.0981	0.372649	0.572337	0.706416	0.310997	0.76032	0.905376	0.937292	
1.845	1.04672	1.13215	1.34488	1.2908	1.24798	1.10285	0.82388	0.842658	0.613218	0.620353	1.2785	1.29404	0.857897	0.961036	0.720532	0.82944	1.40224	0.64266	0.593086	0.68407	0.756909	0.733558	0.662201	1.00217	0.744085	1.28949	1.41199	0.605833	0.578815	0.611403	0.886885	0.69569	1.09471	1.31884	0.892699	0.629131	1.17576	0.821398	0.951226	1.00227	1.15794	1.20108	1.24899	1.33458	1.18099	1.0867	0.599404	0.880392	0.838397	1.23991	0.613557	0.61354	0.627682	0.62761	0.711027	0.8736	1.39536	0.610938	0.603458	0.635982	0.663464	0.645576	0.596278	1.19227	0.778267	0.827509	0.613939	0.59285	0.684404	0.21559	0.881596	0.817602	1.09793	0.372722	0.57209	0.706074	0.311099	0.761008	0.906788	0.938499	
1.85	1.04708	1.13249	1.34546	1.29135	1.2486	1.10363	0.824087	0.842231	0.612934	0.620002	1.27837	1.29402	0.857843	0.960953	0.720123	0.828986	1.40277	0.641501	0.592661	0.682717	0.754281	0.731176	0.660782	1.00228	0.743399	1.29028	1.41249	0.605501	0.579128	0.611341	0.886445	0.696081	1.09491	1.31934	0.890328	0.629037	1.17564	0.822095	0.952272	1.00332	1.1582	1.20131	1.2494	1.33496	1.1814	1.08763	0.599358	0.879937	0.83815	1.23997	0.613491	0.613475	0.62759	0.627519	0.709253	0.873096	1.39589	0.60999	0.602826	0.635168	0.662194	0.644229	0.596001	1.19216	0.777129	0.828267	0.613873	0.592448	0.684138	0.215704	0.881	0.8173	1.09774	0.372803	0.571806	0.705734	0.311201	0.761568	0.908274	0.93976	
1.855	1.04743	1.13281	1.346	1.29186	1.2492	1.1044	0.824635	0.841803	0.61267	0.619673	1.27825	1.29399	0.857805	0.96089	0.718985	0.828522	1.40327	0.640547	0.592249	0.681259	0.75207	0.729175	0.65926	1.00236	0.742673	1.29107	1.41298	0.605217	0.579531	0.611279	0.886034	0.696427	1.09509	1.31984	0.888078	0.628943	1.17552	0.822821	0.953347	1.0044	1.15844	1.20151	1.24979	1.33529	1.18177	1.08863	0.599279	0.879483	0.837935	1.24003	0.613426	0.613409	0.627499	0.627428	0.707255	0.872573	1.39638	0.608852	0.602322	0.634323	0.661138	0.642882	0.595678	1.19203	0.776148	0.829031	0.613807	0.591954	0.683854	0.215818	0.880441	0.816956	1.09751	0.372891	0.571508	0.705396	0.311302	0.762157	0.909819	0.941061	
1.86	1.04776	1.13312	1.34652	1.29233	1.24976	1.10516	0.825337	0.841376	0.61245	0.619399	1.27813	1.29397	0.857781	0.960849	0.71763	0.828049	1.40375	0.639428	0.591932	0.679836	0.749307	0.726733	0.657983	1.00243	0.74187	1.29185	1.41347	0.605009	0.579938	0.611218	0.885649	0.696731	1.09524	1.32034	0.886006	0.62885	1.17542	0.823473	0.954454	1.00551	1.15866	1.2017	1.25014	1.33559	1.18212	1.08962	0.59917	0.879029	0.837753	1.2401	0.61336	0.613344	0.627408	0.627337	0.705952	0.871975	1.39683	0.607673	0.601674	0.633589	0.659838	0.641778	0.595255	1.19187	0.77492	0.829804	0.61374	0.591521	0.683532	0.215932	0.879918	0.816575	1.09726	0.372986	0.571227	0.705059	0.311404	0.76283	0.911387	0.942365	
1.865	1.04809	1.13341	1.34701	1.29277	1.25031	1.10591	0.825725	0.840949	0.612229	0.619155	1.278	1.29395	0.857771	0.96083	0.716704	0.827566	1.4042	0.638216	0.591538	0.678677	0.746326	0.724139	0.656632	1.00248	0.741072	1.29263	1.41395	0.604777	0.580292	0.611157	0.885292	0.696994	1.09537	1.32084	0.88414	0.628756	1.17531	0.824037	0.955428	1.00646	1.15887	1.20187	1.25046	1.33585	1.18243	1.09063	0.599029	0.878575	0.837604	1.24017	0.613295	0.613278	0.627317	0.627246	0.705036	0.871344	1.39724	0.60671	0.600975	0.632797	0.658462	0.640654	0.59484	1.1917	0.773505	0.830586	0.613674	0.591022	0.683195	0.216046	0.879431	0.816159	1.09699	0.373088	0.570985	0.704724	0.311506	0.763584	0.912927	0.943627	
1.87	1.04841	1.1337	1.34748	1.29317	1.25083	1.10665	0.825809	0.840522	0.611973	0.618909	1.27788	1.29394	0.857776	0.960832	0.716068	0.827073	1.40463	0.637127	0.591088	0.677356	0.743747	0.721921	0.655334	1.00253	0.740355	1.29341	1.41444	0.604477	0.580596	0.611096	0.884959	0.697219	1.09547	1.32135	0.882505	0.628663	1.17521	0.824617	0.956309	1.00731	1.15907	1.20203	1.25075	1.33608	1.18272	1.09165	0.598859	0.878121	0.837488	1.24026	0.613229	0.613213	0.627226	0.627155	0.704177	0.870727	1.3976	0.605612	0.600389	0.631986	0.657303	0.639591	0.59452	1.1915	0.772134	0.831378	0.613608	0.590522	0.682858	0.21616	0.878978	0.815715	1.0967	0.373197	0.570742	0.70439	0.311608	0.764327	0.914402	0.944814	
1.875	1.04873	1.13399	1.34793	1.29355	1.25134	1.1074	0.825803	0.840096	0.61171	0.618674	1.27776	1.29392	0.857793	0.960855	0.715476	0.82657	1.40503	0.636201	0.590692	0.676013	0.741073	0.71957	0.654292	1.00257	0.739597	1.29419	1.41493	0.60418	0.580864	0.611034	0.884649	0.697409	1.09556	1.32186	0.881106	0.62857	1.17511	0.82526	0.957198	1.00817	1.15925	1.20218	1.25102	1.33627	1.18299	1.09263	0.598661	0.877667	0.837403	1.24036	0.613164	0.613148	0.627136	0.627065	0.703482	0.869818	1.39793	0.604509	0.599768	0.631265	0.65609	0.638741	0.594186	1.19129	0.770958	0.83218	0.613543	0.590122	0.68275	0.216274	0.878557	0.815246	1.09638	0.373313	0.570458	0.704057	0.31171	0.764941	0.915767	0.94587	
1.88	1.04905	1.13429	1.34836	1.29391	1.25184	1.10815	0.825847	0.83967	0.611476	0.618469	1.27764	1.2939	0.857822	0.960899	0.714977	0.826062	1.40541	0.635318	0.590408	0.674898	0.738514	0.717288	0.653204	1.00261	0.738692	1.29498	1.41542	0.603942	0.581109	0.610973	0.884363	0.697565	1.09564	1.32237	0.879939	0.628477	1.175	0.825947	0.958142	1.00908	1.15943	1.20231	1.25126	1.33643	1.18323	1.09354	0.598435	0.877214	0.837347	1.24047	0.613099	0.613083	0.627045	0.626975	0.702975	0.868859	1.39822	0.603622	0.599081	0.630672	0.654929	0.637819	0.593748	1.19107	0.76972	0.832992	0.613477	0.589685	0.682849	0.216388	0.878168	0.814759	1.09605	0.373434	0.57013	0.703725	0.311812	0.765458	0.916987	0.946776	
1.885	1.04938	1.13459	1.34879	1.29424	1.25233	1.1089	0.825794	0.839244	0.611226	0.618278	1.27752	1.29388	0.857862	0.960962	0.71458	0.825561	1.40577	0.634046	0.589998	0.67349	0.736425	0.715419	0.652154	1.00264	0.737739	1.29578	1.41592	0.603587	0.581338	0.610912	0.884098	0.697689	1.09569	1.32288	0.878981	0.628385	1.1749	0.826626	0.959115	1.01002	1.15959	1.20244	1.25148	1.33656	1.18345	1.09441	0.598182	0.87676	0.837318	1.24057	0.613034	0.613018	0.626955	0.626885	0.700903	0.868073	1.39848	0.602489	0.598462	0.629992	0.653994	0.636905	0.593307	1.19084	0.76844	0.833813	0.613412	0.589246	0.683011	0.216502	0.877809	0.814263	1.0957	0.373561	0.56979	0.703395	0.311914	0.765956	0.918056	0.947548	
1.89	1.04972	1.13492	1.3492	1.29456	1.25282	1.10966	0.825582	0.838818	0.610934	0.618073	1.27739	1.29386	0.857912	0.961045	0.713214	0.825125	1.4061	0.632576	0.589526	0.671983	0.733861	0.713139	0.651308	1.00268	0.736863	1.29658	1.41642	0.603142	0.581556	0.610852	0.883853	0.697785	1.09574	1.32339	0.878194	0.628292	1.17479	0.827334	0.960128	1.01099	1.15974	1.20256	1.25168	1.33666	1.18365	1.09518	0.597904	0.876307	0.837316	1.24068	0.61297	0.612954	0.626865	0.626795	0.698752	0.867429	1.3987	0.601279	0.598002	0.629182	0.652833	0.636157	0.592961	1.19059	0.767257	0.834643	0.613346	0.588888	0.683166	0.216616	0.877477	0.813768	1.09534	0.373693	0.569471	0.703067	0.312016	0.766466	0.919014	0.948246	
1.895	1.05008	1.13526	1.3496	1.29485	1.25331	1.11042	0.825329	0.838393	0.610639	0.617834	1.27726	1.29383	0.857971	0.961146	0.711316	0.82473	1.40642	0.631236	0.589125	0.670712	0.731113	0.710712	0.650223	1.00273	0.735948	1.29741	1.41693	0.602731	0.581771	0.610791	0.883627	0.697854	1.09577	1.3239	0.877532	0.6282	1.17468	0.828067	0.961185	1.012	1.15989	1.20267	1.25185	1.33675	1.18384	1.096	0.597603	0.875855	0.837338	1.24078	0.612905	0.612889	0.626775	0.626705	0.697556	0.86683	1.3989	0.60028	0.597491	0.628378	0.651596	0.635235	0.592602	1.19034	0.766255	0.83548	0.613281	0.588642	0.683313	0.216729	0.877172	0.81329	1.09497	0.37383	0.569153	0.70274	0.312118	0.76683	0.919625	0.948605	
1.9	1.05045	1.13563	1.34999	1.29514	1.25379	1.1112	0.825062	0.837968	0.610381	0.61759	1.27713	1.2938	0.858039	0.961265	0.709561	0.823564	1.40671	0.629676	0.588647	0.669342	0.728747	0.70864	0.649053	1.00277	0.734993	1.29825	1.41745	0.602425	0.581987	0.61073	0.88342	0.697896	1.09579	1.3244	0.876956	0.628108	1.17456	0.828762	0.962282	1.01303	1.16003	1.20278	1.25201	1.33681	1.184	1.09691	0.597281	0.875402	0.837383	1.24089	0.61284	0.612824	0.626685	0.626615	0.696783	0.866237	1.39907	0.599264	0.596971	0.627698	0.650551	0.634259	0.592141	1.19008	0.76497	0.836323	0.613216	0.588392	0.683465	0.216843	0.876891	0.81285	1.09458	0.37397	0.568798	0.702416	0.31222	0.76733	0.920172	0.948887	
1.905	1.05083	1.13603	1.35037	1.29541	1.25428	1.11198	0.824864	0.837543	0.610129	0.617372	1.27699	1.29376	0.858114	0.961402	0.706617	0.822342	1.40698	0.628034	0.588115	0.668007	0.726041	0.706383	0.648066	1.00283	0.73409	1.2991	1.41798	0.602138	0.58221	0.61067	0.883231	0.697913	1.09579	1.3249	0.876438	0.628016	1.17444	0.829452	0.963404	1.01408	1.16017	1.20289	1.25216	1.33685	1.18416	1.09778	0.596939	0.87495	0.837449	1.24099	0.612776	0.61276	0.626596	0.626526	0.695994	0.865673	1.39921	0.59832	0.596544	0.626993	0.649357	0.633439	0.591683	1.18981	0.763464	0.837167	0.61315	0.588046	0.683625	0.216957	0.876634	0.812451	1.09419	0.374114	0.568387	0.702094	0.312321	0.767857	0.920694	0.949134	
1.91	1.05124	1.13646	1.35075	1.29567	1.25476	1.11277	0.82468	0.837119	0.609844	0.617156	1.27685	1.29372	0.858196	0.961555	0.702575	0.821585	1.40723	0.626589	0.587644	0.666926	0.72328	0.704156	0.646923	1.00289	0.733308	1.29998	1.41852	0.601811	0.582442	0.61061	0.88306	0.697905	1.09579	1.3254	0.875955	0.627924	1.17432	0.830091	0.964565	1.01517	1.1603	1.20299	1.25229	1.33688	1.18431	1.09854	0.596578	0.874498	0.837533	1.2411	0.612712	0.612696	0.626506	0.626437	0.695196	0.865187	1.39932	0.597591	0.595969	0.626193	0.648152	0.632406	0.591324	1.18955	0.762	0.838012	0.613086	0.587656	0.68379	0.217071	0.876397	0.812071	1.09379	0.374261	0.567936	0.701776	0.312423	0.768418	0.921274	0.949444	
1.915	1.05167	1.13691	1.35112	1.29591	1.25525	1.11356	0.824262	0.836695	0.609555	0.616922	1.2767	1.29368	0.858285	0.961723	0.698177	0.821085	1.40746	0.62505	0.587301	0.665646	0.72096	0.702323	0.645765	1.00297	0.732444	1.30087	1.41907	0.601499	0.582686	0.610549	0.882906	0.697874	1.09577	1.32589	0.875495	0.627832	1.17418	0.830742	0.965709	1.01622	1.16044	1.2031	1.25241	1.33689	1.18444	1.09926	0.596203	0.874046	0.837636	1.24121	0.612647	0.612632	0.626417	0.626348	0.694583	0.864754	1.39942	0.596606	0.595338	0.625406	0.647161	0.631305	0.590969	1.18928	0.760748	0.838853	0.613021	0.587322	0.683959	0.217185	0.87618	0.811696	1.09339	0.37441	0.56749	0.701462	0.312525	0.76897	0.921849	0.949782	
1.92	1.05211	1.1374	1.35148	1.29614	1.25574	1.11436	0.824117	0.836271	0.6093	0.616692	1.27654	1.29363	0.858379	0.961907	0.695548	0.820585	1.40766	0.623518	0.586856	0.66432	0.718325	0.700081	0.644816	1.00305	0.731522	1.30178	1.41963	0.601254	0.582945	0.610489	0.88277	0.697818	1.09574	1.32638	0.875049	0.627741	1.17404	0.83145	0.966873	1.01725	1.16057	1.20321	1.25252	1.33689	1.18457	1.09998	0.595813	0.873594	0.837754	1.24132	0.612583	0.612568	0.626328	0.626259	0.694157	0.863351	1.39949	0.59552	0.594808	0.624739	0.645977	0.630381	0.590593	1.18902	0.759373	0.839688	0.612956	0.587086	0.68413	0.217299	0.875981	0.811321	1.09299	0.374561	0.567099	0.701152	0.312627	0.769471	0.922465	0.950231	
1.925	1.05257	1.13791	1.35183	1.29636	1.25622	1.11517	0.824719	0.835848	0.609072	0.61649	1.27638	1.29357	0.858479	0.962105	0.69455	0.82002	1.40784	0.622206	0.586168	0.663216	0.715	0.697081	0.643924	1.00313	0.730651	1.30271	1.42019	0.601035	0.583218	0.610429	0.882652	0.697739	1.0957	1.32686	0.874611	0.627649	1.17389	0.831969	0.968065	1.01826	1.1607	1.20331	1.25262	1.33688	1.18469	1.10061	0.595412	0.873143	0.837887	1.24143	0.612519	0.612504	0.626239	0.62617	0.693486	0.861976	1.39955	0.594615	0.594255	0.624132	0.644358	0.629546	0.59022	1.18876	0.757608	0.840512	0.612891	0.586852	0.684305	0.217413	0.875798	0.810945	1.09259	0.374712	0.566778	0.700848	0.312729	0.769681	0.923133	0.950781	
1.93	1.05304	1.13845	1.35217	1.29656	1.2567	1.11597	0.824307	0.835425	0.608833	0.616295	1.27621	1.29351	0.858584	0.962316	0.693875	0.819429	1.408	0.620859	0.585444	0.662026	0.711661	0.694017	0.643133	1.00323	0.729903	1.30365	1.42077	0.600772	0.583507	0.610369	0.882551	0.697636	1.09565	1.32734	0.874179	0.627558	1.17374	0.832377	0.96918	1.01919	1.16083	1.20342	1.25271	1.33686	1.18479	1.10124	0.595001	0.872692	0.838033	1.24155	0.612455	0.61244	0.62615	0.626081	0.692667	0.861234	1.3996	0.593659	0.593732	0.623483	0.642703	0.628797	0.589911	1.1885	0.755693	0.841322	0.612827	0.586525	0.684482	0.217527	0.875629	0.810568	1.09218	0.374865	0.566454	0.700551	0.31283	0.769988	0.923928	0.951496	
1.935	1.05353	1.13901	1.3525	1.29675	1.25718	1.11677	0.823577	0.835002	0.608553	0.616081	1.27604	1.29344	0.858692	0.96254	0.693067	0.818924	1.40813	0.619546	0.584875	0.660867	0.708939	0.691517	0.64252	1.00332	0.729069	1.30461	1.42135	0.600409	0.583809	0.610309	0.882468	0.697508	1.09558	1.3278	0.87375	0.627467	1.17358	0.832839	0.970148	1.02	1.16096	1.20354	1.2528	1.33684	1.1849	1.10209	0.594582	0.872241	0.838191	1.24168	0.612392	0.612376	0.626062	0.625993	0.691919	0.860803	1.39964	0.592753	0.593321	0.622674	0.641374	0.628196	0.589693	1.18825	0.753937	0.842113	0.612762	0.586181	0.68466	0.21764	0.875472	0.810192	1.09179	0.375017	0.566058	0.700261	0.312932	0.770545	0.92476	0.952297	
1.94	1.05403	1.13959	1.35282	1.29691	1.25765	1.11757	0.82347	0.83458	0.608266	0.615866	1.27586	1.29337	0.858805	0.962775	0.692337	0.818494	1.40823	0.618434	0.584352	0.659928	0.706447	0.689378	0.641636	1.00342	0.728164	1.30557	1.42193	0.600037	0.584124	0.61025	0.882402	0.697356	1.09549	1.32827	0.873323	0.627377	1.17342	0.833391	0.971047	1.02077	1.16109	1.20365	1.25289	1.33682	1.18501	1.103	0.594159	0.87179	0.838359	1.24182	0.612328	0.612312	0.625973	0.625905	0.690155	0.860364	1.39966	0.592048	0.592855	0.621665	0.640106	0.627765	0.589425	1.188	0.752074	0.842883	0.612698	0.585906	0.68484	0.217754	0.875326	0.809816	1.09139	0.375169	0.565604	0.699981	0.313034	0.771284	0.925685	0.953223	
1.945	1.05454	1.14019	1.35312	1.29706	1.25811	1.11836	0.823845	0.834157	0.608013	0.615675	1.27568	1.29329	0.858921	0.963021	0.691796	0.817102	1.40832	0.617343	0.583789	0.658679	0.704257	0.687617	0.640627	1.00353	0.7273	1.30655	1.42252	0.59974	0.584452	0.61019	0.882354	0.697181	1.09539	1.32872	0.872897	0.627286	1.17325	0.83388	0.97183	1.02143	1.16123	1.20377	1.25297	1.33679	1.18512	1.10379	0.593731	0.87134	0.838536	1.24196	0.612265	0.612249	0.625885	0.625817	0.68784	0.859849	1.39968	0.591148	0.592345	0.620635	0.638957	0.627021	0.589073	1.18776	0.750185	0.843627	0.612634	0.585502	0.685021	0.217868	0.87519	0.80944	1.09101	0.37532	0.565145	0.69971	0.313136	0.772059	0.92672	0.954221	
1.95	1.05505	1.1408	1.35341	1.29719	1.25856	1.11914	0.824258	0.833736	0.607763	0.615481	1.2755	1.29321	0.859039	0.963275	0.690352	0.815656	1.40837	0.616235	0.583262	0.65731	0.702551	0.686301	0.639758	1.00363	0.726552	1.30753	1.42311	0.59944	0.584789	0.61013	0.882324	0.696982	1.09528	1.32916	0.872472	0.627195	1.17308	0.834346	0.972531	1.022	1.16136	1.20389	1.25305	1.33676	1.18523	1.10439	0.593303	0.87089	0.838721	1.24212	0.612201	0.612186	0.625797	0.625729	0.686372	0.859294	1.39969	0.590185	0.591899	0.619754	0.638059	0.626103	0.588724	1.18752	0.748479	0.844342	0.61257	0.585023	0.685201	0.217982	0.875061	0.809065	1.09063	0.375469	0.564723	0.69945	0.313237	0.772866	0.927924	0.955311	
1.955	1.05555	1.14142	1.35367	1.2973	1.259	1.1199	0.824482	0.833314	0.607483	0.61526	1.27532	1.29312	0.859159	0.963538	0.688435	0.814804	1.4084	0.615197	0.582851	0.656148	0.700578	0.684606	0.638835	1.00372	0.725794	1.30851	1.4237	0.59908	0.585134	0.610071	0.882312	0.69676	1.09515	1.3296	0.872048	0.627105	1.1729	0.834663	0.973176	1.02248	1.16149	1.20401	1.25313	1.33673	1.18533	1.10507	0.592875	0.87044	0.838912	1.24228	0.612138	0.612122	0.625709	0.625641	0.685595	0.858731	1.39971	0.589393	0.591576	0.618975	0.637117	0.625286	0.588452	1.1873	0.746928	0.845025	0.612506	0.584596	0.685381	0.215316	0.87494	0.80869	1.09026	0.375616	0.564339	0.699202	0.313339	0.773631	0.92927	0.956477	
1.96	1.05606	1.14203	1.35392	1.29739	1.25941	1.12065	0.824709	0.832893	0.6072	0.615034	1.27513	1.29303	0.859281	0.963808	0.687061	0.814275	1.40841	0.614338	0.582322	0.654825	0.698526	0.682735	0.637953	1.00382	0.724956	1.30949	1.42429	0.598732	0.585485	0.610012	0.882316	0.696516	1.095	1.33002	0.871624	0.627015	1.17272	0.835015	0.973811	1.02295	1.16163	1.20413	1.25321	1.3367	1.18544	1.10585	0.59245	0.86999	0.839109	1.24245	0.612075	0.612059	0.625621	0.625553	0.684955	0.858172	1.39972	0.588467	0.591172	0.61823	0.636202	0.624295	0.588107	1.18709	0.745387	0.845674	0.612442	0.584201	0.685559	0.21532	0.874823	0.808315	1.0899	0.375762	0.563967	0.698967	0.313441	0.77433	0.930732	0.95773	
1.965	1.05656	1.14264	1.35415	1.29745	1.25981	1.12137	0.825114	0.832472	0.606952	0.614832	1.27494	1.29294	0.859403	0.964082	0.686172	0.813757	1.4084	0.613699	0.581674	0.653498	0.696794	0.681121	0.637248	1.00391	0.724112	1.31046	1.42487	0.598459	0.58584	0.609952	0.882337	0.696251	1.09484	1.33043	0.8712	0.626925	1.17254	0.835483	0.974452	1.02345	1.16177	1.20425	1.25329	1.33668	1.18555	1.10659	0.592029	0.86954	0.83931	1.24263	0.612012	0.611996	0.625534	0.625466	0.68441	0.857624	1.39973	0.587532	0.590626	0.617545	0.635461	0.623272	0.587666	1.18688	0.743641	0.846287	0.612378	0.583783	0.685735	0.215326	0.874711	0.80794	1.08955	0.375904	0.563581	0.698746	0.313542	0.774972	0.932237	0.959024	
1.97	1.05704	1.14325	1.35436	1.2975	1.26019	1.12208	0.825747	0.832051	0.606711	0.614633	1.27476	1.29285	0.859525	0.96436	0.685438	0.813177	1.40836	0.612759	0.581081	0.652416	0.694453	0.679082	0.636755	1.00398	0.723351	1.31142	1.42545	0.598273	0.586196	0.609893	0.882374	0.695967	1.09467	1.33083	0.870777	0.626835	1.17237	0.836007	0.975119	1.02399	1.1619	1.20437	1.25338	1.33666	1.18565	1.10734	0.591614	0.869091	0.839514	1.24282	0.611949	0.611933	0.625446	0.625379	0.683985	0.857113	1.39974	0.586784	0.590083	0.616975	0.634546	0.62243	0.587248	1.18668	0.741559	0.846862	0.612315	0.583334	0.685909	0.215334	0.874602	0.807566	1.08921	0.376044	0.563185	0.698538	0.313644	0.775581	0.933754	0.960339	
1.975	1.05752	1.14383	1.35454	1.29752	1.26054	1.12275	0.826661	0.831631	0.606444	0.614414	1.27458	1.29276	0.859646	0.964639	0.684883	0.812574	1.4083	0.611603	0.580652	0.651182	0.691854	0.676904	0.635964	1.00405	0.722525	1.31237	1.42601	0.598056	0.586552	0.609834	0.882426	0.695667	1.09448	1.33122	0.870354	0.626746	1.17219	0.836522	0.975825	1.02461	1.16204	1.20449	1.25346	1.33664	1.18576	1.10808	0.591207	0.868642	0.839721	1.24302	0.611886	0.61187	0.625359	0.625292	0.682596	0.856665	1.39976	0.585953	0.589663	0.616539	0.633576	0.621509	0.586934	1.18649	0.739416	0.8474	0.612251	0.582939	0.68608	0.2154	0.874495	0.807193	1.08888	0.376181	0.562799	0.698344	0.313746	0.776137	0.935235	0.9616	
1.98	1.05797	1.1444	1.3547	1.29752	1.26086	1.1234	0.827749	0.831211	0.60618	0.614197	1.2744	1.29267	0.859766	0.964919	0.684485	0.811996	1.40823	0.610518	0.58029	0.649934	0.689608	0.675061	0.635014	1.00411	0.721587	1.31329	1.42656	0.597755	0.586904	0.609775	0.882492	0.695352	1.09428	1.3316	0.869931	0.626656	1.17202	0.837032	0.976566	1.02528	1.16217	1.20461	1.25355	1.33662	1.18587	1.10874	0.590809	0.868193	0.839929	1.24322	0.611823	0.611808	0.625272	0.625205	0.680943	0.85604	1.39978	0.585134	0.589185	0.616084	0.632764	0.620602	0.586624	1.18632	0.737509	0.847899	0.612188	0.582652	0.686247	0.215504	0.87439	0.806819	1.08857	0.376314	0.562444	0.698164	0.313847	0.776649	0.936635	0.962762	
1.985	1.05841	1.14495	1.35485	1.29749	1.26117	1.12402	0.828717	0.830791	0.605949	0.614004	1.27422	1.29258	0.859882	0.965196	0.68327	0.811031	1.40814	0.609667	0.579882	0.648912	0.687634	0.672964	0.634179	1.00416	0.720647	1.31419	1.42709	0.597447	0.587252	0.609716	0.882571	0.695025	1.09407	1.33196	0.869509	0.626567	1.17185	0.837503	0.977332	1.02599	1.1623	1.20473	1.25364	1.33661	1.18599	1.1093	0.590422	0.867745	0.840138	1.24342	0.61176	0.611745	0.625185	0.625118	0.679893	0.855087	1.39981	0.584486	0.588677	0.615529	0.631694	0.619869	0.586261	1.18615	0.736214	0.84836	0.612125	0.582293	0.68641	0.21562	0.874287	0.806446	1.08827	0.376443	0.562111	0.697998	0.313949	0.777076	0.937897	0.963755	
1.99	1.05882	1.14547	1.35497	1.29745	1.26144	1.12461	0.829606	0.830372	0.605715	0.613807	1.27405	1.29249	0.859996	0.965471	0.681536	0.810079	1.40804	0.608615	0.579492	0.647714	0.686005	0.670845	0.633109	1.00419	0.719813	1.31506	1.42761	0.5972	0.587592	0.609658	0.882661	0.69469	1.09385	1.33231	0.869087	0.626478	1.17168	0.838006	0.978105	1.02672	1.16243	1.20485	1.25373	1.33661	1.1861	1.1098	0.590046	0.867296	0.840347	1.24363	0.611698	0.611683	0.625098	0.625031	0.679216	0.854179	1.39985	0.583671	0.588245	0.614956	0.630532	0.618997	0.585919	1.18598	0.73594	0.848784	0.612061	0.581857	0.686568	0.215737	0.874184	0.806074	1.08798	0.376569	0.561778	0.697846	0.31405	0.777406	0.938948	0.9645	
1.995	1.05921	1.14596	1.35507	1.29739	1.26169	1.12517	0.830299	0.829953	0.605452	0.613583	1.27388	1.29241	0.860105	0.96574	0.680263	0.809406	1.40793	0.607433	0.579195	0.646487	0.684792	0.669094	0.631977	1.00421	0.718892	1.3159	1.42811	0.59693	0.587923	0.609599	0.882762	0.69435	1.09362	1.33265	0.868665	0.626389	1.17152	0.838505	0.978874	1.02744	1.16256	1.20496	1.25382	1.3366	1.18621	1.11023	0.589683	0.866848	0.840555	1.24384	0.611635	0.61162	0.625012	0.624945	0.678592	0.85353	1.39989	0.582811	0.58794	0.614459	0.629554	0.618093	0.58566	1.18583	0.736059	0.849172	0.611998	0.581459	0.686722	0.215853	0.874082	0.805701	1.0877	0.37669	0.561427	0.697706	0.314152	0.777652	0.939707	0.964947	
2	1.05957	1.14642	1.35515	1.29731	1.26191	1.1257	0.830592	0.829534	0.605189	0.613356	1.27372	1.29232	0.86021	0.966003	0.67951	0.808909	1.40781	0.606361	0.578818	0.645476	0.68287	0.667062	0.631039	1.00422	0.717848	1.31671	1.42858	0.596598	0.588243	0.609541	0.882872	0.694008	1.09338	1.33297	0.868243	0.6263	1.17137	0.838959	0.979616	1.02812	1.16269	1.20506	1.25391	1.3366	1.18632	1.11063	0.589333	0.8664	0.840762	1.24404	0.611573	0.611558	0.624925	0.624859	0.678074	0.853043	1.39994	0.582111	0.587498	0.613911	0.628527	0.617345	0.585353	1.18568	0.736137	0.849528	0.611935	0.581168	0.686871	0.215967	0.873982	0.805329	1.08744	0.376808	0.561061	0.697578	0.314254	0.77779	0.940188	0.965134	
2.005	1.05991	1.14685	1.35521	1.29722	1.26211	1.12619	0.830412	0.829116	0.604961	0.613155	1.27357	1.29225	0.860309	0.966259	0.678933	0.808446	1.40768	0.605534	0.57833	0.644415	0.680568	0.664977	0.630001	1.00422	0.716815	1.31748	1.42904	0.596278	0.588552	0.609482	0.882988	0.693669	1.09314	1.33327	0.867821	0.626212	1.17123	0.8394	0.980346	1.02879	1.16281	1.20517	1.254	1.33661	1.18643	1.111	0.588996	0.865953	0.840967	1.24424	0.611511	0.611496	0.624839	0.624772	0.677686	0.852583	1.39999	0.581368	0.586911	0.613261	0.627549	0.616531	0.584954	1.18554	0.736134	0.849852	0.611873	0.580865	0.687014	0.216081	0.873882	0.804958	1.08718	0.376922	0.560697	0.697462	0.314355	0.777876	0.940462	0.965151	
2.01	1.06022	1.14724	1.35526	1.29711	1.26228	1.12666	0.829933	0.828697	0.604729	0.612954	1.27342	1.29217	0.860402	0.966505	0.678446	0.807968	1.40755	0.604538	0.577855	0.643399	0.678527	0.663244	0.628977	1.0042	0.715908	1.31821	1.42947	0.596029	0.588848	0.609424	0.883111	0.693338	1.0929	1.33357	0.8674	0.626123	1.17109	0.839765	0.9811	1.02947	1.16292	1.20526	1.25409	1.33661	1.18654	1.11135	0.588673	0.865506	0.841169	1.24443	0.611449	0.611434	0.624753	0.624686	0.676343	0.852103	1.40005	0.580544	0.586344	0.6126	0.626772	0.615708	0.584557	1.18541	0.736114	0.850148	0.61181	0.580489	0.687153	0.216195	0.873784	0.804586	1.08694	0.377031	0.560356	0.697355	0.314457	0.777966	0.940626	0.965133	
2.015	1.06051	1.1476	1.3553	1.297	1.26244	1.1271	0.829307	0.82828	0.604466	0.612731	1.27329	1.2921	0.860489	0.966741	0.678078	0.80748	1.40742	0.60343	0.577493	0.642587	0.676264	0.661308	0.628151	1.00417	0.714973	1.3189	1.42987	0.595789	0.589131	0.609366	0.883237	0.693018	1.09267	1.33384	0.866979	0.626035	1.17096	0.840128	0.981901	1.03018	1.16303	1.20535	1.25418	1.33661	1.18664	1.11168	0.588363	0.865058	0.841369	1.24461	0.611387	0.611372	0.624667	0.624601	0.674816	0.851607	1.40011	0.579811	0.585913	0.612029	0.625881	0.615027	0.584246	1.18528	0.736098	0.850419	0.611747	0.580128	0.687286	0.216309	0.873689	0.804215	1.08671	0.377137	0.560041	0.697258	0.314558	0.778147	0.940748	0.965177	
2.02	1.06076	1.14792	1.35532	1.29687	1.26257	1.12751	0.828474	0.827862	0.604201	0.612508	1.27316	1.29204	0.86057	0.966966	0.677803	0.806996	1.40729	0.602431	0.577095	0.641622	0.674032	0.659369	0.627183	1.00413	0.714022	1.31955	1.43025	0.595508	0.589399	0.609308	0.883366	0.692715	1.09243	1.3341	0.866558	0.625947	1.17084	0.840586	0.982742	1.03093	1.16313	1.20543	1.25426	1.33662	1.18674	1.11199	0.588066	0.864612	0.841565	1.24478	0.611325	0.61131	0.624581	0.624515	0.673904	0.851106	1.40017	0.579282	0.585422	0.611439	0.624974	0.614544	0.58404	1.18515	0.736078	0.850668	0.611685	0.579853	0.687413	0.216423	0.873597	0.803844	1.08648	0.377238	0.559741	0.697169	0.31466	0.778469	0.940868	0.96532	
2.025	1.061	1.14822	1.35533	1.29674	1.26268	1.12789	0.827382	0.827445	0.603971	0.612312	1.27304	1.29197	0.860643	0.96718	0.677247	0.806521	1.40716	0.601664	0.576592	0.640302	0.672212	0.65778	0.62587	1.00409	0.713142	1.32016	1.43061	0.595186	0.589653	0.60925	0.883496	0.692435	1.0922	1.33435	0.866137	0.625859	1.17073	0.841134	0.983622	1.03169	1.16323	1.20551	1.25434	1.33662	1.18683	1.11229	0.587782	0.864165	0.841757	1.24494	0.611263	0.611248	0.624495	0.624429	0.673341	0.85061	1.40023	0.57881	0.584738	0.610719	0.624229	0.614233	0.583853	1.18503	0.73605	0.850898	0.611622	0.579615	0.687536	0.216537	0.873509	0.803474	1.08627	0.377336	0.55944	0.697088	0.314761	0.778855	0.941035	0.965577	
2.03	1.06121	1.14848	1.35533	1.29661	1.26278	1.12825	0.82614	0.827028	0.603745	0.61212	1.27293	1.29192	0.860709	0.967381	0.676121	0.806057	1.40704	0.600757	0.576108	0.638942	0.670151	0.655926	0.624523	1.00404	0.712393	1.32073	1.43095	0.594892	0.589892	0.609192	0.883625	0.692187	1.09197	1.33458	0.865716	0.625771	1.17062	0.841658	0.984548	1.03249	1.16332	1.20558	1.25442	1.33662	1.18691	1.11258	0.58751	0.863719	0.841946	1.2451	0.611201	0.611187	0.62441	0.624344	0.672813	0.850121	1.40029	0.578285	0.584025	0.609966	0.623346	0.613738	0.58357	1.18491	0.736016	0.851112	0.61156	0.579274	0.687653	0.216651	0.873424	0.803104	1.08606	0.377429	0.559143	0.697013	0.314863	0.779231	0.941252	0.965914	
2.035	1.06141	1.14871	1.35533	1.29647	1.26286	1.12859	0.825111	0.826612	0.603494	0.611909	1.27283	1.29187	0.860769	0.96757	0.674789	0.805608	1.40692	0.59976	0.575744	0.637846	0.668059	0.654018	0.623444	1.00398	0.711559	1.32125	1.43126	0.59467	0.590117	0.609134	0.883752	0.691963	1.09175	1.3348	0.865296	0.625683	1.17053	0.842138	0.985544	1.03333	1.16341	1.20564	1.25449	1.33661	1.18699	1.11286	0.587249	0.863273	0.842131	1.24524	0.61114	0.611125	0.624325	0.624259	0.672274	0.849643	1.40035	0.577796	0.583455	0.609305	0.622435	0.613132	0.583123	1.18479	0.73598	0.851313	0.611498	0.578805	0.687766	0.216765	0.873345	0.802734	1.08586	0.377519	0.558871	0.696943	0.314964	0.779604	0.94157	0.966349	
2.04	1.06158	1.14892	1.35532	1.29634	1.26294	1.12891	0.82454	0.826196	0.603211	0.611673	1.27273	1.29182	0.860821	0.967747	0.673925	0.805176	1.40681	0.598865	0.575456	0.637002	0.666329	0.652438	0.622612	1.00392	0.710462	1.32174	1.43154	0.594336	0.590328	0.609076	0.883876	0.691511	1.09154	1.33501	0.864876	0.625596	1.17044	0.842587	0.986611	1.03423	1.16349	1.2057	1.25455	1.3366	1.18707	1.11312	0.586999	0.862827	0.842312	1.24539	0.611078	0.611064	0.624239	0.624174	0.67186	0.849179	1.4004	0.577432	0.583013	0.608749	0.621686	0.612594	0.58252	1.18467	0.735944	0.851504	0.611436	0.578253	0.687875	0.216879	0.873271	0.802365	1.08566	0.377604	0.558637	0.696878	0.315066	0.779757	0.941968	0.966823	
2.045	1.06174	1.1491	1.35532	1.29621	1.263	1.12922	0.82429	0.82578	0.602934	0.611441	1.27265	1.29178	0.860867	0.967912	0.673455	0.804765	1.40672	0.59818	0.575059	0.636289	0.664322	0.650564	0.621915	1.00385	0.709259	1.32219	1.43181	0.593931	0.590526	0.609018	0.883996	0.690689	1.09135	1.3352	0.864456	0.625508	1.17036	0.842997	0.987694	1.03508	1.16356	1.20575	1.25461	1.33659	1.18714	1.11337	0.586759	0.862381	0.842488	1.24554	0.611017	0.611002	0.624154	0.624089	0.671566	0.848732	1.40046	0.576949	0.582567	0.608203	0.620826	0.611883	0.58194	1.18456	0.735909	0.851687	0.611374	0.577756	0.687978	0.216992	0.873202	0.801996	1.0841	0.377686	0.558424	0.696816	0.315167	0.779919	0.942391	0.967281	
2.05	1.06188	1.14926	1.35531	1.29609	1.26306	1.12951	0.824239	0.825364	0.602698	0.611241	1.27257	1.29174	0.860906	0.968064	0.673084	0.804376	1.40663	0.597564	0.574469	0.635299	0.662264	0.648623	0.62108	1.00379	0.708152	1.32261	1.43205	0.59357	0.59071	0.608961	0.88411	0.689557	1.09116	1.33539	0.864037	0.625421	1.17029	0.843395	0.988776	1.0359	1.16363	1.2058	1.25466	1.33658	1.1872	1.1136	0.586528	0.861936	0.84266	1.24567	0.610956	0.610941	0.62407	0.624004	0.670228	0.848304	1.40051	0.576419	0.581954	0.607582	0.619958	0.611118	0.581505	1.18444	0.735875	0.851867	0.611312	0.577398	0.688078	0.217106	0.873139	0.801627	1.08276	0.377763	0.558213	0.696757	0.315269	0.780255	0.94284	0.967719	
2.055	1.06201	1.14941	1.35531	1.29598	1.26312	1.12978	0.824523	0.824949	0.602465	0.611043	1.2725	1.29171	0.86094	0.968205	0.672699	0.804008	1.40655	0.596852	0.573869	0.634221	0.660559	0.647014	0.620058	1.00373	0.707008	1.32299	1.43228	0.59331	0.590883	0.608904	0.884218	0.688318	1.09099	1.33556	0.863617	0.625334	1.17023	0.843782	0.989833	1.03665	1.16369	1.20585	1.25471	1.33656	1.18726	1.11383	0.586305	0.861491	0.842828	1.2458	0.610895	0.61088	0.623985	0.62392	0.668984	0.847897	1.40055	0.575982	0.581176	0.606961	0.619249	0.61048	0.581114	1.18433	0.735843	0.852045	0.61125	0.577067	0.688174	0.21722	0.87308	0.801259	1.08211	0.377837	0.557986	0.696701	0.31537	0.780742	0.943423	0.968252	
2.06	1.06214	1.14955	1.35531	1.29588	1.26318	1.13005	0.825111	0.824534	0.602206	0.610824	1.27243	1.29168	0.860967	0.968335	0.672326	0.80366	1.40649	0.596124	0.57341	0.63332	0.658608	0.64522	0.619095	1.00367	0.705863	1.32334	1.43249	0.593041	0.591044	0.608846	0.884319	0.687254	1.09083	1.33572	0.863198	0.625247	1.17017	0.844136	0.990873	1.03736	1.16375	1.20589	1.25476	1.33655	1.18731	1.11404	0.586089	0.861046	0.84299	1.24592	0.610834	0.610819	0.6239	0.623835	0.668392	0.847511	1.40059	0.575429	0.580438	0.60643	0.618423	0.609786	0.580716	1.18422	0.735814	0.852223	0.611189	0.576649	0.688265	0.217334	0.873026	0.800891	1.08146	0.377906	0.557747	0.696646	0.315472	0.781201	0.944125	0.968854	
2.065	1.06225	1.14967	1.35532	1.29578	1.26324	1.13032	0.825779	0.82412	0.601948	0.610607	1.27237	1.29166	0.860989	0.968455	0.672044	0.803328	1.40644	0.595504	0.572993	0.63251	0.656628	0.643432	0.618364	1.00362	0.704829	1.32367	1.43268	0.592729	0.591195	0.608789	0.884411	0.686517	1.09069	1.33587	0.862779	0.625161	1.17012	0.844423	0.991874	1.03804	1.16381	1.20593	1.2548	1.33653	1.18736	1.11424	0.585881	0.860601	0.843149	1.24603	0.610773	0.610758	0.623816	0.623751	0.668065	0.847144	1.40062	0.574784	0.579885	0.605919	0.617579	0.609063	0.580366	1.18412	0.735787	0.852403	0.611127	0.576215	0.688353	0.217448	0.872977	0.800523	1.0808	0.377972	0.557508	0.696593	0.315573	0.781677	0.944933	0.969516	
2.07	1.06237	1.14979	1.35533	1.2957	1.2633	1.13057	0.826292	0.823705	0.601725	0.610416	1.27232	1.29163	0.861006	0.968565	0.67183	0.803012	1.4064	0.594841	0.572512	0.631765	0.654998	0.641976	0.617641	1.00357	0.703974	1.32397	1.43285	0.592437	0.591337	0.608732	0.884495	0.686093	1.09056	1.33601	0.86236	0.625074	1.17007	0.844665	0.992816	1.03868	1.16386	1.20597	1.25484	1.33651	1.18741	1.11443	0.58568	0.860157	0.843302	1.24613	0.610712	0.610697	0.623732	0.623667	0.667718	0.846797	1.40065	0.574208	0.579436	0.605366	0.616888	0.608444	0.580109	1.18402	0.735763	0.852588	0.611066	0.575865	0.688438	0.217562	0.87293	0.800156	1.08036	0.378033	0.557283	0.69654	0.315674	0.782157	0.94582	0.970239	
2.075	1.06248	1.1499	1.35535	1.29564	1.26337	1.13083	0.826583	0.823292	0.601505	0.610228	1.27227	1.29161	0.861019	0.968666	0.670917	0.802708	1.40638	0.594083	0.572055	0.631156	0.653153	0.640382	0.616854	1.00353	0.703067	1.32425	1.43302	0.592214	0.591471	0.608675	0.884571	0.685882	1.09045	1.33615	0.861942	0.624988	1.17003	0.84489	0.993671	1.03926	1.16392	1.206	1.25487	1.33649	1.18745	1.11461	0.585486	0.859713	0.843451	1.24624	0.610651	0.610637	0.623647	0.623583	0.667326	0.846467	1.40068	0.573794	0.579001	0.604831	0.616097	0.607998	0.579826	1.18392	0.735742	0.852779	0.611004	0.575523	0.688519	0.217676	0.872887	0.799789	1.08013	0.378091	0.557072	0.696487	0.315776	0.782604	0.946762	0.971035	
2.08	1.0626	1.15002	1.35539	1.29559	1.26345	1.13108	0.826703	0.822878	0.60126	0.610021	1.27222	1.2916	0.861028	0.968758	0.669944	0.802414	1.40636	0.593349	0.571711	0.630715	0.651294	0.638802	0.616144	1.0035	0.702073	1.32451	1.43317	0.592001	0.591598	0.608618	0.884637	0.685784	1.09035	1.33628	0.861524	0.624902	1.16999	0.845112	0.994442	1.03979	1.16397	1.20604	1.25491	1.33648	1.1875	1.11479	0.585297	0.859269	0.843595	1.24635	0.610591	0.610576	0.623564	0.623499	0.666931	0.846154	1.40071	0.573299	0.578618	0.604382	0.6153	0.607483	0.579468	1.18383	0.735723	0.852978	0.610943	0.575178	0.688597	0.217789	0.872846	0.799422	1.08005	0.378144	0.556869	0.696434	0.315877	0.782979	0.947722	0.971884	
2.085	1.06271	1.15014	1.35543	1.29556	1.26353	1.13133	0.826514	0.822465	0.601015	0.609813	1.27218	1.29158	0.861033	0.968844	0.669426	0.802129	1.40636	0.592747	0.571316	0.630107	0.64977	0.637517	0.615612	1.00348	0.701112	1.32475	1.43332	0.591763	0.591718	0.608561	0.884695	0.685731	1.09027	1.3364	0.861106	0.624816	1.16996	0.845333	0.995116	1.04026	1.16403	1.20609	1.25495	1.33646	1.18754	1.11495	0.585115	0.858826	0.843735	1.24646	0.61053	0.610516	0.62348	0.623416	0.666556	0.845857	1.40073	0.572725	0.578333	0.603917	0.614651	0.60694	0.579125	1.18374	0.735707	0.853185	0.610882	0.574887	0.688672	0.217903	0.872806	0.799056	1.07999	0.378194	0.556664	0.69638	0.315979	0.783313	0.94868	0.972777	
2.09	1.06283	1.15026	1.35548	1.29554	1.26363	1.13159	0.825929	0.822052	0.600801	0.609629	1.27214	1.29157	0.861034	0.968922	0.669151	0.801852	1.40637	0.592047	0.570844	0.629418	0.647988	0.636002	0.615083	1.00347	0.700284	1.32499	1.43345	0.591541	0.591834	0.608504	0.884744	0.685692	1.0902	1.33651	0.860688	0.62473	1.16993	0.845527	0.995696	1.04067	1.16408	1.20613	1.25498	1.33645	1.18759	1.11511	0.58494	0.858382	0.843869	1.24658	0.61047	0.610455	0.623396	0.623332	0.666215	0.845573	1.40075	0.572216	0.577943	0.603396	0.613899	0.606482	0.578865	1.18366	0.735692	0.853402	0.610821	0.574683	0.688743	0.218017	0.872767	0.79869	1.07987	0.37824	0.556455	0.696326	0.31608	0.783635	0.94963	0.973702	
2.095	1.06296	1.1504	1.35555	1.29553	1.26373	1.13185	0.825023	0.821639	0.600602	0.609457	1.2721	1.29155	0.861033	0.968995	0.668879	0.80158	1.40639	0.591193	0.570392	0.628823	0.646158	0.63444	0.614462	1.00346	0.699462	1.32521	1.43359	0.591371	0.591947	0.608448	0.884784	0.685652	1.09015	1.33662	0.86027	0.624644	1.16989	0.845691	0.99619	1.04103	1.16414	1.20618	1.25502	1.33645	1.18763	1.11527	0.58477	0.857939	0.844	1.24671	0.610409	0.610395	0.623313	0.623249	0.665793	0.845302	1.40078	0.571857	0.577402	0.602874	0.613046	0.605973	0.578622	1.18358	0.73568	0.853629	0.61076	0.574492	0.688812	0.218131	0.872727	0.798324	1.07961	0.378283	0.556243	0.69627	0.316181	0.783977	0.950584	0.974646	
2.1	1.06309	1.15054	1.35562	1.29554	1.26385	1.1321	0.823985	0.821227	0.600386	0.609271	1.27206	1.29154	0.861029	0.969062	0.668558	0.801313	1.40641	0.590341	0.570048	0.628137	0.644648	0.633154	0.613868	1.00347	0.698572	1.32542	1.43371	0.591254	0.592056	0.608391	0.884817	0.685609	1.0901	1.33673	0.859853	0.624559	1.16986	0.845846	0.996631	1.04138	1.16419	1.20622	1.25506	1.33644	1.18768	1.11542	0.584607	0.857496	0.844125	1.24684	0.610349	0.610335	0.623229	0.623166	0.665262	0.845043	1.4008	0.571421	0.576857	0.602423	0.61228	0.605383	0.578338	1.18351	0.735668	0.853866	0.6107	0.574247	0.688879	0.218244	0.872688	0.797959	1.07917	0.378323	0.556038	0.696214	0.316282	0.784338	0.951567	0.975616	
2.105	1.06323	1.15068	1.3557	1.29556	1.26397	1.13237	0.822965	0.820815	0.600134	0.609057	1.27203	1.29152	0.861023	0.969125	0.668214	0.801049	1.40644	0.58963	0.56983	0.627221	0.643377	0.632091	0.613404	1.00349	0.697618	1.32563	1.43384	0.591158	0.592163	0.608335	0.884843	0.685564	1.09007	1.33683	0.859436	0.624473	1.16984	0.846008	0.997058	1.04174	1.16425	1.20627	1.2551	1.33644	1.18773	1.11556	0.584449	0.857054	0.844247	1.24698	0.610289	0.610275	0.623146	0.623083	0.664784	0.844793	1.40082	0.570759	0.576427	0.602074	0.611715	0.604755	0.578011	1.18344	0.735658	0.854113	0.610639	0.573938	0.688943	0.218358	0.872648	0.797594	1.07855	0.37836	0.555844	0.696156	0.316384	0.784673	0.952572	0.976587	
2.11	1.06338	1.15084	1.35579	1.29559	1.2641	1.13263	0.821987	0.820404	0.599876	0.608841	1.27199	1.29151	0.861015	0.969185	0.66787	0.800786	1.40648	0.588891	0.569582	0.626248	0.642362	0.631191	0.612827	1.00351	0.696703	1.32584	1.43396	0.591073	0.592269	0.608278	0.884863	0.685518	1.09005	1.33693	0.859019	0.624388	1.16981	0.846176	0.9975	1.04212	1.16431	1.20632	1.25514	1.33645	1.18778	1.1157	0.584298	0.856612	0.844364	1.24713	0.610229	0.610215	0.623063	0.623	0.664419	0.844551	1.40085	0.570015	0.57601	0.601739	0.611173	0.604195	0.577705	1.18338	0.735649	0.85437	0.610578	0.573635	0.689005	0.218472	0.872608	0.79723	1.07785	0.378395	0.55566	0.696097	0.316485	0.785007	0.953596	0.977558	
2.115	1.06353	1.15101	1.35589	1.29563	1.26424	1.1329	0.820988	0.819993	0.599649	0.608652	1.27196	1.29149	0.861005	0.969242	0.667545	0.800524	1.40652	0.588086	0.569222	0.625435	0.641627	0.630485	0.612136	1.00354	0.695911	1.32605	1.43408	0.591003	0.592376	0.608222	0.884879	0.685471	1.09003	1.33703	0.858602	0.624303	1.16978	0.846359	0.997971	1.04254	1.16436	1.20637	1.25518	1.33645	1.18783	1.11584	0.584152	0.85617	0.844478	1.24729	0.610169	0.610155	0.62298	0.622917	0.664118	0.844316	1.40087	0.569384	0.575541	0.601346	0.610577	0.603775	0.577473	1.18332	0.735641	0.854637	0.610518	0.573399	0.689066	0.218586	0.872568	0.796866	1.07701	0.378429	0.555483	0.696037	0.316586	0.785305	0.954622	0.978519	
2.12	1.06369	1.15119	1.35598	1.29567	1.26438	1.13316	0.820022	0.819582	0.599425	0.608466	1.27192	1.29148	0.860995	0.969297	0.667082	0.800263	1.40655	0.587335	0.568847	0.6247	0.640444	0.629982	0.611504	1.00358	0.695043	1.32625	1.4342	0.590948	0.592483	0.608166	0.884891	0.685424	1.09001	1.33712	0.858186	0.624218	1.16975	0.846542	0.998472	1.04299	1.16442	1.20643	1.25521	1.33645	1.18788	1.11597	0.584012	0.855728	0.844587	1.24745	0.610109	0.610096	0.622898	0.622835	0.663829	0.844088	1.4009	0.568828	0.575102	0.600943	0.61003	0.603291	0.577209	1.18326	0.735633	0.854912	0.610457	0.573153	0.689125	0.218699	0.872529	0.796502	1.07624	0.378462	0.555316	0.695976	0.316688	0.785565	0.955657	0.979494	
2.125	1.06385	1.15137	1.35609	1.29572	1.26453	1.13343	0.81926	0.819171	0.599174	0.608259	1.27188	1.29146	0.860984	0.969351	0.66657	0.800001	1.40659	0.586736	0.568554	0.623969	0.639028	0.629155	0.611033	1.00362	0.693994	1.32646	1.43432	0.590898	0.592591	0.60811	0.884902	0.685376	1.09	1.33722	0.85777	0.624133	1.16971	0.846748	0.999023	1.04348	1.16448	1.20647	1.25525	1.33645	1.18793	1.11611	0.583876	0.855287	0.844693	1.24761	0.61005	0.610036	0.622815	0.622752	0.663534	0.843864	1.40092	0.56824	0.574769	0.600592	0.609614	0.602672	0.576852	1.18321	0.735626	0.855195	0.610397	0.572844	0.689184	0.218813	0.872493	0.796138	1.07551	0.378495	0.555163	0.695914	0.316789	0.78576	0.956698	0.980484	
2.13	1.06402	1.15156	1.35619	1.29577	1.26468	1.1337	0.819482	0.818761	0.598922	0.608051	1.27184	1.29144	0.860973	0.969405	0.666129	0.799738	1.40663	0.586072	0.568195	0.623332	0.63779	0.628156	0.610481	1.00366	0.692905	1.32668	1.43445	0.590806	0.592701	0.608054	0.884912	0.685328	1.08998	1.33731	0.857354	0.624049	1.16968	0.847083	0.999644	1.04404	1.16453	1.20652	1.25528	1.33645	1.18797	1.11623	0.583744	0.854845	0.844796	1.24778	0.60999	0.609976	0.622733	0.62267	0.663233	0.843644	1.40094	0.567546	0.574472	0.600232	0.609103	0.602066	0.576498	1.18315	0.73562	0.855483	0.610337	0.572544	0.689242	0.218927	0.872458	0.795775	1.07507	0.378529	0.555024	0.69585	0.31689	0.785969	0.957747	0.98151	
2.135	1.06419	1.15176	1.35628	1.29581	1.26483	1.13397	0.820099	0.818351	0.598704	0.607868	1.27181	1.29142	0.860962	0.969458	0.665764	0.799475	1.40666	0.585359	0.567779	0.622856	0.6364	0.627279	0.609898	1.00371	0.691933	1.32689	1.43457	0.590694	0.592813	0.607998	0.884923	0.685278	1.08997	1.33741	0.856938	0.623964	1.16965	0.847494	1.00031	1.04463	1.16458	1.20656	1.25531	1.33645	1.18801	1.11636	0.583616	0.854405	0.844896	1.24795	0.609931	0.609917	0.62265	0.622588	0.662933	0.843426	1.40096	0.566898	0.574103	0.599818	0.608533	0.601596	0.576227	1.18309	0.735614	0.855776	0.610277	0.572317	0.6893	0.21904	0.872428	0.795412	1.07485	0.378563	0.554893	0.695786	0.316991	0.786246	0.958781	0.982575	
2.14	1.06436	1.15196	1.35638	1.29585	1.26497	1.13423	0.820908	0.817942	0.598493	0.607688	1.27177	1.29141	0.860951	0.969513	0.665432	0.799211	1.40668	0.58472	0.567412	0.622314	0.635029	0.62608	0.60941	1.00375	0.690952	1.32711	1.4347	0.590593	0.592927	0.607942	0.884937	0.685225	1.08995	1.3375	0.856523	0.62388	1.16961	0.847905	1.00099	1.04522	1.16462	1.2066	1.25534	1.33643	1.18804	1.11648	0.58349	0.853964	0.844994	1.24813	0.609871	0.609858	0.622568	0.622506	0.662638	0.84321	1.40097	0.56642	0.573597	0.599405	0.608037	0.60112	0.575962	1.18303	0.735608	0.856071	0.610217	0.572096	0.689358	0.219154	0.872401	0.79505	1.07483	0.3786	0.554766	0.695722	0.317093	0.786547	0.959813	0.983678	
2.145	1.06452	1.15215	1.35647	1.29589	1.26511	1.1345	0.821868	0.817533	0.59826	0.607491	1.27172	1.29139	0.860942	0.96957	0.66511	0.798947	1.4067	0.584231	0.567156	0.621657	0.633926	0.624768	0.608781	1.00379	0.689908	1.32734	1.43483	0.590498	0.593043	0.607887	0.884954	0.685166	1.08992	1.3376	0.856107	0.623796	1.16958	0.84823	1.00168	1.04578	1.16466	1.20663	1.25536	1.33641	1.18807	1.1166	0.583367	0.853523	0.84509	1.2483	0.609812	0.609799	0.622486	0.622424	0.662367	0.842995	1.40098	0.565966	0.573049	0.599054	0.607678	0.6006	0.575649	1.18297	0.735603	0.856365	0.610157	0.571835	0.689416	0.219267	0.87238	0.794688	1.07494	0.378638	0.554644	0.695657	0.317194	0.786807	0.960849	0.984792	
2.15	1.06469	1.15234	1.35655	1.29591	1.26524	1.13475	0.82294	0.817124	0.598025	0.607294	1.27168	1.29136	0.860933	0.969628	0.664806	0.798684	1.40671	0.583665	0.567002	0.621019	0.632697	0.623669	0.608011	1.00382	0.688894	1.32757	1.43497	0.59041	0.59316	0.607831	0.884976	0.685099	1.08988	1.33769	0.855692	0.623712	1.16954	0.848423	1.00236	1.04629	1.1647	1.20666	1.25537	1.33639	1.18809	1.11672	0.583244	0.853083	0.845184	1.24849	0.609753	0.609739	0.622405	0.622342	0.662162	0.84278	1.40099	0.565448	0.572584	0.598731	0.607264	0.60012	0.57534	1.1829	0.735598	0.856657	0.610098	0.571575	0.689476	0.219381	0.872366	0.794326	1.07495	0.37868	0.55453	0.695593	0.317295	0.787031	0.961875	0.985866	
2.155	1.06485	1.15253	1.35662	1.29592	1.26536	1.135	0.823866	0.816716	0.597819	0.60712	1.27164	1.29134	0.860926	0.969689	0.664579	0.798421	1.40671	0.58299	0.566816	0.620516	0.631471	0.622371	0.607297	1.00385	0.688011	1.3278	1.4351	0.590335	0.593279	0.607776	0.885003	0.685024	1.08984	1.33779	0.855278	0.623628	1.16951	0.848565	1.003	1.04675	1.16472	1.20668	1.25538	1.33635	1.1881	1.11684	0.583123	0.852644	0.845276	1.24868	0.609694	0.60968	0.622323	0.622261	0.661997	0.842564	1.40099	0.564967	0.57224	0.598404	0.606768	0.599752	0.575096	1.18282	0.735594	0.856943	0.610038	0.57137	0.689536	0.219495	0.872358	0.793964	1.07482	0.378725	0.554428	0.695529	0.317396	0.787248	0.962864	0.986861	
2.16	1.065	1.15271	1.35668	1.29593	1.26548	1.13524	0.824497	0.816308	0.597648	0.606955	1.2716	1.29132	0.860921	0.969753	0.664402	0.798161	1.40671	0.582325	0.566519	0.620008	0.630477	0.621045	0.606766	1.00387	0.687137	1.32804	1.43524	0.590277	0.593398	0.60772	0.885037	0.684939	1.08979	1.33789	0.854863	0.623544	1.16947	0.848688	1.00356	1.04714	1.16474	1.20669	1.25538	1.3363	1.18811	1.11695	0.583	0.852204	0.845368	1.24887	0.609635	0.609622	0.622241	0.622179	0.661415	0.842348	1.40098	0.564614	0.571928	0.598093	0.606295	0.599319	0.57486	1.18274	0.735589	0.85722	0.609978	0.571175	0.689597	0.219608	0.872357	0.793603	1.07452	0.378773	0.554344	0.695467	0.317497	0.787454	0.963788	0.987749	
2.165	1.06514	1.15288	1.35673	1.29591	1.26557	1.13547	0.824784	0.8159	0.597462	0.606776	1.27155	1.2913	0.860917	0.969821	0.663653	0.797903	1.40669	0.581778	0.566203	0.61946	0.629241	0.619964	0.606208	1.00388	0.686215	1.32828	1.43538	0.590205	0.593518	0.607665	0.885077	0.684841	1.08973	1.33799	0.854449	0.623461	1.16943	0.848807	1.00403	1.04748	1.16476	1.20669	1.25537	1.33624	1.1881	1.11706	0.582877	0.851765	0.845459	1.24906	0.609576	0.609563	0.62216	0.622098	0.660645	0.842129	1.40096	0.564219	0.571562	0.597831	0.605929	0.5988	0.574585	1.18265	0.735585	0.857487	0.609919	0.570947	0.68966	0.219722	0.872364	0.793243	1.07417	0.378825	0.554275	0.695406	0.317598	0.787645	0.964636	0.988527	
2.17	1.06527	1.15303	1.35677	1.29589	1.26566	1.1357	0.82476	0.815492	0.597234	0.606575	1.27151	1.29128	0.860916	0.969893	0.662837	0.79765	1.40667	0.581385	0.565958	0.618969	0.627936	0.618834	0.605591	1.00388	0.685331	1.32852	1.43552	0.590092	0.593637	0.60761	0.885124	0.684732	1.08965	1.3381	0.854035	0.623377	1.16939	0.848923	1.00441	1.04776	1.16477	1.20668	1.25535	1.33618	1.18809	1.11717	0.582752	0.851326	0.84555	1.24925	0.609517	0.609504	0.622079	0.622017	0.66014	0.841909	1.40094	0.563756	0.571209	0.597618	0.605502	0.598317	0.574326	1.18256	0.73558	0.85774	0.60986	0.570733	0.689724	0.219835	0.872379	0.792882	1.07387	0.378882	0.554214	0.695347	0.3177	0.787833	0.965409	0.989205	
2.175	1.06539	1.15317	1.35679	1.29585	1.26573	1.13591	0.824464	0.815085	0.597	0.606375	1.27146	1.29126	0.860917	0.969968	0.662392	0.797401	1.40664	0.580874	0.565806	0.618599	0.626854	0.617758	0.605037	1.00387	0.684568	1.32877	1.43566	0.589969	0.593755	0.607555	0.885178	0.68461	1.08957	1.33821	0.853621	0.623294	1.16936	0.849055	1.00469	1.04799	1.16477	1.20666	1.25532	1.3361	1.18807	1.11727	0.582625	0.850887	0.845641	1.24944	0.609459	0.609446	0.621998	0.621936	0.659851	0.841687	1.40091	0.563337	0.57094	0.597366	0.60499	0.597954	0.574133	1.18245	0.735576	0.857978	0.6098	0.570572	0.68979	0.219949	0.872402	0.792522	1.07355	0.378943	0.554157	0.695291	0.317801	0.788009	0.966102	0.989785	
2.18	1.0655	1.15329	1.35681	1.29579	1.26579	1.13611	0.823963	0.814679	0.596795	0.606202	1.27142	1.29124	0.86092	0.970047	0.662159	0.797157	1.4066	0.580168	0.565715	0.61819	0.625698	0.616909	0.604629	1.00385	0.683791	1.32901	1.43581	0.589865	0.593872	0.6075	0.885239	0.684475	1.08948	1.33832	0.853208	0.623211	1.16932	0.84918	1.00489	1.04816	1.16476	1.20663	1.25529	1.33601	1.18804	1.11738	0.582496	0.850449	0.845732	1.24963	0.6094	0.609387	0.621917	0.621856	0.659596	0.841463	1.40087	0.563039	0.570769	0.597043	0.604503	0.59754	0.573939	1.18234	0.735571	0.858198	0.609741	0.570414	0.689857	0.220062	0.872433	0.792163	1.07338	0.379009	0.554103	0.695238	0.317902	0.788189	0.966735	0.990295	
2.185	1.06559	1.1534	1.35681	1.29573	1.26583	1.1363	0.823445	0.814272	0.596602	0.606033	1.27138	1.29122	0.860925	0.970131	0.661936	0.79692	1.40656	0.579434	0.565588	0.617719	0.624584	0.615888	0.604363	1.00382	0.682974	1.32926	1.43595	0.589754	0.593985	0.607445	0.885305	0.684328	1.08938	1.33843	0.852794	0.623128	1.16928	0.849337	1.00505	1.04832	1.16474	1.2066	1.25525	1.33591	1.188	1.11748	0.582363	0.85001	0.845824	1.24981	0.609342	0.609329	0.621836	0.621775	0.659306	0.841237	1.40083	0.562692	0.570573	0.596708	0.604125	0.59708	0.573695	1.18222	0.735566	0.858399	0.609682	0.570213	0.689925	0.220176	0.872472	0.791804	1.0734	0.379079	0.554057	0.695188	0.318003	0.78838	0.967335	0.990762	
2.19	1.06568	1.15349	1.35681	1.29565	1.26586	1.13648	0.823095	0.813867	0.596392	0.605848	1.27133	1.2912	0.860933	0.970218	0.661671	0.796689	1.40651	0.578822	0.565326	0.617284	0.623699	0.614825	0.60399	1.00378	0.682198	1.32951	1.4361	0.589608	0.594095	0.60739	0.885377	0.68417	1.08928	1.33854	0.852381	0.623045	1.16925	0.849519	1.00521	1.0485	1.16472	1.20656	1.2552	1.33579	1.18795	1.11758	0.582227	0.849572	0.845916	1.25	0.609284	0.60927	0.621755	0.621694	0.65899	0.841009	1.40078	0.562264	0.570284	0.596418	0.603722	0.596673	0.573457	1.1821	0.73556	0.85858	0.609623	0.570017	0.689994	0.220289	0.872518	0.791445	1.07376	0.379153	0.554022	0.695141	0.318104	0.788574	0.967915	0.991196	
2.195	1.06575	1.15356	1.35679	1.29556	1.26588	1.13666	0.823023	0.813461	0.596186	0.605663	1.27129	1.29118	0.860942	0.970308	0.661383	0.796465	1.40646	0.578147	0.565001	0.616951	0.62261	0.613951	0.603451	1.00373	0.681533	1.32975	1.43624	0.589459	0.594202	0.607335	0.885454	0.684002	1.08917	1.33866	0.851969	0.622963	1.16921	0.84969	1.00539	1.0487	1.1647	1.20651	1.25515	1.33568	1.18789	1.11767	0.582088	0.849135	0.84601	1.25018	0.609225	0.609212	0.621675	0.621614	0.658678	0.84078	1.40072	0.561857	0.569971	0.596112	0.603295	0.596375	0.573277	1.18196	0.735554	0.858739	0.609565	0.569867	0.690064	0.220403	0.872571	0.791086	1.07452	0.379232	0.553996	0.695099	0.318205	0.78877	0.968473	0.991598	
2.2	1.0658	1.15361	1.35677	1.29547	1.26589	1.13682	0.823303	0.813056	0.596007	0.6055	1.27125	1.29117	0.860953	0.970402	0.661091	0.796249	1.40641	0.577421	0.564723	0.616536	0.621465	0.612943	0.602909	1.00367	0.680794	1.33	1.43638	0.589337	0.594304	0.607281	0.885534	0.683826	1.08905	1.33877	0.851556	0.62288	1.16918	0.849881	1.0056	1.04895	1.16466	1.20645	1.25509	1.33555	1.18783	1.11777	0.581945	0.848697	0.846104	1.25036	0.609167	0.609154	0.621595	0.621534	0.65845	0.84055	1.40066	0.561555	0.569714	0.595752	0.602923	0.595972	0.573071	1.18182	0.735547	0.858878	0.609506	0.5697	0.690134	0.220516	0.87263	0.790728	1.07578	0.379314	0.553979	0.69506	0.318306	0.788949	0.969018	0.991968	
2.205	1.06585	1.15365	1.35675	1.29537	1.26589	1.13698	0.823925	0.812651	0.595829	0.605365	1.27121	1.29115	0.860965	0.970499	0.660801	0.795991	1.40637	0.57677	0.564536	0.616016	0.620518	0.611926	0.602488	1.0036	0.679894	1.33024	1.43652	0.589231	0.594401	0.607226	0.885616	0.683643	1.08894	1.33889	0.851144	0.622798	1.16915	0.850111	1.00584	1.04922	1.16463	1.20638	1.25502	1.33542	1.18777	1.11786	0.5818	0.84826	0.8462	1.25054	0.609109	0.609096	0.621515	0.621454	0.658279	0.840319	1.4006	0.561236	0.569525	0.595391	0.60265	0.595451	0.572801	1.18168	0.735539	0.858996	0.609447	0.569482	0.690205	0.22063	0.872693	0.79037	1.07737	0.379399	0.553967	0.695025	0.318407	0.789093	0.969537	0.992291	
2.21	1.06589	1.15367	1.35672	1.29527	1.26589	1.13712	0.824991	0.812246	0.595607	0.605243	1.27117	1.29113	0.860978	0.970599	0.660512	0.795285	1.40632	0.576273	0.564401	0.615524	0.619434	0.611103	0.60211	1.00353	0.678959	1.33048	1.43666	0.589127	0.594493	0.607172	0.885698	0.683455	1.08883	1.33901	0.850732	0.622716	1.16911	0.850383	1.00612	1.04953	1.16459	1.20632	1.25496	1.33528	1.1877	1.11796	0.581651	0.847824	0.846297	1.25072	0.609051	0.609038	0.621435	0.621374	0.657783	0.840088	1.40053	0.560853	0.569368	0.595084	0.602273	0.594954	0.572538	1.18153	0.735529	0.859093	0.609389	0.569268	0.690275	0.220743	0.87276	0.790013	1.07876	0.379487	0.553959	0.694994	0.318508	0.789159	0.969991	0.992519	
2.215	1.06591	1.15368	1.35669	1.29517	1.26587	1.13727	0.826548	0.811842	0.595316	0.605123	1.27113	1.29112	0.860992	0.970701	0.660223	0.794684	1.40628	0.575734	0.564276	0.615147	0.618346	0.610172	0.601661	1.00346	0.678126	1.33072	1.4368	0.589035	0.59458	0.607117	0.88578	0.683265	1.08871	1.33913	0.85032	0.622634	1.16908	0.85064	1.00643	1.04988	1.16454	1.20624	1.25489	1.33514	1.18763	1.11805	0.5815	0.847387	0.846396	1.25089	0.608993	0.60898	0.621355	0.621294	0.657028	0.839856	1.40046	0.560482	0.569146	0.594782	0.601752	0.594579	0.57234	1.18139	0.735517	0.859172	0.60933	0.569107	0.690346	0.220857	0.872828	0.789656	1.07958	0.379577	0.553955	0.694967	0.318609	0.789201	0.970374	0.992671	
2.22	1.06594	1.15368	1.35666	1.29507	1.26586	1.13741	0.828047	0.811438	0.595007	0.605008	1.27109	1.2911	0.861005	0.970804	0.659935	0.794196	1.40625	0.575121	0.56417	0.614715	0.617466	0.609239	0.60122	1.00338	0.677228	1.33096	1.43694	0.588962	0.594661	0.607063	0.88586	0.683075	1.08861	1.33925	0.849908	0.622552	1.16905	0.850803	1.00675	1.05019	1.1645	1.20617	1.25482	1.33501	1.18756	1.11815	0.581348	0.846951	0.846495	1.25106	0.608936	0.608923	0.621275	0.621215	0.656384	0.839624	1.4004	0.560199	0.568804	0.59444	0.601236	0.594143	0.572123	1.18124	0.735504	0.859233	0.609272	0.568933	0.690415	0.22097	0.872898	0.789299	1.07993	0.379669	0.553956	0.694943	0.31871	0.789263	0.97068	0.992732	
2.225	1.06595	1.15368	1.35663	1.29498	1.26585	1.13755	0.829294	0.811035	0.594735	0.604906	1.27105	1.29109	0.861019	0.970908	0.659649	0.793803	1.40623	0.574543	0.564096	0.614227	0.616297	0.608488	0.600873	1.0033	0.676305	1.33119	1.43708	0.588842	0.594736	0.607009	0.885937	0.682888	1.08851	1.33936	0.849497	0.62247	1.16902	0.850964	1.00703	1.05045	1.16446	1.2061	1.25476	1.33487	1.18749	1.11824	0.581194	0.846515	0.846596	1.25123	0.608878	0.608865	0.621195	0.621135	0.655964	0.839393	1.40033	0.559836	0.56845	0.5941	0.600836	0.593653	0.571856	1.18109	0.735489	0.859279	0.609214	0.568718	0.690484	0.221083	0.872967	0.788943	1.08002	0.379761	0.553964	0.694922	0.318811	0.789345	0.97094	0.992758	
2.23	1.06597	1.15366	1.35661	1.29489	1.26584	1.13768	0.830368	0.810632	0.594504	0.604802	1.27101	1.29107	0.861031	0.971012	0.659363	0.793432	1.40622	0.574088	0.563978	0.613782	0.615023	0.607961	0.600404	1.00322	0.675467	1.33142	1.43722	0.588648	0.594806	0.606955	0.886009	0.682706	1.08842	1.33948	0.849086	0.622389	1.16899	0.85116	1.00725	1.05065	1.16441	1.20602	1.25469	1.33474	1.18742	1.11834	0.58104	0.846079	0.846697	1.2514	0.608821	0.608808	0.621116	0.621056	0.655648	0.839131	1.40027	0.559339	0.568174	0.593809	0.600452	0.593212	0.571588	1.18094	0.735472	0.859313	0.609156	0.5685	0.690551	0.221197	0.873034	0.788587	1.07998	0.379853	0.553977	0.694905	0.318912	0.78942	0.971164	0.992783	
2.235	1.06598	1.15365	1.3566	1.29482	1.26584	1.13782	0.831338	0.810229	0.594286	0.604678	1.27097	1.29106	0.861042	0.971116	0.659079	0.793074	1.40621	0.573578	0.563745	0.613443	0.61396	0.607575	0.599819	1.00315	0.674776	1.33166	1.43735	0.588441	0.594871	0.606901	0.886076	0.682531	1.08834	1.33959	0.848675	0.622307	1.16896	0.851327	1.00743	1.05081	1.16437	1.20595	1.25463	1.33461	1.18736	1.11843	0.580887	0.845644	0.846799	1.25156	0.608763	0.60875	0.621037	0.620977	0.655342	0.838305	1.40022	0.558837	0.567947	0.593501	0.600042	0.592885	0.571377	1.1808	0.735453	0.859337	0.609098	0.568327	0.690617	0.22131	0.873098	0.788231	1.07989	0.379944	0.553993	0.694889	0.319013	0.789546	0.971376	0.992848	
2.24	1.066	1.15363	1.35659	1.29476	1.26584	1.13797	0.832123	0.809827	0.594047	0.604541	1.27093	1.29104	0.861052	0.971219	0.658796	0.792698	1.40622	0.572907	0.56343	0.61312	0.613015	0.607211	0.599241	1.00308	0.674113	1.33189	1.43749	0.588273	0.594932	0.606847	0.886136	0.682367	1.08827	1.3397	0.848265	0.622226	1.16893	0.851445	1.00759	1.05094	1.16434	1.20589	1.25458	1.33449	1.1873	1.11853	0.580734	0.845209	0.846902	1.25171	0.608706	0.608693	0.620957	0.620898	0.655035	0.8376	1.40016	0.558444	0.567769	0.593116	0.599642	0.59257	0.571188	1.18066	0.735433	0.859354	0.60904	0.568179	0.690681	0.221423	0.873159	0.787876	1.07976	0.380035	0.554013	0.694875	0.319114	0.789673	0.971579	0.992934	
2.245	1.06602	1.15362	1.3566	1.29471	1.26586	1.13811	0.83227	0.809425	0.593767	0.604407	1.27089	1.29103	0.86106	0.971321	0.658514	0.792351	1.40624	0.572209	0.56314	0.612713	0.612039	0.606826	0.598782	1.00302	0.673405	1.33212	1.43762	0.588059	0.59499	0.606793	0.88619	0.682215	1.08822	1.33981	0.847854	0.622145	1.1689	0.851518	1.00772	1.05103	1.1643	1.20582	1.25453	1.33438	1.18724	1.11863	0.580584	0.844774	0.847005	1.25186	0.608649	0.608636	0.620878	0.620819	0.654807	0.836925	1.40012	0.55796	0.567645	0.592715	0.599316	0.592103	0.570954	1.18052	0.73541	0.859368	0.608982	0.567994	0.690744	0.221537	0.873215	0.787521	1.07962	0.380123	0.554033	0.694863	0.319215	0.789857	0.971744	0.993016	
2.25	1.06604	1.15362	1.35661	1.29467	1.26588	1.13826	0.832111	0.809023	0.593488	0.604291	1.27085	1.29101	0.861065	0.971422	0.658235	0.791991	1.40626	0.571626	0.562934	0.6123	0.61116	0.606479	0.598256	1.00297	0.672711	1.33235	1.43775	0.587793	0.595045	0.60674	0.886236	0.682077	1.08817	1.33991	0.847444	0.622064	1.16887	0.851645	1.00784	1.05112	1.16427	1.20576	1.25448	1.33427	1.1872	1.11874	0.580437	0.84434	0.847108	1.252	0.608591	0.608579	0.6208	0.62074	0.654637	0.836314	1.40008	0.55745	0.567557	0.592368	0.599085	0.591429	0.570638	1.1804	0.735386	0.859383	0.608924	0.567745	0.690804	0.22165	0.873265	0.787166	1.07947	0.380209	0.554054	0.694851	0.319316	0.790058	0.971837	0.993058	
2.255	1.06608	1.15362	1.35664	1.29465	1.26591	1.13842	0.832007	0.808622	0.59325	0.604166	1.27081	1.29099	0.861068	0.97152	0.657961	0.791578	1.4063	0.571006	0.562692	0.611967	0.610499	0.606215	0.597681	1.00293	0.672102	1.33258	1.43789	0.587542	0.595099	0.606686	0.886276	0.681956	1.08814	1.34001	0.847035	0.621983	1.16884	0.851799	1.00797	1.05123	1.16425	1.20571	1.25445	1.33417	1.18716	1.11884	0.580293	0.843905	0.847211	1.25214	0.608534	0.608522	0.620721	0.620662	0.653931	0.835745	1.40005	0.557039	0.567479	0.592014	0.5987	0.590748	0.570326	1.18028	0.735361	0.859402	0.608867	0.567501	0.690863	0.221763	0.87331	0.786812	1.07932	0.380292	0.554076	0.694838	0.319417	0.790187	0.971847	0.99302	
2.26	1.06612	1.15364	1.35668	1.29464	1.26596	1.13859	0.831918	0.808221	0.593022	0.604015	1.27077	1.29097	0.861068	0.971615	0.657698	0.791164	1.40634	0.570323	0.562399	0.611521	0.609525	0.605564	0.597183	1.0029	0.671398	1.33282	1.43802	0.587354	0.595152	0.606632	0.886308	0.681851	1.08811	1.34011	0.846625	0.621903	1.1688	0.851927	1.0081	1.05135	1.16422	1.20566	1.25441	1.33408	1.18712	1.11895	0.580152	0.843471	0.847314	1.25227	0.608477	0.608465	0.620642	0.620583	0.653094	0.835242	1.40002	0.556567	0.567399	0.591627	0.598209	0.590217	0.570091	1.18016	0.735334	0.859429	0.608809	0.567318	0.69092	0.221877	0.87335	0.786458	1.07918	0.380372	0.554097	0.694825	0.319518	0.790228	0.971773	0.992871	
2.265	1.06618	1.15367	1.35673	1.29465	1.26602	1.13876	0.831722	0.80782	0.592777	0.603858	1.27072	1.29094	0.861064	0.971708	0.657485	0.790771	1.40639	0.569678	0.56213	0.610958	0.608409	0.604703	0.596827	1.00287	0.67056	1.33305	1.43816	0.587179	0.595206	0.606579	0.886334	0.681764	1.0881	1.3402	0.846216	0.621822	1.16876	0.852055	1.00823	1.05149	1.16421	1.20562	1.25439	1.334	1.18709	1.11905	0.580016	0.843038	0.847416	1.2524	0.608421	0.608408	0.620564	0.620505	0.652605	0.834759	1.4	0.556025	0.567328	0.591254	0.597762	0.589799	0.569879	1.18005	0.735308	0.859468	0.608752	0.567155	0.690976	0.22199	0.873384	0.786105	1.07905	0.380448	0.554119	0.69481	0.319619	0.790261	0.971646	0.992657	
2.27	1.06624	1.15372	1.35679	1.29466	1.26609	1.13894	0.831625	0.80742	0.592539	0.603716	1.27068	1.29092	0.861058	0.971797	0.657319	0.790378	1.40644	0.569163	0.561938	0.610428	0.607459	0.603937	0.596602	1.00286	0.669713	1.33329	1.43829	0.587005	0.595261	0.606526	0.886354	0.681693	1.08809	1.34029	0.845807	0.62174	1.16872	0.852247	1.00838	1.05167	1.1642	1.20558	1.25437	1.33393	1.18707	1.11916	0.579884	0.842605	0.847517	1.25252	0.608364	0.608351	0.620486	0.620427	0.652344	0.834233	1.39999	0.555545	0.567279	0.590942	0.597436	0.589367	0.569637	1.17995	0.735281	0.859521	0.608695	0.566963	0.69103	0.222103	0.873413	0.785752	1.07892	0.38052	0.554141	0.694793	0.319719	0.790354	0.97149	0.992471	
2.275	1.06632	1.15379	1.35685	1.29469	1.26618	1.13914	0.831813	0.80702	0.592337	0.603598	1.27063	1.29089	0.861048	0.971883	0.657118	0.789962	1.4065	0.568777	0.561809	0.610028	0.606798	0.603352	0.596437	1.00286	0.668971	1.33353	1.43843	0.586837	0.59532	0.606472	0.886369	0.681638	1.0881	1.34037	0.845398	0.621654	1.16868	0.852504	1.00858	1.05191	1.16419	1.20555	1.25435	1.33386	1.18705	1.11927	0.579757	0.842172	0.847618	1.25263	0.608307	0.608295	0.620407	0.620349	0.652107	0.833676	1.39998	0.555209	0.56724	0.590698	0.597184	0.588847	0.569351	1.17986	0.735254	0.859594	0.608637	0.56673	0.691083	0.222216	0.873437	0.785399	1.07879	0.380588	0.554163	0.694773	0.31982	0.790483	0.971328	0.992363	
2.28	1.06642	1.15387	1.35693	1.29473	1.26628	1.13934	0.832027	0.806621	0.592143	0.603502	1.27058	1.29086	0.861035	0.971965	0.656318	0.78956	1.40656	0.568299	0.56155	0.609576	0.606208	0.602663	0.5961	1.00288	0.668165	1.33377	1.43857	0.586698	0.595382	0.606419	0.88638	0.681598	1.0881	1.34045	0.844989	0.621545	1.16863	0.852744	1.00881	1.0522	1.16419	1.20553	1.25434	1.3338	1.18704	1.11937	0.579634	0.841739	0.847717	1.25274	0.608251	0.608238	0.620329	0.620271	0.651836	0.83327	1.39998	0.554841	0.567056	0.59042	0.596775	0.588348	0.56909	1.17977	0.735229	0.859687	0.60858	0.566514	0.691134	0.22233	0.873458	0.785047	1.07868	0.380652	0.554185	0.69475	0.319921	0.790569	0.971209	0.992365	
2.285	1.06652	1.15398	1.35702	1.29478	1.26639	1.13955	0.831895	0.806222	0.591934	0.603383	1.27053	1.29083	0.861019	0.972042	0.655596	0.789272	1.40662	0.567669	0.561158	0.609095	0.605628	0.60195	0.595568	1.0029	0.667326	1.33402	1.43871	0.586598	0.595447	0.606366	0.886387	0.681571	1.08812	1.34052	0.844581	0.621406	1.16858	0.852944	1.00905	1.05249	1.16419	1.20551	1.25433	1.33375	1.18703	1.11948	0.579515	0.841306	0.847815	1.25284	0.608194	0.608182	0.620252	0.620193	0.651544	0.832903	1.39997	0.554332	0.566726	0.590045	0.596228	0.587966	0.5689	1.17968	0.735206	0.859805	0.608523	0.566356	0.691184	0.222443	0.873474	0.784695	1.07856	0.380711	0.554206	0.694723	0.320022	0.79066	0.971108	0.992419	
2.29	1.06664	1.1541	1.35711	1.29484	1.26651	1.13976	0.831767	0.805823	0.591732	0.603224	1.27047	1.29079	0.860999	0.972116	0.65526	0.788959	1.40669	0.567028	0.560777	0.608685	0.605134	0.601369	0.595027	1.00293	0.66656	1.33427	1.43885	0.586425	0.595518	0.606313	0.886391	0.681556	1.08814	1.34058	0.844173	0.621257	1.16853	0.85315	1.00929	1.05278	1.16419	1.20549	1.25432	1.3337	1.18702	1.11958	0.579401	0.840874	0.847911	1.25293	0.608138	0.608126	0.620174	0.620116	0.651252	0.832649	1.39997	0.553823	0.566383	0.58964	0.59571	0.587528	0.568691	1.17961	0.735184	0.859948	0.608466	0.566189	0.691233	0.222556	0.873489	0.784343	1.07846	0.380766	0.554228	0.694692	0.320123	0.790782	0.971031	0.992518	
2.295	1.06678	1.15424	1.35721	1.2949	1.26664	1.13999	0.832067	0.805425	0.591561	0.603033	1.27042	1.29075	0.860976	0.972185	0.655079	0.78862	1.40675	0.566504	0.5605	0.608389	0.604776	0.600935	0.594611	1.00298	0.665927	1.33452	1.43899	0.586116	0.595592	0.60626	0.886392	0.68155	1.08816	1.34064	0.843766	0.621116	1.16848	0.853371	1.00954	1.05308	1.1642	1.20548	1.25432	1.33365	1.18702	1.11968	0.579291	0.840442	0.848006	1.25302	0.608082	0.608069	0.620096	0.620038	0.650966	0.832494	1.39997	0.553439	0.566122	0.589285	0.595324	0.586903	0.568392	1.17953	0.735165	0.860117	0.60841	0.565954	0.691282	0.222669	0.873501	0.783992	1.07836	0.380816	0.55425	0.694657	0.320224	0.790853	0.970982	0.992646	
2.3	1.06692	1.1544	1.35732	1.29498	1.26678	1.14022	0.832683	0.805027	0.591387	0.602844	1.27036	1.29071	0.860949	0.972249	0.654873	0.788328	1.40681	0.566132	0.56026	0.608064	0.604132	0.60032	0.594214	1.00303	0.665241	1.33477	1.43913	0.585765	0.595671	0.606208	0.886391	0.681552	1.08819	1.3407	0.843358	0.620969	1.16842	0.853469	1.0098	1.05338	1.16421	1.20548	1.25431	1.33361	1.18702	1.11978	0.579185	0.840011	0.848099	1.25311	0.608025	0.608013	0.620019	0.619688	0.650687	0.832424	1.39997	0.553158	0.565799	0.58892	0.594775	0.586228	0.568073	1.17947	0.735149	0.860313	0.608353	0.565708	0.691329	0.222782	0.873511	0.783641	1.07826	0.380861	0.554271	0.694617	0.320324	0.790871	0.970971	0.992801	
2.305	1.06707	1.15458	1.35744	1.29505	1.26694	1.14046	0.833316	0.804629	0.591188	0.602681	1.27031	1.29067	0.86092	0.972308	0.654616	0.788089	1.40687	0.565893	0.560005	0.607651	0.603339	0.599628	0.593764	1.0031	0.664441	1.33501	1.43926	0.585474	0.595754	0.606155	0.886388	0.681561	1.08822	1.34075	0.842951	0.620807	1.16837	0.853495	1.01006	1.05366	1.16423	1.20548	1.25431	1.33357	1.18702	1.11987	0.579082	0.83958	0.84819	1.2532	0.607969	0.607957	0.619942	0.618874	0.650414	0.83241	1.39997	0.552881	0.565391	0.588487	0.594137	0.585672	0.567818	1.1794	0.735137	0.860535	0.608296	0.565513	0.691376	0.222896	0.873521	0.783291	1.07816	0.380902	0.554293	0.694574	0.320425	0.790899	0.970948	0.992926	
2.31	1.06724	1.15476	1.35755	1.29514	1.26709	1.1407	0.833973	0.804232	0.590987	0.602525	1.27025	1.29063	0.860887	0.972362	0.654335	0.78788	1.40693	0.565575	0.559778	0.607246	0.602648	0.599045	0.593344	1.00317	0.663636	1.33526	1.4394	0.58523	0.59584	0.606102	0.886384	0.681577	1.08825	1.34079	0.842544	0.620644	1.16831	0.853592	1.01029	1.05392	1.16424	1.20548	1.25431	1.33353	1.18703	1.11996	0.578982	0.839149	0.848279	1.25328	0.607913	0.607901	0.619864	0.617843	0.650143	0.832413	1.39997	0.552515	0.56501	0.588046	0.593584	0.585122	0.567567	1.17934	0.735128	0.860783	0.60824	0.565323	0.691421	0.223009	0.873531	0.78294	1.07807	0.380938	0.554315	0.694526	0.320526	0.79099	0.970883	0.993003	
2.315	1.06741	1.15496	1.35768	1.29523	1.26726	1.14095	0.834773	0.803835	0.590814	0.602356	1.27019	1.29058	0.860852	0.97241	0.654047	0.787656	1.40699	0.565048	0.559617	0.606929	0.602136	0.598399	0.593026	1.00325	0.66293	1.3355	1.43953	0.585005	0.595929	0.60605	0.886377	0.681598	1.08829	1.34082	0.842137	0.620493	1.16825	0.853762	1.01049	1.05413	1.16426	1.20549	1.25431	1.3335	1.18703	1.12004	0.578884	0.838718	0.848365	1.25337	0.607857	0.607845	0.619787	0.616884	0.649876	0.83239	1.39996	0.552141	0.564731	0.58767	0.593006	0.584608	0.567284	1.17929	0.735122	0.861053	0.608183	0.565103	0.691466	0.223122	0.87354	0.782591	1.07799	0.380969	0.554336	0.694475	0.320627	0.791105	0.970762	0.993016	
2.32	1.06759	1.15517	1.35781	1.29532	1.26743	1.1412	0.835488	0.803439	0.590642	0.602189	1.27013	1.29054	0.860813	0.972454	0.653759	0.787424	1.40705	0.564447	0.559385	0.60655	0.601637	0.597769	0.592628	1.00333	0.662193	1.33573	1.43966	0.584816	0.596019	0.605997	0.886368	0.681624	1.08833	1.34086	0.841731	0.620343	1.16818	0.853896	1.01065	1.0543	1.16428	1.2055	1.25431	1.33346	1.18703	1.12011	0.578789	0.838288	0.84845	1.25345	0.607802	0.60779	0.61971	0.616131	0.649618	0.832308	1.39996	0.551854	0.564561	0.587301	0.592455	0.584204	0.567028	1.17923	0.735121	0.861344	0.608127	0.564901	0.691509	0.223235	0.87355	0.782241	1.0779	0.380996	0.554358	0.69442	0.320727	0.791238	0.970586	0.992976	
2.325	1.06776	1.15538	1.35794	1.29542	1.2676	1.14144	0.835913	0.803043	0.590447	0.602041	1.27007	1.29049	0.860772	0.972492	0.653474	0.787177	1.40712	0.563927	0.558981	0.606072	0.601062	0.59727	0.59211	1.00342	0.661376	1.33596	1.43979	0.584678	0.596109	0.605945	0.886356	0.681656	1.08837	1.34088	0.841325	0.62018	1.16812	0.853994	1.0108	1.05447	1.1643	1.20551	1.2543	1.33343	1.18704	1.12018	0.578697	0.837858	0.848531	1.25352	0.607746	0.607734	0.619634	0.615594	0.649376	0.832167	1.39995	0.551575	0.564397	0.586893	0.592021	0.583798	0.566842	1.17918	0.735123	0.861652	0.608071	0.564754	0.691551	0.223348	0.87356	0.781892	1.07782	0.381018	0.55438	0.694363	0.320828	0.79136	0.970377	0.992907	
2.33	1.06795	1.1556	1.35807	1.29553	1.26778	1.14169	0.836026	0.802647	0.590225	0.601918	1.27002	1.29045	0.860729	0.972524	0.653205	0.786913	1.40718	0.563531	0.55841	0.605537	0.600412	0.596869	0.591526	1.00352	0.660505	1.33617	1.4399	0.584582	0.596198	0.605893	0.886342	0.681695	1.08842	1.3409	0.840919	0.620002	1.16806	0.85399	1.01093	1.05461	1.16432	1.20553	1.2543	1.3334	1.18704	1.12025	0.578606	0.837428	0.848611	1.2536	0.60769	0.607679	0.619557	0.615225	0.649159	0.831977	1.39993	0.551225	0.564184	0.586438	0.5917	0.583294	0.566719	1.17914	0.735129	0.861975	0.608015	0.564657	0.691591	0.223461	0.87357	0.781544	1.07775	0.381035	0.554401	0.694304	0.320929	0.791431	0.970157	0.992829	
2.335	1.06813	1.15581	1.3582	1.29564	1.26796	1.14194	0.835961	0.802252	0.59001	0.60179	1.26996	1.2904	0.860683	0.97255	0.653008	0.786624	1.40725	0.563126	0.557849	0.605064	0.599828	0.596343	0.591012	1.00362	0.659688	1.33637	1.44001	0.584485	0.596285	0.60584	0.886325	0.681739	1.08847	1.34092	0.840513	0.619826	1.16801	0.853979	1.01102	1.05472	1.16434	1.20555	1.2543	1.33337	1.18704	1.1203	0.578518	0.836999	0.848687	1.25367	0.607635	0.607623	0.619481	0.614971	0.64897	0.831763	1.39992	0.550879	0.563972	0.586005	0.591312	0.582794	0.566566	1.17909	0.735137	0.862306	0.607959	0.564538	0.691629	0.223574	0.87358	0.781196	1.07767	0.381047	0.554423	0.694243	0.321029	0.791494	0.969979	0.992789	
2.34	1.0683	1.15603	1.35834	1.29575	1.26813	1.14218	0.835847	0.801857	0.589828	0.601635	1.26991	1.29036	0.860636	0.97257	0.652857	0.786324	1.40732	0.562601	0.557419	0.604716	0.599398	0.595579	0.590644	1.00372	0.659003	1.33656	1.44012	0.584356	0.596368	0.605788	0.886305	0.681791	1.08853	1.34093	0.840108	0.619669	1.16795	0.85403	1.01108	1.05479	1.16436	1.20556	1.25429	1.33334	1.18705	1.12035	0.578432	0.836569	0.84876	1.25374	0.60758	0.607568	0.619404	0.61479	0.648807	0.831564	1.3999	0.550611	0.563812	0.585651	0.590748	0.582395	0.566327	1.17905	0.735149	0.862644	0.607903	0.564354	0.691665	0.223687	0.87359	0.780848	1.07761	0.381055	0.554444	0.694181	0.32113	0.791555	0.969863	0.992799	
2.345	1.06848	1.15623	1.35848	1.29586	1.26831	1.14241	0.83578	0.801462	0.589659	0.601472	1.26986	1.29032	0.860586	0.972584	0.652279	0.786023	1.4074	0.562021	0.557052	0.604376	0.598906	0.594748	0.590246	1.00382	0.658333	1.33674	1.44021	0.584226	0.596447	0.605736	0.886281	0.68185	1.08859	1.34093	0.839703	0.619518	1.1679	0.854132	1.01112	1.05484	1.16438	1.20558	1.25429	1.33332	1.18705	1.1204	0.578349	0.836141	0.84883	1.25381	0.607524	0.607512	0.619328	0.614654	0.648668	0.831419	1.39988	0.550317	0.563594	0.585328	0.59013	0.581978	0.566063	1.17901	0.735162	0.862983	0.607847	0.56415	0.691698	0.2238	0.8736	0.7805	1.07754	0.381058	0.554466	0.694119	0.321231	0.791601	0.96982	0.992868	
2.35	1.06864	1.15643	1.35861	1.29598	1.26848	1.14263	0.835793	0.801068	0.589474	0.601325	1.26982	1.29028	0.860534	0.972592	0.651622	0.785736	1.40748	0.56148	0.556731	0.603948	0.598213	0.594015	0.589695	1.00393	0.657827	1.33689	1.4403	0.584121	0.596521	0.605517	0.886254	0.681917	1.08866	1.34093	0.839298	0.619359	1.16785	0.854207	1.01115	1.0549	1.16439	1.2056	1.25429	1.3333	1.18706	1.12043	0.578268	0.835712	0.848897	1.25388	0.607469	0.607457	0.619252	0.614545	0.648552	0.831332	1.39986	0.549916	0.563243	0.584974	0.589582	0.581442	0.565833	1.17898	0.735177	0.86332	0.607791	0.563975	0.691728	0.223913	0.873609	0.780153	1.07749	0.381057	0.554487	0.694057	0.321331	0.791633	0.969847	0.992991	
2.355	1.0688	1.15662	1.35874	1.2961	1.26865	1.14285	0.835811	0.800675	0.589291	0.601175	1.26978	1.29024	0.860481	0.972593	0.651256	0.785461	1.40756	0.560988	0.556487	0.603522	0.597502	0.593216	0.589132	1.00403	0.657709	1.33703	1.44037	0.584014	0.596588	0.605107	0.886224	0.681992	1.08873	1.34093	0.838894	0.619199	1.1678	0.854286	1.01121	1.05498	1.16441	1.20562	1.25428	1.33328	1.18706	1.12046	0.578191	0.835284	0.84896	1.25396	0.607414	0.607402	0.619176	0.614453	0.648457	0.831308	1.39983	0.549515	0.562867	0.584625	0.588999	0.580911	0.565588	1.17895	0.735193	0.86365	0.607736	0.56379	0.691755	0.224026	0.873616	0.779806	1.07744	0.381051	0.554508	0.693997	0.321432	0.791738	0.969978	0.993199	
2.36	1.06895	1.1568	1.35888	1.29622	1.26881	1.14305	0.835889	0.800281	0.589132	0.601012	1.26974	1.29021	0.860426	0.972589	0.651085	0.785222	1.40764	0.560455	0.556332	0.603186	0.596942	0.592404	0.588692	1.00413	0.657777	1.33715	1.44043	0.583885	0.596649	0.604588	0.886191	0.682076	1.0888	1.34092	0.83849	0.619054	1.16776	0.854401	1.01127	1.05505	1.16443	1.20565	1.25428	1.33327	1.18707	1.12049	0.578118	0.834856	0.849019	1.25403	0.607359	0.607347	0.6191	0.614372	0.648382	0.831319	1.39982	0.549213	0.562572	0.58433	0.588416	0.580499	0.565314	1.17893	0.735209	0.863969	0.60768	0.563576	0.691778	0.224139	0.873621	0.77946	1.07739	0.381041	0.55453	0.693939	0.321533	0.791908	0.970165	0.99343	
2.365	1.06909	1.15696	1.359	1.29634	1.26896	1.14324	0.83609	0.799888	0.588979	0.600853	1.26971	1.29018	0.860371	0.972578	0.650944	0.785001	1.40772	0.559817	0.556156	0.602832	0.596293	0.591727	0.588247	1.00423	0.657841	1.33725	1.44049	0.583761	0.596702	0.604044	0.886155	0.682167	1.08888	1.3409	0.838086	0.618911	1.16772	0.854561	1.01133	1.0551	1.16445	1.20567	1.25428	1.33326	1.18707	1.1205	0.578048	0.834429	0.849074	1.25411	0.607304	0.607292	0.619025	0.614296	0.648327	0.83134	1.3998	0.548923	0.562346	0.584047	0.587938	0.580103	0.565063	1.1789	0.735224	0.864274	0.607625	0.563378	0.691798	0.224252	0.873624	0.779114	1.07736	0.381026	0.554551	0.693883	0.321633	0.792123	0.970413	0.993684	
2.37	1.06921	1.1571	1.35912	1.29645	1.2691	1.14341	0.836376	0.799496	0.58881	0.600715	1.26968	1.29016	0.860314	0.972562	0.65078	0.784794	1.40781	0.559186	0.555897	0.602428	0.595633	0.591254	0.587671	1.00432	0.657864	1.33732	1.44053	0.583665	0.596747	0.603584	0.886116	0.682265	1.08895	1.34089	0.837682	0.618758	1.16769	0.854681	1.01138	1.05514	1.16446	1.20569	1.25428	1.33325	1.18708	1.12052	0.577984	0.834001	0.849126	1.2542	0.607249	0.607238	0.618949	0.614225	0.648291	0.831346	1.39978	0.548603	0.56215	0.583736	0.587607	0.579642	0.56488	1.17889	0.735238	0.864561	0.607569	0.563233	0.691813	0.224365	0.873624	0.778769	1.07733	0.381008	0.554572	0.693831	0.321734	0.792294	0.970693	0.99394	
2.375	1.06932	1.15724	1.35924	1.29657	1.26924	1.14357	0.836651	0.799103	0.588618	0.600597	1.26966	1.29013	0.860256	0.972539	0.650607	0.78458	1.40789	0.558669	0.555567	0.602001	0.595098	0.5909	0.586955	1.00441	0.65787	1.33738	1.44056	0.58359	0.596785	0.603255	0.886075	0.68237	1.08903	1.34087	0.837279	0.618594	1.16766	0.854786	1.01144	1.05519	1.16448	1.2057	1.25429	1.33325	1.18709	1.12053	0.577925	0.833574	0.849173	1.25428	0.607194	0.607183	0.618874	0.614155	0.648271	0.831291	1.39977	0.548267	0.561941	0.58339	0.587364	0.579117	0.564769	1.17887	0.73525	0.864828	0.607514	0.56313	0.691825	0.224478	0.873621	0.778394	1.0773	0.380986	0.554594	0.693782	0.321835	0.792438	0.970988	0.994194	
2.38	1.06943	1.15735	1.35935	1.29668	1.26936	1.14371	0.836539	0.798712	0.588432	0.600456	1.26964	1.29011	0.860198	0.97251	0.650442	0.784388	1.40798	0.558173	0.555266	0.601633	0.594387	0.590307	0.586287	1.00449	0.657871	1.33742	1.44058	0.583494	0.596815	0.603042	0.886032	0.682481	1.08911	1.34084	0.836875	0.618434	1.16764	0.85483	1.01148	1.0552	1.16449	1.20572	1.25429	1.33326	1.1871	1.12053	0.577872	0.833148	0.849215	1.25438	0.60714	0.607128	0.618799	0.614087	0.648267	0.831156	1.39976	0.547988	0.561648	0.583062	0.587018	0.578644	0.564712	1.17887	0.735261	0.865073	0.607459	0.562998	0.691832	0.224591	0.873615	0.777975	1.07729	0.38096	0.554615	0.693737	0.321935	0.792525	0.971255	0.994389	
2.385	1.06951	1.15745	1.35946	1.29679	1.26948	1.14384	0.836199	0.79832	0.588276	0.600282	1.26963	1.2901	0.860143	0.972477	0.650293	0.784209	1.40807	0.557649	0.555054	0.601366	0.593618	0.589598	0.585794	1.00457	0.657865	1.33744	1.44059	0.583363	0.596838	0.602908	0.885987	0.682597	1.08919	1.34081	0.836473	0.61829	1.16762	0.854853	1.01146	1.05515	1.1645	1.20574	1.2543	1.33327	1.18711	1.12053	0.577826	0.832722	0.849253	1.25447	0.607085	0.607074	0.618724	0.614019	0.648277	0.830958	1.39976	0.547803	0.561259	0.582795	0.586472	0.578299	0.564595	1.17887	0.73527	0.865294	0.607404	0.562809	0.691835	0.224704	0.873607	0.777523	1.07729	0.380931	0.554636	0.693697	0.322036	0.792553	0.971462	0.994529	
2.39	1.06959	1.15754	1.35955	1.29689	1.26958	1.14395	0.835828	0.797929	0.588125	0.600101	1.26962	1.29009	0.860089	0.97244	0.650162	0.78401	1.40815	0.557166	0.55482	0.601074	0.592982	0.588991	0.585344	1.00465	0.657852	1.33745	1.44059	0.583231	0.596853	0.602818	0.885941	0.682718	1.08927	1.34078	0.83607	0.618149	1.1676	0.854915	1.01145	1.05513	1.16452	1.20576	1.25431	1.33329	1.18712	1.12053	0.577789	0.832296	0.849287	1.25456	0.607031	0.607019	0.618649	0.613952	0.6483	0.830711	1.39976	0.547582	0.560886	0.582564	0.585894	0.577959	0.564383	1.17888	0.735277	0.86549	0.607349	0.562622	0.691835	0.224817	0.873596	0.777074	1.07729	0.380898	0.554658	0.693662	0.322136	0.792532	0.971618	0.99465	
2.395	1.06965	1.15761	1.35964	1.29698	1.26967	1.14405	0.835377	0.797538	0.587958	0.599943	1.26961	1.29008	0.860031	0.972395	0.650052	0.783829	1.40823	0.556791	0.554513	0.600709	0.592155	0.588274	0.584934	1.00471	0.657832	1.33743	1.44058	0.583127	0.596862	0.60275	0.885896	0.682838	1.08935	1.34075	0.835668	0.617998	1.16759	0.854967	1.01151	1.05519	1.16453	1.20577	1.25432	1.33331	1.18713	1.12052	0.577756	0.83187	0.849316	1.25466	0.606976	0.606965	0.618574	0.613885	0.648334	0.830454	1.39977	0.547291	0.56061	0.582339	0.585436	0.577569	0.56416	1.17887	0.735281	0.865658	0.607294	0.562483	0.691831	0.22493	0.87358	0.776667	1.0773	0.380862	0.554679	0.693632	0.322237	0.792486	0.971771	0.994804	
2.4	1.0697	1.15766	1.35972	1.29707	1.26976	1.14412	0.834851	0.797148	0.587791	0.599816	1.26961	1.29007	0.859972	0.972345	0.649963	0.783673	1.4083	0.556398	0.554219	0.600356	0.591271	0.587507	0.584615	1.00476	0.657808	1.33741	1.44056	0.582942	0.596864	0.602693	0.885852	0.682958	1.08942	1.34071	0.835266	0.617848	1.16758	0.854828	1.01154	1.05511	1.16454	1.20579	1.25434	1.33333	1.18715	1.12052	0.577729	0.831445	0.84934	1.25475	0.606922	0.606911	0.618499	0.613819	0.648378	0.830722	1.39977	0.547017	0.560324	0.582133	0.58501	0.577209	0.563989	1.17888	0.735283	0.865799	0.607239	0.562353	0.691824	0.225043	0.87356	0.767878	1.07731	0.380825	0.5547	0.693607	0.322337	0.792225	0.971582	0.994418	
2.405	1.06974	1.15771	1.35979	1.29716	1.26983	1.14419	0.834226	0.796758	0.587647	0.599678	1.26961	1.29006	0.859912	0.97229	0.649893	0.783565	1.40837	0.555985	0.554006	0.600083	0.590547	0.586863	0.5844	1.00481	0.657781	1.33737	1.44053	0.582671	0.596861	0.602642	0.885809	0.683078	1.08949	1.34067	0.834864	0.61771	1.16758	0.854748	1.01163	1.05492	1.16455	1.2058	1.25436	1.33336	1.18717	1.12051	0.577709	0.83102	0.849359	1.25484	0.606868	0.606857	0.618425	0.613753	0.64843	0.831681	1.39979	0.546823	0.560034	0.581965	0.58458	0.576942	0.56381	1.17889	0.735283	0.865913	0.607184	0.562192	0.691814	0.225156	0.873538	0.753428	1.07733	0.380784	0.554721	0.693588	0.322438	0.791772	0.970769	0.993261	
2.41	1.06978	1.15774	1.35985	1.29724	1.26989	1.14424	0.833776	0.796369	0.587503	0.599508	1.26961	1.29006	0.859854	0.972231	0.649842	0.783484	1.40844	0.555622	0.553823	0.599811	0.589829	0.586416	0.584101	1.00486	0.657751	1.33731	1.4405	0.582403	0.596854	0.602592	0.885765	0.683195	1.08955	1.34063	0.834463	0.617572	1.16758	0.854788	1.01175	1.05463	1.16456	1.20582	1.25437	1.33339	1.18719	1.12049	0.577695	0.830595	0.849374	1.25493	0.606814	0.606803	0.61835	0.613687	0.64849	0.832774	1.39981	0.546618	0.559796	0.581745	0.58421	0.576653	0.56359	1.17891	0.735281	0.866001	0.60713	0.562037	0.691801	0.225269	0.873513	0.74086	1.07735	0.380741	0.554742	0.693573	0.322538	0.79152	0.969929	0.992092	
2.415	1.0698	1.15777	1.35991	1.29731	1.26994	1.14428	0.83364	0.79598	0.587334	0.599313	1.26962	1.29006	0.859795	0.972168	0.64981	0.783383	1.4085	0.555352	0.55361	0.599472	0.589	0.58598	0.583625	1.0049	0.657722	1.33726	1.44047	0.582199	0.596842	0.602545	0.885723	0.68331	1.08962	1.34059	0.834061	0.617419	1.16758	0.855114	1.01192	1.05429	1.16457	1.20583	1.25439	1.33343	1.18721	1.12048	0.577687	0.83017	0.849384	1.25502	0.60676	0.606749	0.618276	0.613621	0.648555	0.833567	1.39983	0.546323	0.559639	0.581408	0.583944	0.57626	0.563343	1.17892	0.735278	0.866064	0.607075	0.561922	0.691787	0.225382	0.873486	0.733489	1.07738	0.380696	0.554763	0.693563	0.322639	0.790983	0.969395	0.9913	
2.42	1.06982	1.15778	1.35996	1.29738	1.26999	1.1443	0.833733	0.795591	0.58716	0.599125	1.26962	1.29005	0.859736	0.972101	0.649795	0.783285	1.40855	0.555053	0.553399	0.599131	0.588191	0.585466	0.583101	1.00493	0.657693	1.33719	1.44043	0.58204	0.596828	0.602497	0.885683	0.683421	1.08967	1.34054	0.833661	0.617264	1.16758	0.855351	1.0121	1.05394	1.16458	1.20585	1.25442	1.33347	1.18723	1.12047	0.577686	0.829746	0.849389	1.25511	0.606706	0.606695	0.618202	0.613555	0.648624	0.834065	1.39985	0.546005	0.559449	0.581014	0.583629	0.575848	0.563126	1.17895	0.735273	0.866103	0.607021	0.561854	0.69177	0.225494	0.873458	0.731925	1.07742	0.38065	0.554784	0.693558	0.322739	0.790666	0.969391	0.991073	
2.425	1.06983	1.1578	1.36	1.29744	1.27003	1.14432	0.833682	0.795203	0.587008	0.598966	1.26963	1.29005	0.859676	0.97203	0.649796	0.783198	1.4086	0.554692	0.553238	0.598857	0.587557	0.58498	0.582673	1.00496	0.657665	1.33713	1.44039	0.581896	0.596811	0.602451	0.885644	0.683527	1.08973	1.34049	0.83326	0.617121	1.16758	0.855358	1.01228	1.05369	1.16459	1.20587	1.25444	1.33351	1.18725	1.12046	0.577691	0.829323	0.84939	1.25519	0.606652	0.606641	0.618128	0.613489	0.648697	0.83389	1.39988	0.545752	0.559184	0.580653	0.583255	0.575514	0.562976	1.17898	0.735267	0.866118	0.606966	0.561822	0.691753	0.225607	0.873428	0.737007	1.07746	0.380602	0.554806	0.693558	0.32284	0.790923	0.969925	0.991439	
2.43	1.06985	1.15781	1.36005	1.2975	1.27007	1.14432	0.833549	0.794815	0.586859	0.598789	1.26964	1.29005	0.859615	0.971955	0.64981	0.783113	1.40865	0.554344	0.55306	0.598588	0.586865	0.584615	0.582386	1.00499	0.657639	1.33706	1.44035	0.581774	0.596792	0.602404	0.885606	0.683629	1.08978	1.34044	0.83286	0.61698	1.16758	0.855315	1.01239	1.05355	1.1646	1.20588	1.25447	1.33355	1.18728	1.12044	0.577701	0.828899	0.849386	1.25528	0.606599	0.606587	0.618054	0.613424	0.648772	0.832492	1.39991	0.545501	0.558922	0.580371	0.582913	0.575121	0.562814	1.179	0.735261	0.866111	0.606912	0.561812	0.691734	0.22572	0.873396	0.745358	1.0775	0.380553	0.554827	0.693562	0.32294	0.791586	0.970644	0.992137	
2.435	1.06986	1.15782	1.36008	1.29755	1.2701	1.14432	0.833462	0.794427	0.586692	0.598582	1.26964	1.29005	0.859554	0.971877	0.649837	0.783016	1.40869	0.554071	0.55283	0.598307	0.58614	0.58423	0.582024	1.00502	0.657616	1.33699	1.44031	0.581683	0.596773	0.602358	0.88557	0.683726	1.08983	1.34038	0.83246	0.616832	1.16758	0.855277	1.01243	1.05354	1.16462	1.2059	1.25449	1.3336	1.1873	1.12043	0.577715	0.828476	0.849378	1.25537	0.606545	0.606534	0.61798	0.613358	0.648849	0.831892	1.39994	0.545228	0.558727	0.580146	0.582663	0.57469	0.562606	1.17904	0.735255	0.866083	0.606858	0.561804	0.691715	0.225833	0.873362	0.747243	1.07754	0.380502	0.554848	0.69357	0.323041	0.791975	0.970801	0.992266	
2.44	1.06986	1.15784	1.36011	1.2976	1.27013	1.14432	0.833561	0.79404	0.586527	0.598376	1.26965	1.29004	0.859495	0.971797	0.649874	0.782913	1.40872	0.55376	0.55261	0.598059	0.585529	0.583771	0.581623	1.00505	0.657598	1.33693	1.44027	0.581586	0.596754	0.602311	0.885535	0.683817	1.08987	1.34033	0.83206	0.616685	1.16758	0.855174	1.01238	1.05359	1.16463	1.20592	1.25452	1.33364	1.18733	1.12042	0.577738	0.828053	0.849366	1.25545	0.606491	0.60648	0.617907	0.613293	0.648924	0.832343	1.39997	0.54499	0.558511	0.579911	0.582353	0.574318	0.562405	1.17909	0.735249	0.866037	0.606804	0.561794	0.691696	0.225946	0.873333	0.745155	1.0776	0.380453	0.554869	0.693582	0.323141	0.792221	0.97056	0.991918	
2.445	1.06988	1.15786	1.36014	1.29765	1.27016	1.1443	0.833723	0.793654	0.586385	0.598199	1.26965	1.29004	0.859437	0.971716	0.649919	0.782822	1.40875	0.553325	0.552452	0.597873	0.585104	0.583341	0.581287	1.00508	0.657583	1.33687	1.44024	0.581463	0.596735	0.602265	0.885501	0.683903	1.08991	1.34027	0.83166	0.61655	1.16758	0.855117	1.01236	1.05369	1.16465	1.20595	1.25455	1.33369	1.18736	1.12041	0.577767	0.827631	0.84935	1.25554	0.606438	0.606427	0.617833	0.613228	0.648999	0.832371	1.40001	0.54483	0.558224	0.579649	0.581954	0.574058	0.562258	1.17913	0.735243	0.865973	0.60675	0.561787	0.691678	0.226058	0.873304	0.743998	1.07765	0.380403	0.55489	0.693597	0.323241	0.792326	0.970555	0.991724	
2.45	1.06989	1.15788	1.36017	1.2977	1.27018	1.14429	0.833796	0.793267	0.586245	0.598007	1.26965	1.29003	0.859381	0.971634	0.649972	0.782769	1.40877	0.552861	0.552265	0.597641	0.584621	0.583019	0.580904	1.00511	0.657574	1.33682	1.4402	0.581343	0.596718	0.602219	0.885469	0.683983	1.08995	1.34021	0.831261	0.616419	1.16757	0.855033	1.0123	1.05375	1.16467	1.20597	1.25458	1.33374	1.18739	1.1204	0.577801	0.827209	0.84933	1.25562	0.606385	0.606374	0.61776	0.613162	0.649072	0.831995	1.40004	0.544637	0.55794	0.5794	0.581573	0.573813	0.562137	1.17918	0.735238	0.865894	0.606696	0.561785	0.69166	0.226171	0.873275	0.746629	1.07771	0.380353	0.55491	0.693615	0.323342	0.792362	0.970821	0.9918	
2.455	1.0699	1.15791	1.3602	1.29775	1.27021	1.14427	0.833744	0.792881	0.586087	0.597784	1.26965	1.29001	0.859325	0.97155	0.650031	0.782755	1.40879	0.552473	0.552019	0.597352	0.583979	0.582639	0.580525	1.00514	0.65757	1.33678	1.44018	0.581248	0.596702	0.602173	0.885438	0.684058	1.08999	1.34015	0.830862	0.616278	1.16756	0.855025	1.01224	1.0538	1.16469	1.206	1.25461	1.33379	1.18742	1.1204	0.577839	0.826787	0.849307	1.25571	0.606331	0.60632	0.617687	0.613098	0.649143	0.831823	1.40007	0.54434	0.557728	0.579197	0.581288	0.573513	0.562026	1.17923	0.735234	0.865801	0.606642	0.561784	0.691643	0.226284	0.873246	0.747469	1.07777	0.380303	0.554931	0.693635	0.323442	0.792174	0.970943	0.991877	
2.46	1.06992	1.15794	1.36022	1.29779	1.27024	1.14426	0.833843	0.792496	0.585927	0.597562	1.26965	1.29	0.859269	0.971465	0.650095	0.782742	1.4088	0.552058	0.551786	0.597079	0.58335	0.582181	0.580228	1.00517	0.657572	1.33675	1.44016	0.581154	0.596688	0.602127	0.885409	0.684127	1.09002	1.34009	0.830464	0.616137	1.16755	0.855026	1.01215	1.05382	1.16471	1.20603	1.25464	1.33384	1.18745	1.12039	0.57788	0.826366	0.849281	1.25579	0.606278	0.606267	0.617614	0.613033	0.649212	0.831805	1.40011	0.544034	0.557518	0.578993	0.580978	0.57322	0.561937	1.17928	0.73523	0.865694	0.606589	0.561775	0.691627	0.226397	0.873217	0.747292	1.07782	0.380254	0.554952	0.693659	0.323543	0.791916	0.970874	0.991895	
2.465	1.06995	1.15799	1.36025	1.29784	1.27027	1.14424	0.833999	0.792111	0.58579	0.597373	1.26964	1.28998	0.859213	0.97138	0.650162	0.782731	1.4088	0.551632	0.55162	0.596871	0.582871	0.581761	0.579964	1.0052	0.65758	1.33673	1.44014	0.58104	0.596677	0.602081	0.88538	0.68419	1.09005	1.34002	0.830065	0.616008	1.16753	0.854965	1.01205	1.05384	1.16473	1.20605	1.25467	1.33389	1.18749	1.12038	0.577922	0.825945	0.849251	1.25588	0.606225	0.606214	0.617541	0.612968	0.64928	0.831582	1.40014	0.543804	0.557171	0.578751	0.580623	0.572997	0.561878	1.17933	0.735229	0.865576	0.606535	0.561763	0.691613	0.226509	0.873189	0.748197	1.07788	0.380205	0.554973	0.693684	0.323643	0.79181	0.970866	0.992041	
2.47	1.06998	1.15804	1.36027	1.29788	1.2703	1.14422	0.834051	0.791726	0.585655	0.597203	1.26962	1.28996	0.859157	0.971294	0.650233	0.782747	1.4088	0.551266	0.551452	0.596623	0.58237	0.581453	0.579644	1.00523	0.657593	1.33672	1.44013	0.58093	0.596668	0.602035	0.885353	0.684248	1.09008	1.33996	0.829667	0.615881	1.16751	0.854804	1.01191	1.05382	1.16476	1.20609	1.2547	1.33393	1.18752	1.12038	0.577967	0.825524	0.849219	1.25597	0.606172	0.606161	0.617468	0.612903	0.649345	0.831425	1.40017	0.54358	0.55671	0.578505	0.580301	0.572747	0.561836	1.17939	0.735228	0.865447	0.606482	0.561756	0.691599	0.226622	0.873163	0.748828	1.07793	0.380157	0.554994	0.693712	0.323743	0.791744	0.970807	0.992138	
2.475	1.07001	1.1581	1.3603	1.29792	1.27033	1.1442	0.833976	0.791342	0.585503	0.597032	1.26961	1.28994	0.859101	0.971208	0.650306	0.782794	1.4088	0.551	0.551247	0.596301	0.581826	0.581169	0.579198	1.00527	0.657612	1.33673	1.44013	0.580843	0.596663	0.60199	0.885327	0.6843	1.09011	1.33989	0.82927	0.615746	1.16749	0.854642	1.01173	1.05375	1.16478	1.20612	1.25473	1.33398	1.18755	1.12037	0.578013	0.825104	0.849184	1.25606	0.606119	0.606108	0.617395	0.612839	0.649409	0.83129	1.4002	0.543323	0.556281	0.578296	0.580066	0.57243	0.561746	1.17944	0.73523	0.865308	0.606428	0.561742	0.691588	0.226735	0.873139	0.749057	1.07798	0.380109	0.555015	0.693742	0.323844	0.791793	0.970732	0.992196	
2.48	1.07005	1.15817	1.36032	1.29797	1.27037	1.14418	0.833902	0.790958	0.585349	0.596872	1.26959	1.28991	0.859046	0.971121	0.650381	0.782853	1.4088	0.550742	0.551057	0.595986	0.581351	0.580791	0.57875	1.00531	0.657636	1.33675	1.44013	0.580756	0.596659	0.601944	0.885302	0.684347	1.09013	1.33983	0.828872	0.61561	1.16746	0.854456	1.01149	1.05362	1.1648	1.20615	1.25476	1.33402	1.18758	1.12037	0.57806	0.824683	0.849147	1.25615	0.606066	0.606056	0.617323	0.612774	0.649472	0.831163	1.40022	0.543091	0.555972	0.578091	0.579837	0.572125	0.561575	1.17949	0.735234	0.865159	0.606375	0.561727	0.691577	0.226847	0.873118	0.749076	1.07804	0.380063	0.555036	0.693773	0.323944	0.791809	0.970634	0.9922	
2.485	1.0701	1.15824	1.36035	1.29801	1.27041	1.14416	0.833923	0.790575	0.585216	0.596734	1.26957	1.28988	0.858991	0.971035	0.650457	0.782897	1.40879	0.550422	0.550924	0.595742	0.581011	0.580357	0.578404	1.00535	0.657665	1.33678	1.44014	0.580646	0.596658	0.601899	0.885278	0.684391	1.09015	1.33976	0.828475	0.615486	1.16742	0.854292	1.0112	1.05343	1.16483	1.20618	1.25478	1.33406	1.18761	1.12036	0.578106	0.824264	0.849107	1.25623	0.606014	0.606003	0.61725	0.61271	0.649535	0.831054	1.40024	0.54293	0.555751	0.577851	0.579538	0.571896	0.561369	1.17954	0.73524	0.865001	0.606322	0.561718	0.691568	0.22696	0.8731	0.74923	1.07809	0.380018	0.555056	0.693807	0.324044	0.791817	0.970543	0.992187	
2.49	1.07014	1.15833	1.36037	1.29805	1.27045	1.14415	0.833944	0.790191	0.585081	0.596598	1.26954	1.28984	0.858937	0.97095	0.650534	0.782931	1.40878	0.550095	0.550765	0.595455	0.580761	0.579979	0.578093	1.0054	0.657698	1.33682	1.44016	0.580536	0.596659	0.601853	0.885254	0.68443	1.09018	1.33969	0.828078	0.615361	1.16739	0.854158	1.01084	1.05319	1.16485	1.20621	1.2548	1.33409	1.18763	1.12035	0.578153	0.823844	0.849066	1.25631	0.605961	0.60595	0.617178	0.612646	0.6496	0.830971	1.40026	0.542729	0.555539	0.577609	0.579238	0.571635	0.561195	1.17959	0.735249	0.864833	0.606269	0.561706	0.691561	0.227073	0.873086	0.749443	1.07813	0.379975	0.555077	0.693842	0.324145	0.7918	0.970407	0.992132	
2.495	1.07019	1.15841	1.3604	1.2981	1.27049	1.14413	0.833881	0.789809	0.58492	0.596442	1.26951	1.2898	0.858883	0.970865	0.650613	0.782972	1.40876	0.549828	0.550535	0.595097	0.580535	0.579713	0.577746	1.00545	0.657734	1.33687	1.44019	0.58045	0.596662	0.601808	0.88523	0.684467	1.0902	1.33962	0.827682	0.615224	1.16734	0.854043	1.01044	1.0529	1.16487	1.20624	1.25482	1.33412	1.18765	1.12034	0.578198	0.823425	0.849023	1.25638	0.605909	0.605898	0.617106	0.612582	0.649668	0.830914	1.40027	0.54244	0.555284	0.577403	0.579003	0.571285	0.561081	1.17964	0.735261	0.864656	0.606215	0.561696	0.691555	0.227185	0.873075	0.749908	1.07817	0.379932	0.555098	0.693879	0.324245	0.791789	0.970213	0.992042	
2.5	1.07024	1.1585	1.36043	1.29815	1.27053	1.14411	0.833791	0.789427	0.584756	0.596283	1.26947	1.28976	0.858831	0.97078	0.650694	0.783026	1.40875	0.549565	0.550297	0.594754	0.580342	0.579398	0.577414	1.0055	0.657771	1.33694	1.44022	0.580365	0.596665	0.601762	0.885205	0.684502	1.09023	1.33955	0.827285	0.615087	1.1673	0.853853	1.00998	1.05257	1.16489	1.20627	1.25483	1.33414	1.18767	1.12033	0.578242	0.823007	0.848978	1.25644	0.605856	0.605846	0.617034	0.612518	0.64974	0.830898	1.40027	0.542143	0.55503	0.577207	0.578743	0.570925	0.560928	1.17968	0.735277	0.864469	0.606163	0.56169	0.69155	0.227298	0.873069	0.750506	1.07821	0.379891	0.555119	0.693918	0.324345	0.791621	0.969927	0.991865	
2.505	1.0703	1.15859	1.36046	1.2982	1.27058	1.14409	0.833879	0.789045	0.584612	0.596144	1.26944	1.28972	0.858779	0.970696	0.650778	0.78309	1.40874	0.549252	0.550116	0.594491	0.580199	0.579011	0.577157	1.00555	0.657809	1.33701	1.44025	0.580261	0.596668	0.601717	0.88518	0.684536	1.09025	1.33947	0.826889	0.61496	1.16725	0.853656	1.00947	1.05219	1.16491	1.2063	1.25484	1.33416	1.18768	1.12031	0.578284	0.822588	0.848932	1.2565	0.605804	0.605793	0.616962	0.612454	0.649819	0.830914	1.40027	0.541918	0.554835	0.576985	0.578427	0.570639	0.560736	1.17973	0.735295	0.864272	0.60611	0.561688	0.691546	0.227411	0.873068	0.751382	1.07825	0.37985	0.555139	0.693958	0.324445	0.791403	0.969534	0.991589	
2.51	1.07035	1.15868	1.36049	1.29825	1.27062	1.14407	0.833971	0.788663	0.584467	0.596003	1.2694	1.28967	0.858728	0.970613	0.650867	0.783177	1.40873	0.548941	0.549917	0.594194	0.579995	0.578652	0.576864	1.0056	0.657847	1.33708	1.44028	0.580158	0.59667	0.601672	0.885153	0.684571	1.09028	1.3394	0.826494	0.614844	1.1672	0.853448	1.00888	1.05172	1.16492	1.20633	1.25485	1.33418	1.18769	1.12028	0.578325	0.82217	0.848884	1.25655	0.605751	0.605741	0.61689	0.61239	0.649905	0.83097	1.40026	0.541666	0.554615	0.576765	0.578131	0.570326	0.560562	1.17977	0.735316	0.864064	0.606057	0.561681	0.691543	0.227523	0.873071	0.752075	1.07828	0.37981	0.55516	0.694001	0.324546	0.791217	0.968961	0.991145	
2.515	1.0704	1.15877	1.36052	1.2983	1.27066	1.14405	0.833878	0.788282	0.584299	0.595843	1.26936	1.28963	0.858678	0.97053	0.650961	0.783303	1.40872	0.548691	0.549661	0.593827	0.57964	0.578389	0.576479	1.00566	0.657883	1.33717	1.44032	0.580077	0.596669	0.601627	0.885125	0.684608	1.09031	1.33932	0.826098	0.614737	1.16714	0.853151	1.00822	1.05119	1.16493	1.20635	1.25485	1.33419	1.1877	1.12025	0.578363	0.821752	0.848835	1.25658	0.605699	0.605689	0.616818	0.612327	0.650002	0.831053	1.40025	0.541317	0.554314	0.576578	0.577909	0.569938	0.560442	1.1798	0.73534	0.863845	0.606004	0.561671	0.691539	0.227636	0.873078	0.752455	1.07832	0.37977	0.555181	0.694047	0.324646	0.791043	0.968233	0.990558	
2.52	1.07044	1.15886	1.36055	1.29836	1.27071	1.14402	0.833591	0.787902	0.584126	0.595681	1.26932	1.28958	0.858629	0.970447	0.651063	0.78345	1.40871	0.54841	0.549406	0.593468	0.579224	0.578077	0.576087	1.00572	0.657915	1.33725	1.44036	0.579996	0.596666	0.601582	0.885094	0.684648	1.09034	1.33925	0.825703	0.614632	1.16709	0.852767	1.0075	1.05059	1.16494	1.20637	1.25484	1.33419	1.1877	1.12022	0.578399	0.821335	0.848785	1.25661	0.605647	0.605637	0.616747	0.612263	0.65011	0.831151	1.40023	0.540945	0.553994	0.576398	0.577668	0.569551	0.560336	1.17984	0.735366	0.863612	0.605952	0.561666	0.691535	0.227748	0.87309	0.752384	1.07835	0.37973	0.555201	0.694095	0.324746	0.79071	0.967397	0.989865	
2.525	1.07048	1.15893	1.36058	1.29841	1.27075	1.14399	0.833347	0.787521	0.583975	0.595538	1.26928	1.28953	0.858581	0.970363	0.651175	0.7836	1.40871	0.548009	0.549212	0.593188	0.578869	0.57767	0.575776	1.00578	0.657943	1.33733	1.4404	0.579894	0.596658	0.601537	0.885061	0.684693	1.09038	1.33917	0.825309	0.614526	1.16703	0.852461	1.00671	1.04993	1.16495	1.20639	1.25483	1.3342	1.1877	1.12018	0.578433	0.820918	0.848733	1.25662	0.605595	0.605585	0.616675	0.6122	0.650231	0.83123	1.4002	0.54065	0.553738	0.57619	0.577361	0.569247	0.560204	1.17987	0.735395	0.863366	0.605899	0.561659	0.691531	0.227861	0.873104	0.75234	1.07838	0.379689	0.555222	0.694146	0.324846	0.790371	0.966519	0.989147	
2.53	1.07052	1.159	1.36061	1.29848	1.27078	1.14394	0.833237	0.787142	0.583832	0.595403	1.26923	1.28948	0.858534	0.970278	0.6513	0.783741	1.40871	0.547565	0.549027	0.59288	0.578539	0.577275	0.575457	1.00584	0.657964	1.33741	1.44043	0.579792	0.596643	0.601492	0.885023	0.684745	1.09043	1.33908	0.824914	0.614416	1.16698	0.852222	1.00588	1.04923	1.16495	1.20641	1.25482	1.3342	1.18769	1.12013	0.578465	0.820501	0.84868	1.25662	0.605543	0.605533	0.616604	0.612136	0.650369	0.831319	1.40017	0.540401	0.55354	0.575978	0.577065	0.568954	0.560077	1.17991	0.735425	0.863105	0.605847	0.561647	0.691524	0.227973	0.873121	0.752187	1.07841	0.379647	0.555242	0.694201	0.324946	0.790007	0.965591	0.988394	
2.535	1.07054	1.15906	1.36064	1.29854	1.27082	1.14389	0.832998	0.786762	0.583678	0.595259	1.26919	1.28943	0.858487	0.970192	0.65144	0.783898	1.40872	0.547183	0.548823	0.592544	0.578188	0.576978	0.575153	1.00589	0.657978	1.33747	1.44046	0.579712	0.596622	0.601447	0.884981	0.684805	1.09048	1.33899	0.82452	0.614308	1.16692	0.851983	1.005	1.04849	1.16495	1.20642	1.25481	1.3342	1.18768	1.12008	0.578498	0.820085	0.848625	1.25661	0.605491	0.605481	0.616533	0.612073	0.650524	0.831424	1.40014	0.540145	0.553338	0.575798	0.57684	0.568645	0.559983	1.17995	0.735456	0.862828	0.605794	0.561635	0.691514	0.228086	0.873138	0.752134	1.07844	0.379603	0.555263	0.694259	0.325047	0.78972	0.964626	0.98762	
2.54	1.07055	1.1591	1.36067	1.29861	1.27085	1.14382	0.832526	0.786383	0.583529	0.595116	1.26916	1.28938	0.858441	0.970103	0.651598	0.784062	1.40873	0.546833	0.548644	0.592251	0.577872	0.576634	0.574916	1.00595	0.657982	1.33753	1.44049	0.579629	0.596592	0.601402	0.884934	0.684876	1.09054	1.3389	0.824126	0.614208	1.16687	0.851703	1.00409	1.04773	1.16495	1.20644	1.2548	1.33421	1.18768	1.12002	0.57853	0.819669	0.848568	1.25658	0.60544	0.605429	0.616462	0.61201	0.650698	0.831563	1.40011	0.539918	0.553089	0.575619	0.576586	0.568373	0.55989	1.17999	0.735488	0.862533	0.605742	0.56163	0.691502	0.228198	0.873156	0.752102	1.07848	0.379556	0.555283	0.694321	0.325147	0.789441	0.963612	0.986806	
2.545	1.07056	1.15912	1.3607	1.29869	1.27087	1.14374	0.831926	0.786005	0.583402	0.594993	1.26912	1.28934	0.858395	0.970011	0.651779	0.784222	1.40876	0.546471	0.548524	0.592039	0.577639	0.57618	0.574681	1.00601	0.657976	1.33757	1.4405	0.579524	0.596551	0.601358	0.884881	0.68496	1.09061	1.3388	0.823733	0.614112	1.16682	0.851287	1.00314	1.04693	1.16495	1.20645	1.25479	1.33422	1.18767	1.11995	0.578565	0.819253	0.848509	1.25653	0.605388	0.605378	0.616391	0.611947	0.650894	0.831741	1.40008	0.539759	0.552827	0.575405	0.576242	0.568179	0.559769	1.18003	0.735519	0.862218	0.60569	0.561626	0.691485	0.228311	0.873171	0.752377	1.07853	0.379506	0.555304	0.694388	0.325247	0.789145	0.962567	0.98595	
2.55	1.07054	1.15913	1.36073	1.29877	1.27089	1.14365	0.831399	0.785627	0.583277	0.59487	1.26909	1.28929	0.858349	0.969915	0.651986	0.784367	1.40879	0.54614	0.548387	0.591783	0.577311	0.575735	0.574385	1.00607	0.657958	1.33759	1.4405	0.579419	0.596499	0.601313	0.884821	0.685059	1.09068	1.3387	0.823339	0.614012	1.16677	0.850844	1.00215	1.04611	1.16495	1.20646	1.25479	1.33424	1.18767	1.11987	0.578602	0.818838	0.848448	1.25648	0.605336	0.605326	0.61632	0.611884	0.651114	0.831982	1.40005	0.539589	0.552615	0.575186	0.575898	0.568062	0.559652	1.18008	0.735548	0.861883	0.605638	0.561617	0.691462	0.228423	0.873184	0.752796	1.07859	0.379451	0.555324	0.694461	0.325347	0.788843	0.961459	0.985005	
2.555	1.07051	1.15912	1.36076	1.29886	1.2709	1.14353	0.830768	0.785249	0.583136	0.594733	1.26906	1.28925	0.858302	0.969814	0.652222	0.784537	1.40883	0.545884	0.548216	0.591478	0.576932	0.575399	0.574095	1.00612	0.657927	1.33758	1.44049	0.579336	0.596434	0.601268	0.884753	0.685175	1.09077	1.33859	0.822946	0.613902	1.16672	0.850456	1.00107	1.04519	1.16495	1.20648	1.25479	1.33426	1.18767	1.11979	0.578644	0.818423	0.848383	1.2564	0.605285	0.605275	0.61625	0.611822	0.651359	0.832293	1.40003	0.539367	0.552479	0.574999	0.575634	0.567965	0.559567	1.18014	0.735575	0.861526	0.605586	0.561608	0.691434	0.228536	0.87319	0.753475	1.07867	0.379391	0.555345	0.69454	0.325447	0.788563	0.960295	0.983955	
2.56	1.07047	1.15908	1.36079	1.29895	1.2709	1.1434	0.829869	0.784872	0.582996	0.594596	1.26904	1.28922	0.858254	0.969706	0.652492	0.784772	1.40888	0.545639	0.548059	0.591198	0.576609	0.575085	0.573875	1.00617	0.657881	1.33755	1.44047	0.579252	0.596356	0.601224	0.884678	0.68531	1.09087	1.33847	0.822554	0.613791	1.16668	0.850024	0.999851	1.04415	1.16495	1.20649	1.25479	1.33431	1.18767	1.11971	0.578693	0.818009	0.848315	1.25631	0.605234	0.605223	0.616179	0.611759	0.651631	0.832679	1.40002	0.539158	0.552343	0.574814	0.575356	0.567773	0.559456	1.18021	0.735598	0.861145	0.605534	0.561604	0.691398	0.228648	0.87319	0.754313	1.07875	0.379325	0.555365	0.694625	0.325547	0.788216	0.959058	0.982785	
2.565	1.0704	1.15902	1.36081	1.29905	1.27089	1.14323	0.828699	0.784495	0.582877	0.594477	1.26903	1.28918	0.858204	0.96959	0.6528	0.78508	1.40894	0.545366	0.547954	0.590991	0.576279	0.574713	0.573612	1.00622	0.657821	1.33748	1.44042	0.579147	0.596262	0.60118	0.884593	0.685466	1.09098	1.33834	0.822161	0.613687	1.16665	0.849524	0.998475	1.04297	1.16495	1.20651	1.25481	1.33436	1.18769	1.11961	0.578751	0.817594	0.848243	1.2562	0.605182	0.605172	0.616109	0.611696	0.651933	0.83314	1.40002	0.539012	0.552165	0.5746	0.575033	0.567458	0.559296	1.18029	0.735617	0.860739	0.605482	0.561594	0.691355	0.228761	0.873182	0.755195	1.07886	0.379253	0.555385	0.694718	0.325647	0.787839	0.957701	0.981478	
2.57	1.07031	1.15893	1.36083	1.29915	1.27088	1.14305	0.827354	0.784118	0.582758	0.594359	1.26902	1.28916	0.858152	0.969464	0.653149	0.785458	1.40901	0.545107	0.547831	0.590761	0.575877	0.574359	0.573277	1.00627	0.657745	1.33738	1.44035	0.579043	0.596153	0.601135	0.8845	0.685645	1.0911	1.3382	0.821769	0.613584	1.16663	0.848938	0.996941	1.04166	1.16495	1.20654	1.25483	1.33443	1.18771	1.11951	0.57882	0.817181	0.848166	1.25607	0.605131	0.605121	0.616039	0.611634	0.652266	0.833657	1.40003	0.538864	0.551992	0.574384	0.574737	0.56713	0.559137	1.18039	0.735632	0.860307	0.605431	0.56158	0.691302	0.228873	0.873163	0.755865	1.07898	0.379173	0.555406	0.694819	0.325748	0.787406	0.956189	0.980033	
2.575	1.0702	1.15881	1.36085	1.29926	1.27084	1.14283	0.825924	0.783742	0.582623	0.594225	1.26902	1.28913	0.858096	0.969328	0.653543	0.785886	1.40908	0.544906	0.547664	0.59042	0.575491	0.574092	0.57296	1.00631	0.657654	1.33723	1.44026	0.578962	0.596027	0.601091	0.884398	0.685846	1.09123	1.33804	0.821378	0.613477	1.16661	0.848291	0.995253	1.04024	1.16496	1.20656	1.25486	1.33452	1.18774	1.11941	0.578901	0.816767	0.848084	1.25592	0.60508	0.60507	0.615969	0.611572	0.652633	0.834202	1.40005	0.53865	0.551866	0.574203	0.57452	0.566877	0.55902	1.1805	0.735641	0.85985	0.605379	0.561569	0.69124	0.228985	0.873133	0.756098	1.07913	0.379085	0.555426	0.694929	0.325848	0.786922	0.954494	0.978443	
2.58	1.07007	1.15866	1.36086	1.29937	1.2708	1.14259	0.824473	0.783367	0.582486	0.594091	1.26903	1.28912	0.858037	0.96918	0.653987	0.786353	1.40917	0.544696	0.547503	0.590061	0.575198	0.573923	0.572726	1.00635	0.657547	1.33705	1.44015	0.578878	0.595887	0.601047	0.884286	0.686072	1.09137	1.33787	0.820986	0.613371	1.1666	0.847584	0.993453	1.03874	1.16497	1.20659	1.25491	1.33464	1.18778	1.11929	0.578997	0.816354	0.847996	1.25576	0.605029	0.605019	0.615899	0.61151	0.653036	0.834759	1.40009	0.538433	0.551726	0.574022	0.574271	0.566608	0.558861	1.18062	0.735644	0.859369	0.605327	0.561565	0.691168	0.229098	0.87309	0.755835	1.0793	0.378989	0.555446	0.695049	0.325948	0.786306	0.952636	0.976726	
2.585	1.06991	1.15849	1.36087	1.29949	1.27074	1.14231	0.823032	0.782992	0.582367	0.593973	1.26905	1.28911	0.857972	0.969017	0.654483	0.786857	1.40926	0.544441	0.547391	0.589775	0.574847	0.573669	0.57248	1.00639	0.657425	1.33681	1.44001	0.578771	0.595732	0.601003	0.884166	0.686323	1.09153	1.33769	0.820595	0.613272	1.1666	0.846866	0.991564	1.03718	1.16498	1.20663	1.25496	1.33477	1.18783	1.11917	0.57911	0.815941	0.847902	1.25558	0.604978	0.604968	0.615829	0.611447	0.653476	0.835331	1.40015	0.538275	0.551535	0.573807	0.573953	0.566299	0.558652	1.18077	0.735641	0.858866	0.605276	0.561534	0.691085	0.22921	0.873035	0.75513	1.0795	0.378882	0.555467	0.69518	0.326048	0.785633	0.950614	0.974877	
2.59	1.06973	1.15828	1.36086	1.2996	1.27066	1.14199	0.821586	0.782617	0.582249	0.593854	1.26908	1.2891	0.857902	0.968839	0.655034	0.787374	1.40935	0.544192	0.547261	0.589486	0.574416	0.573263	0.572185	1.00642	0.657287	1.33652	1.43984	0.578666	0.595568	0.600959	0.884037	0.686597	1.09169	1.33749	0.820204	0.613174	1.1666	0.846175	0.989619	1.03559	1.16499	1.20666	1.25503	1.33492	1.18789	1.11905	0.579242	0.815529	0.847801	1.25538	0.604927	0.604917	0.615759	0.611386	0.653957	0.835922	1.40023	0.538112	0.551348	0.573591	0.57365	0.566018	0.558457	1.18094	0.735633	0.858347	0.605225	0.561429	0.69099	0.229323	0.872966	0.75404	1.07973	0.378766	0.555487	0.695323	0.326148	0.784945	0.94845	0.972917	
2.595	1.06952	1.15804	1.36085	1.29972	1.27056	1.14163	0.820079	0.782242	0.582112	0.593719	1.26912	1.2891	0.857825	0.968644	0.655644	0.787925	1.40945	0.543996	0.547086	0.58914	0.574019	0.572843	0.57191	1.00644	0.657135	1.33618	1.43963	0.578583	0.595416	0.600915	0.883901	0.686895	1.09186	1.33727	0.819814	0.613074	1.16662	0.845522	0.987642	1.03401	1.16501	1.20671	1.25511	1.33509	1.18796	1.11891	0.579393	0.815117	0.847692	1.25516	0.604876	0.604866	0.615689	0.611324	0.654481	0.836531	1.40032	0.537885	0.551212	0.573408	0.573424	0.565816	0.55832	1.18112	0.735619	0.857822	0.605173	0.561232	0.690885	0.229435	0.872884	0.75261	1.07998	0.37864	0.555507	0.695478	0.326248	0.784252	0.946156	0.970865	
2.6	1.06928	1.15776	1.36082	1.29983	1.27044	1.14124	0.818475	0.781869	0.581973	0.593584	1.26917	1.28911	0.857741	0.968431	0.656315	0.788509	1.40955	0.543785	0.54692	0.58881	0.573731	0.57252	0.571709	1.00645	0.656969	1.33578	1.4394	0.578495	0.595326	0.600871	0.883759	0.687214	1.09204	1.33702	0.819424	0.612975	1.16665	0.844891	0.985661	1.03246	1.16503	1.20676	1.25519	1.33528	1.18804	1.11876	0.579566	0.814705	0.847574	1.25493	0.604826	0.604816	0.61562	0.611262	0.65505	0.837181	1.40043	0.53766	0.551061	0.57322	0.573159	0.565577	0.558197	1.18132	0.7356	0.857312	0.605122	0.561023	0.690768	0.229547	0.872791	0.750827	1.08026	0.378503	0.555527	0.695647	0.326348	0.783485	0.943772	0.968762	
2.605	1.06902	1.15745	1.36078	1.29994	1.2703	1.14081	0.81679	0.781495	0.581854	0.593465	1.26924	1.28913	0.857648	0.968198	0.657048	0.789134	1.40965	0.54353	0.546804	0.588558	0.573388	0.57218	0.571486	1.00646	0.656791	1.33531	1.43913	0.578384	0.595274	0.600827	0.883611	0.687552	1.09222	1.33675	0.819034	0.612882	1.16669	0.844203	0.983694	1.03094	1.16505	1.20681	1.25529	1.33549	1.18812	1.1186	0.579761	0.814293	0.847447	1.25468	0.604775	0.604765	0.615551	0.6112	0.655668	0.83789	1.40055	0.537498	0.550856	0.572998	0.572829	0.565316	0.558053	1.18154	0.735579	0.856858	0.605071	0.560863	0.690641	0.22966	0.872687	0.74883	1.08056	0.378355	0.555548	0.69583	0.326448	0.782636	0.941349	0.96665	
2.61	1.06872	1.15711	1.36073	1.30004	1.27013	1.14033	0.815038	0.781122	0.581733	0.593344	1.26931	1.28915	0.857546	0.967944	0.657846	0.789805	1.40974	0.543282	0.546669	0.588291	0.573011	0.57182	0.571214	1.00646	0.656602	1.33479	1.43882	0.578275	0.59522	0.600784	0.88346	0.687905	1.09241	1.33646	0.818644	0.612793	1.16674	0.843524	0.981755	1.02946	1.16507	1.20686	1.25539	1.33571	1.18821	1.11843	0.579979	0.813882	0.847311	1.25441	0.604724	0.604715	0.615481	0.611139	0.656336	0.838617	1.40069	0.537302	0.550653	0.572774	0.572519	0.565097	0.557917	1.18178	0.735555	0.856439	0.60502	0.560767	0.690503	0.229772	0.872576	0.746666	1.08089	0.378197	0.555568	0.696028	0.326548	0.781795	0.938875	0.96452	
2.615	1.0684	1.15673	1.36065	1.30013	1.26994	1.1398	0.813295	0.780749	0.581592	0.593179	1.2694	1.28917	0.857434	0.967668	0.658708	0.790534	1.40983	0.543089	0.54649	0.587973	0.574543	0.571513	0.57096	1.00645	0.656404	1.3342	1.43848	0.57819	0.595155	0.60074	0.883308	0.688272	1.09259	1.33615	0.818255	0.612705	1.1668	0.842837	0.979853	1.028	1.16509	1.20691	1.25549	1.33594	1.1883	1.11824	0.580219	0.813472	0.847163	1.25413	0.604674	0.604664	0.615412	0.611077	0.657057	0.839309	1.40083	0.537047	0.550504	0.572586	0.572289	0.564949	0.557821	1.18204	0.735531	0.856026	0.604969	0.56072	0.690354	0.229884	0.87246	0.744673	1.08123	0.378028	0.555588	0.696242	0.326648	0.781063	0.936396	0.96242	
2.62	1.06804	1.15631	1.36055	1.3002	1.26971	1.13923	0.811703	0.780377	0.58145	0.592976	1.2695	1.28921	0.857312	0.96737	0.659636	0.791304	1.4099	0.542894	0.546321	0.587674	0.577598	0.571299	0.570775	1.00642	0.656199	1.33355	1.4381	0.578106	0.595087	0.600696	0.883158	0.688646	1.09277	1.3358	0.817866	0.61262	1.16687	0.842202	0.977994	1.02656	1.16511	1.20697	1.25559	1.33617	1.18839	1.11803	0.58048	0.813062	0.847006	1.25383	0.604624	0.604614	0.615343	0.611016	0.657835	0.839954	1.40097	0.536811	0.550356	0.572402	0.572045	0.564774	0.557726	1.18231	0.735509	0.855612	0.604918	0.560638	0.690197	0.229996	0.872342	0.742679	1.0816	0.377849	0.555608	0.696473	0.326748	0.780409	0.933927	0.96036	
2.625	1.06766	1.15586	1.36042	1.30025	1.26946	1.13861	0.810356	0.780005	0.581328	0.592774	1.26961	1.28925	0.857178	0.96705	0.660629	0.792117	1.40996	0.542641	0.546204	0.587448	0.580896	0.571075	0.570588	1.00639	0.655989	1.33283	1.43767	0.578001	0.595023	0.600653	0.88301	0.689024	1.09295	1.33542	0.817478	0.61254	1.16695	0.841584	0.976186	1.02514	1.16512	1.20702	1.25569	1.33641	1.18847	1.1178	0.580763	0.812652	0.846836	1.25352	0.604573	0.604564	0.615274	0.610955	0.658671	0.840571	1.40112	0.536649	0.550165	0.572188	0.571731	0.564529	0.557589	1.18259	0.735491	0.855197	0.604867	0.560479	0.690031	0.230109	0.872226	0.740762	1.08199	0.377659	0.555628	0.696721	0.326848	0.779799	0.931506	0.958366	
2.63	1.06724	1.15538	1.36027	1.30028	1.26916	1.13795	0.809272	0.779634	0.581213	0.592603	1.26974	1.28929	0.857032	0.966706	0.661687	0.792968	1.41	0.542373	0.546098	0.58723	0.584301	0.570769	0.570345	1.00634	0.655776	1.33204	1.43721	0.577897	0.594957	0.600609	0.88287	0.6894	1.09312	1.33502	0.817089	0.612464	1.16704	0.84094	0.974437	1.02375	1.16513	1.20707	1.25578	1.33665	1.18855	1.11755	0.581066	0.812242	0.846655	1.25319	0.604523	0.604514	0.615206	0.610894	0.659568	0.841182	1.40126	0.536507	0.549977	0.571973	0.571426	0.564283	0.557446	1.18287	0.735479	0.854784	0.604817	0.560305	0.689859	0.230221	0.872117	0.739049	1.08239	0.377461	0.555648	0.696987	0.326948	0.77911	0.929154	0.956455	
2.635	1.06679	1.15486	1.36009	1.30028	1.26883	1.13723	0.808375	0.779263	0.581085	0.592446	1.26988	1.28934	0.856875	0.966339	0.66281	0.793854	1.41002	0.54215	0.545957	0.586972	0.587893	0.570461	0.570106	1.00628	0.655563	1.33118	1.43671	0.577816	0.594881	0.600566	0.882739	0.689768	1.09327	1.33458	0.816701	0.612393	1.16714	0.840294	0.972714	1.02236	1.16513	1.20711	1.25585	1.33687	1.18861	1.11727	0.581387	0.811833	0.846461	1.25285	0.604473	0.604463	0.615137	0.610833	0.660528	0.841805	1.40138	0.536337	0.549839	0.571791	0.571194	0.564097	0.557339	1.18317	0.735476	0.854372	0.604766	0.56017	0.689679	0.230333	0.872019	0.737658	1.0828	0.377253	0.555668	0.697271	0.327047	0.778414	0.926852	0.954627	
2.64	1.06631	1.1543	1.35987	1.30025	1.26846	1.13646	0.807577	0.778893	0.580957	0.592288	1.27003	1.2894	0.856705	0.96595	0.663996	0.794765	1.41001	0.541925	0.545819	0.586724	0.59166	0.570226	0.569924	1.0062	0.655351	1.33026	1.43617	0.577733	0.594803	0.600523	0.882621	0.690125	1.09341	1.33411	0.816314	0.612325	1.16726	0.839635	0.971008	1.02098	1.16511	1.20715	1.25591	1.33708	1.18866	1.11697	0.581724	0.811424	0.846255	1.2525	0.604423	0.604413	0.615068	0.610772	0.661553	0.842451	1.40149	0.536177	0.549695	0.57161	0.571049	0.56385	0.557204	1.18347	0.735483	0.853955	0.604716	0.560089	0.689495	0.230445	0.871936	0.736748	1.08321	0.377038	0.555688	0.697575	0.327147	0.777742	0.9246	0.95288	
2.645	1.0658	1.15371	1.35962	1.30019	1.26804	1.13565	0.806804	0.778522	0.580847	0.592141	1.27019	1.28946	0.856524	0.965539	0.665245	0.795703	1.40997	0.541671	0.54572	0.586534	0.59559	0.570003	0.569725	1.00611	0.655144	1.32927	1.43559	0.57763	0.594728	0.600479	0.882518	0.690463	1.09353	1.33361	0.815927	0.612259	1.16738	0.838956	0.969311	1.0196	1.16509	1.20717	1.25595	1.33728	1.18869	1.11663	0.582075	0.811016	0.846036	1.25214	0.604373	0.604364	0.615	0.610711	0.662643	0.843128	1.40158	0.536066	0.549512	0.5714	0.570866	0.563507	0.557034	1.18377	0.735503	0.853531	0.604665	0.560043	0.689306	0.230558	0.871873	0.736237	1.08364	0.376816	0.555708	0.697898	0.327247	0.777097	0.92238	0.951178	
2.65	1.06526	1.15308	1.35932	1.30008	1.26758	1.13478	0.806004	0.778153	0.580741	0.592017	1.27036	1.28953	0.856331	0.965107	0.666555	0.796654	1.4099	0.54143	0.545617	0.586331	0.599679	0.569725	0.56947	1.006	0.654945	1.32821	1.43497	0.577529	0.594653	0.600436	0.882435	0.690777	1.09362	1.33307	0.81554	0.612194	1.16752	0.838262	0.967636	1.01822	1.16505	1.20719	1.25597	1.33745	1.1887	1.11626	0.582438	0.810608	0.845805	1.25177	0.604323	0.604314	0.614932	0.61065	0.663799	0.843842	1.40164	0.535954	0.549338	0.571189	0.570591	0.563169	0.556879	1.18407	0.735537	0.853107	0.604615	0.560012	0.689114	0.23067	0.871835	0.735932	1.08406	0.376588	0.555728	0.698242	0.327347	0.776423	0.920199	0.949505	
2.655	1.06468	1.15242	1.35898	1.29993	1.26707	1.13385	0.805042	0.777784	0.580618	0.5919	1.27055	1.2896	0.856127	0.964656	0.667924	0.797622	1.40979	0.541246	0.54548	0.586082	0.603921	0.569451	0.569226	1.00587	0.654756	1.32708	1.4343	0.57745	0.59457	0.600393	0.882374	0.691064	1.09369	1.3325	0.815153	0.61213	1.16766	0.837547	0.965979	1.01683	1.165	1.20719	1.25595	1.33759	1.18867	1.11586	0.582811	0.8102	0.84556	1.25139	0.604273	0.604264	0.614864	0.61059	0.665023	0.844596	1.40167	0.535801	0.549214	0.571012	0.570308	0.562916	0.556772	1.18437	0.735588	0.852687	0.604565	0.55999	0.68892	0.230782	0.871825	0.735627	1.08448	0.376355	0.555748	0.698607	0.327447	0.775735	0.918034	0.947818	
2.66	1.06407	1.15173	1.35859	1.29973	1.26651	1.13288	0.803847	0.777415	0.580473	0.591769	1.27075	1.28967	0.855913	0.964187	0.66935	0.798609	1.40964	0.541092	0.545315	0.585799	0.608311	0.569242	0.569045	1.00572	0.65458	1.32589	1.4336	0.577378	0.594479	0.60035	0.882339	0.691316	1.09374	1.3319	0.814767	0.612066	1.16782	0.836758	0.96434	1.01542	1.16493	1.20718	1.25591	1.3377	1.18862	1.11543	0.583191	0.809793	0.845302	1.25101	0.604224	0.604214	0.614796	0.610529	0.666313	0.84539	1.40167	0.535608	0.549099	0.570879	0.570091	0.562705	0.556671	1.18467	0.735658	0.852271	0.604514	0.559979	0.688726	0.230894	0.871849	0.735143	1.0849	0.376119	0.555768	0.698993	0.327547	0.77502	0.915894	0.946123	
2.665	1.06343	1.151	1.35815	1.29947	1.2659	1.13185	0.802181	0.777047	0.580329	0.591638	1.27096	1.28975	0.855689	0.963701	0.670831	0.799649	1.40945	0.540919	0.54517	0.585548	0.612841	0.569023	0.568862	1.00555	0.65442	1.32464	1.43286	0.57729	0.594388	0.600307	0.882333	0.69153	1.09375	1.33126	0.81438	0.612003	1.16799	0.835934	0.962711	1.01398	1.16484	1.20715	1.25584	1.33777	1.18854	1.11495	0.583576	0.809386	0.845032	1.25062	0.604174	0.604165	0.614728	0.610469	0.667668	0.846225	1.40162	0.535434	0.548948	0.570759	0.569868	0.562492	0.556576	1.18495	0.735747	0.851859	0.604464	0.559978	0.688531	0.231006	0.87191	0.734346	1.0853	0.37588	0.555788	0.6994	0.327647	0.774213	0.91381	0.944312	
2.67	1.06276	1.15024	1.35767	1.29917	1.26523	1.13077	0.800031	0.776679	0.580208	0.591523	1.27118	1.28983	0.855456	0.963202	0.672365	0.800777	1.4092	0.540694	0.545076	0.585365	0.617504	0.568757	0.568636	1.00536	0.654279	1.32333	1.43208	0.577204	0.594306	0.600264	0.88236	0.691701	1.09373	1.33059	0.813995	0.61194	1.16817	0.835026	0.961089	1.01251	1.16473	1.2071	1.25572	1.33781	1.18842	1.11444	0.583964	0.808979	0.844748	1.25023	0.604125	0.604115	0.61466	0.610409	0.669089	0.847101	1.40153	0.53532	0.548797	0.570607	0.569594	0.562306	0.556505	1.18523	0.735857	0.851449	0.604414	0.559973	0.688337	0.231118	0.872013	0.733107	1.08571	0.37564	0.555808	0.699829	0.327747	0.77331	0.911816	0.942401	
2.675	1.06206	1.14944	1.35712	1.2988	1.26451	1.12963	0.797733	0.776311	0.580081	0.591431	1.27141	1.28992	0.855217	0.96269	0.673949	0.801951	1.40891	0.540465	0.544975	0.585205	0.622295	0.568507	0.568421	1.00515	0.65416	1.32196	1.43127	0.577136	0.594228	0.600222	0.882423	0.691826	1.09367	1.32989	0.813609	0.611877	1.16836	0.834137	0.959471	1.01103	1.16459	1.20703	1.25557	1.3378	1.18826	1.11389	0.584352	0.808573	0.844452	1.24983	0.604075	0.604066	0.614592	0.610348	0.670572	0.848016	1.40139	0.535267	0.548684	0.570398	0.569332	0.562173	0.556463	1.18549	0.73599	0.851041	0.604365	0.559881	0.688146	0.231231	0.87216	0.731416	1.08609	0.3754	0.555828	0.700281	0.327846	0.772283	0.909932	0.94034	
2.68	1.06132	1.14861	1.35652	1.29837	1.26373	1.12844	0.7956	0.775944	0.579933	0.591333	1.27165	1.29001	0.854972	0.962168	0.67558	0.803162	1.40856	0.540284	0.544834	0.585016	0.627206	0.568323	0.568262	1.00491	0.654065	1.32053	1.43042	0.577068	0.594146	0.600179	0.882526	0.691901	1.09358	1.32916	0.813224	0.611814	1.16856	0.833282	0.95787	1.00954	1.16443	1.20694	1.25538	1.33774	1.18806	1.1133	0.584739	0.808167	0.844144	1.24943	0.604026	0.604017	0.614525	0.610288	0.672117	0.848971	1.4012	0.535209	0.548565	0.570175	0.569137	0.562023	0.556394	1.18575	0.736145	0.850634	0.604315	0.559689	0.687957	0.231343	0.872356	0.729457	1.08647	0.375161	0.555848	0.700755	0.327946	0.771201	0.90816	0.938163	
2.685	1.06056	1.14775	1.35586	1.29787	1.26288	1.1272	0.793799	0.775578	0.579785	0.591216	1.2719	1.2901	0.854722	0.961638	0.677257	0.804414	1.40815	0.540776	0.544696	0.584829	0.63223	0.568104	0.568109	1.00465	0.653996	1.31906	1.42954	0.576984	0.594066	0.600136	0.882671	0.691923	1.09344	1.32839	0.81284	0.611752	1.16877	0.832403	0.956293	1.00806	1.16425	1.20682	1.25514	1.33763	1.18782	1.11267	0.585123	0.807762	0.843824	1.24902	0.603976	0.603967	0.614457	0.610228	0.673719	0.849962	1.40095	0.535102	0.548397	0.569984	0.56897	0.561837	0.556258	1.18599	0.736324	0.850227	0.604265	0.559482	0.687772	0.231455	0.872602	0.72751	1.08683	0.374925	0.555867	0.701252	0.328046	0.769978	0.906495	0.935928	
2.69	1.05976	1.14686	1.35514	1.29729	1.26197	1.1259	0.792504	0.775211	0.579661	0.591097	1.27216	1.2902	0.85447	0.961101	0.678975	0.805728	1.40769	0.544178	0.5446	0.584683	0.63736	0.567857	0.567927	1.00437	0.653956	1.31754	1.42863	0.576902	0.593992	0.600094	0.882861	0.69189	1.09326	1.3276	0.812455	0.611689	1.16898	0.831541	0.954744	1.00658	1.16404	1.20668	1.25485	1.33747	1.18754	1.11199	0.585501	0.807356	0.843492	1.2486	0.603927	0.603918	0.61439	0.610169	0.675376	0.850989	1.40065	0.534988	0.548227	0.569783	0.56875	0.561665	0.556108	1.18621	0.736528	0.84982	0.604215	0.559325	0.687592	0.231567	0.872903	0.72574	1.08718	0.374693	0.555887	0.701772	0.328146	0.768662	0.904925	0.933598	
2.695	1.05892	1.14593	1.35436	1.29665	1.261	1.12454	0.791493	0.774846	0.579548	0.590993	1.27243	1.2903	0.854218	0.960561	0.680732	0.806924	1.40716	0.548449	0.544498	0.584564	0.64259	0.567645	0.567756	1.00406	0.653946	1.31597	1.42769	0.576838	0.593923	0.600051	0.883101	0.6918	1.09304	1.32678	0.812071	0.611627	1.16921	0.830629	0.953222	1.00512	1.1638	1.20652	1.25452	1.33726	1.1872	1.11128	0.585872	0.806952	0.843149	1.24818	0.603878	0.603869	0.614323	0.610109	0.677085	0.852049	1.40029	0.534908	0.548102	0.569555	0.568446	0.561541	0.555993	1.18642	0.736756	0.849414	0.604166	0.55923	0.687417	0.231679	0.87326	0.724284	1.0875	0.374467	0.555907	0.702315	0.328245	0.767341	0.903436	0.931187	
2.7	1.05805	1.14496	1.35351	1.29593	1.25996	1.12313	0.790715	0.77448	0.57943	0.590906	1.27271	1.2904	0.853968	0.960018	0.682525	0.808467	1.40656	0.552634	0.544369	0.587299	0.647912	0.567499	0.56763	1.00373	0.653969	1.31437	1.42672	0.576766	0.593856	0.600009	0.883393	0.691655	1.09276	1.32594	0.811687	0.611565	1.16945	0.829662	0.951729	1.00362	1.16354	1.20632	1.25414	1.33699	1.18683	1.11052	0.586236	0.806547	0.842795	1.24776	0.603829	0.60382	0.614256	0.610049	0.678841	0.85314	1.39987	0.534851	0.547959	0.569335	0.568148	0.56147	0.555858	1.18661	0.737009	0.849008	0.604116	0.559129	0.687248	0.231791	0.873676	0.723218	1.08782	0.374246	0.555927	0.702881	0.328345	0.766044	0.902016	0.928732	
2.705	1.05715	1.14397	1.35259	1.29513	1.25885	1.12167	0.789727	0.774115	0.579295	0.590835	1.27299	1.2905	0.853722	0.959475	0.684352	0.80986	1.4059	0.55685	0.544249	0.591306	0.653318	0.567339	0.567554	1.00337	0.654025	1.31273	1.42573	0.576679	0.593793	0.599966	0.883739	0.691456	1.09244	1.32508	0.811304	0.611503	1.16969	0.828623	0.950263	1.00208	1.16325	1.2061	1.25371	1.33666	1.1864	1.10972	0.58659	0.806143	0.842431	1.24733	0.60378	0.603771	0.614189	0.60999	0.68064	0.854259	1.39939	0.534761	0.547776	0.569155	0.567924	0.561436	0.555676	1.18678	0.737287	0.848602	0.604067	0.55898	0.687086	0.231903	0.874152	0.722469	1.08811	0.374033	0.555947	0.703471	0.328445	0.764674	0.900652	0.926279	
2.71	1.05622	1.14293	1.3516	1.29424	1.25766	1.12015	0.788566	0.773751	0.579161	0.590777	1.27328	1.2906	0.853483	0.958935	0.686207	0.811104	1.40517	0.561187	0.54417	0.595288	0.658802	0.567103	0.567515	1.00298	0.654117	1.31106	1.42472	0.576595	0.593735	0.599924	0.884144	0.691206	1.09207	1.32419	0.810921	0.611441	1.16994	0.827506	0.948822	1.00047	1.16292	1.20585	1.25323	1.33627	1.18592	1.10889	0.586933	0.80574	0.842058	1.24691	0.603731	0.603722	0.614122	0.60993	0.682479	0.855403	1.39885	0.534624	0.547603	0.568986	0.567722	0.561364	0.555499	1.18694	0.737591	0.848196	0.604017	0.558829	0.686932	0.232015	0.874691	0.721941	1.08838	0.373828	0.555966	0.704084	0.328545	0.763104	0.899333	0.92388	
2.715	1.05525	1.14186	1.35053	1.29327	1.25641	1.11858	0.787416	0.773387	0.579048	0.59073	1.27357	1.2907	0.853252	0.9584	0.68809	0.812376	1.40437	0.565612	0.544105	0.599213	0.664354	0.566858	0.567497	1.00257	0.654245	1.30937	1.42369	0.576532	0.593678	0.599882	0.884609	0.690913	1.09165	1.32328	0.810538	0.611379	1.17019	0.826377	0.947432	0.998819	1.16257	1.20557	1.2527	1.33582	1.18539	1.10801	0.587265	0.805337	0.841675	1.24648	0.603683	0.603674	0.614055	0.609871	0.684352	0.85657	1.39825	0.534492	0.547481	0.568799	0.567502	0.56122	0.555371	1.18707	0.73792	0.847791	0.603968	0.558715	0.686787	0.232127	0.875294	0.721618	1.08863	0.373632	0.555986	0.704721	0.328644	0.761237	0.89805	0.921578	
2.72	1.05424	1.14076	1.34939	1.29221	1.25507	1.11695	0.786253	0.773024	0.57894	0.590689	1.27387	1.2908	0.853033	0.957873	0.689994	0.813641	1.40349	0.570104	0.544033	0.603219	0.669964	0.566667	0.567487	1.00213	0.654412	1.30765	1.42264	0.576474	0.593618	0.599839	0.885137	0.690589	1.09118	1.32235	0.810156	0.611317	1.17046	0.825186	0.946075	0.997104	1.16218	1.20525	1.25211	1.3353	1.18481	1.10709	0.587584	0.804934	0.841284	1.24606	0.603634	0.603625	0.613989	0.609812	0.686254	0.857757	1.39758	0.534405	0.547365	0.568619	0.567301	0.561059	0.555259	1.18719	0.738276	0.847386	0.603919	0.558648	0.686651	0.232239	0.875963	0.721424	1.08886	0.373448	0.556006	0.705381	0.328744	0.759114	0.896793	0.919393	
2.725	1.05319	1.13961	1.34817	1.29105	1.25366	1.11526	0.785017	0.772661	0.578823	0.590654	1.27417	1.2909	0.852828	0.957359	0.691917	0.814859	1.40254	0.574657	0.54397	0.607292	0.675624	0.566471	0.567481	1.00166	0.654619	1.30591	1.42158	0.576411	0.593557	0.599797	0.885733	0.69026	1.09065	1.32141	0.809774	0.611256	1.17072	0.823946	0.944724	0.99535	1.16176	1.20491	1.25147	1.33472	1.18418	1.10613	0.587889	0.804532	0.840885	1.24564	0.603585	0.603576	0.613922	0.609753	0.688183	0.858959	1.39685	0.534601	0.547221	0.568472	0.570884	0.560935	0.555136	1.18729	0.738658	0.846981	0.60387	0.558572	0.686526	0.215342	0.8767	0.721748	1.08907	0.373274	0.556025	0.706064	0.328844	0.756918	0.895555	0.91733	
2.73	1.05211	1.13843	1.34687	1.2898	1.25217	1.11352	0.783769	0.772298	0.578709	0.590621	1.27447	1.29101	0.85264	0.956864	0.693853	0.816051	1.40151	0.579266	0.543933	0.611398	0.681319	0.566225	0.567478	1.00116	0.654868	1.30416	1.42051	0.576352	0.5935	0.599755	0.886397	0.689974	1.09006	1.32045	0.809392	0.611194	1.171	0.822599	0.943364	0.993565	1.16131	1.20452	1.25077	1.33407	1.18349	1.10513	0.588179	0.80413	0.840479	1.24524	0.603537	0.603528	0.613856	0.609693	0.690131	0.860175	1.39605	0.538086	0.547086	0.568314	0.575318	0.560809	0.555024	1.18736	0.739068	0.846577	0.603821	0.55845	0.686412	0.215337	0.877509	0.722264	1.08925	0.373113	0.556045	0.70677	0.328943	0.754835	0.894329	0.91538	
2.735	1.05099	1.13721	1.34549	1.28845	1.2506	1.11172	0.782591	0.771936	0.578612	0.590591	1.27478	1.29111	0.852472	0.956393	0.695798	0.817209	1.40039	0.58392	0.543899	0.615525	0.68704	0.565989	0.567478	1.00063	0.655159	1.3024	1.41943	0.576307	0.593445	0.599713	0.887135	0.689738	1.08941	1.31948	0.809011	0.611133	1.17127	0.821197	0.94199	0.99176	1.16082	1.2041	1.25001	1.33334	1.18274	1.10409	0.588451	0.803728	0.840067	1.24483	0.603488	0.60348	0.61379	0.609635	0.692097	0.8614	1.39518	0.542859	0.546991	0.56813	0.579543	0.560655	0.554947	1.1874	0.739508	0.846172	0.603772	0.558324	0.686312	0.215333	0.878391	0.722369	1.0894	0.372965	0.556064	0.707498	0.329043	0.752752	0.89311	0.91353	
2.74	1.04983	1.13594	1.34402	1.28699	1.24894	1.10987	0.782783	0.771574	0.578519	0.590561	1.27508	1.29121	0.852327	0.955955	0.704812	0.818525	1.39918	0.588608	0.543851	0.619666	0.692772	0.565813	0.56748	1.00008	0.655497	1.30064	1.41834	0.57626	0.593392	0.599671	0.887948	0.688897	1.0887	1.3185	0.808629	0.611072	1.17155	0.819938	0.940608	0.990085	1.16029	1.20365	1.24919	1.33253	1.18192	1.10301	0.588705	0.803326	0.83965	1.24444	0.60344	0.603431	0.613723	0.609576	0.694075	0.862632	1.39424	0.547458	0.546888	0.567949	0.583693	0.560508	0.55488	1.18742	0.739978	0.845768	0.603723	0.558229	0.686226	0.215331	0.87935	0.722222	1.08952	0.37283	0.556084	0.708246	0.329143	0.75059	0.891893	0.911764	
2.745	1.04864	1.13464	1.34246	1.28543	1.2472	1.10797	0.7832	0.771213	0.578418	0.590533	1.27539	1.29131	0.852206	0.955558	0.710328	0.818615	1.39788	0.59332	0.543806	0.62381	0.698502	0.565612	0.567471	0.999508	0.655881	1.29887	1.41725	0.576208	0.593342	0.59963	0.88884	0.687603	1.08793	1.31751	0.808249	0.611011	1.17184	0.818754	0.939217	0.988483	1.15973	1.20315	1.2483	1.33164	1.18104	1.10175	0.588937	0.802921	0.839227	1.24405	0.603392	0.603383	0.613657	0.609517	0.696061	0.863868	1.39321	0.551868	0.546753	0.567802	0.587796	0.560402	0.5548	1.18741	0.740481	0.845365	0.603674	0.558174	0.686157	0.21533	0.880389	0.72195	1.08961	0.37271	0.556103	0.709015	0.329242	0.748433	0.890672	0.910067	
2.75	1.0474	1.1333	1.34081	1.28375	1.24536	1.10601	0.782603	0.770852	0.578318	0.590504	1.2757	1.2914	0.852114	0.955211	0.711911	0.819185	1.39649	0.598043	0.543781	0.627945	0.704216	0.56537	0.567429	0.998958	0.656314	1.2971	1.41616	0.576161	0.593295	0.599588	0.889815	0.686262	1.08709	1.31651	0.807868	0.61095	1.17212	0.817389	0.937811	0.986711	1.15912	1.20261	1.24733	1.33066	1.18009	1.09966	0.589145	0.802471	0.838802	1.24368	0.603343	0.603335	0.613592	0.609458	0.69805	0.865103	1.39211	0.556256	0.546627	0.567697	0.591818	0.560317	0.554725	1.18737	0.741019	0.844961	0.603626	0.558136	0.686107	0.21533	0.881513	0.722479	1.08965	0.372603	0.556123	0.709802	0.329342	0.746013	0.889445	0.908426	
2.755	1.04612	1.13191	1.33907	1.28196	1.24344	1.104	0.780736	0.770459	0.578233	0.590477	1.27601	1.2915	0.852052	0.954923	0.711943	0.820718	1.395	0.602766	0.543743	0.632059	0.709899	0.56515	0.567339	0.99846	0.656798	1.29533	1.41507	0.576125	0.59325	0.599546	0.890874	0.685128	1.08618	1.3155	0.807488	0.610889	1.17241	0.81495	0.936388	0.984579	1.15847	1.20202	1.2463	1.32958	1.17907	1.09759	0.589326	0.80183	0.838373	1.24331	0.603295	0.603287	0.613526	0.6094	0.70004	0.866335	1.39092	0.560605	0.54654	0.567581	0.59575	0.560208	0.554675	1.18729	0.741595	0.844558	0.603577	0.558068	0.686077	0.215332	0.882724	0.723297	1.08966	0.372511	0.556142	0.710606	0.329442	0.742603	0.888208	0.90683	
2.76	1.0448	1.13048	1.33723	1.28005	1.24142	1.10194	0.778275	0.769946	0.57815	0.590449	1.27631	1.29159	0.852025	0.954704	0.71301	0.822439	1.39341	0.607476	0.543689	0.63614	0.715537	0.564993	0.567239	0.997191	0.657334	1.29358	1.41398	0.576097	0.593207	0.599505	0.892021	0.683261	1.0852	1.31449	0.807108	0.610828	1.17269	0.810907	0.934946	0.982101	1.15778	1.20139	1.24518	1.32841	1.17797	1.0957	0.589476	0.800859	0.837942	1.24295	0.603247	0.603239	0.61346	0.609341	0.702025	0.867558	1.38963	0.564876	0.546458	0.567438	0.599588	0.560061	0.554633	1.18717	0.742213	0.844155	0.603529	0.557956	0.68607	0.215337	0.884026	0.723857	1.08962	0.372434	0.556162	0.711425	0.329541	0.738068	0.886961	0.905271	
2.765	1.04344	1.12901	1.33529	1.27802	1.23931	1.09983	0.776108	0.769266	0.578058	0.590422	1.27662	1.29168	0.852036	0.954561	0.714756	0.823555	1.39172	0.612161	0.543644	0.640178	0.721116	0.569046	0.567161	0.995913	0.657922	1.29183	1.4129	0.576071	0.593166	0.599463	0.893256	0.680529	1.08415	1.31347	0.806729	0.610767	1.17297	0.805904	0.933486	0.979414	1.15704	1.20072	1.24399	1.32713	1.17679	1.09377	0.58959	0.799659	0.837513	1.2426	0.603199	0.603191	0.613395	0.609283	0.704003	0.86877	1.38826	0.56906	0.546355	0.567294	0.603327	0.559921	0.554578	1.18702	0.742873	0.843752	0.60348	0.557844	0.686089	0.2154	0.885421	0.723979	1.08952	0.37237	0.556181	0.712259	0.329641	0.732852	0.885704	0.903743	
2.77	1.04204	1.1275	1.33326	1.27586	1.23711	1.09767	0.774247	0.768484	0.577967	0.590394	1.27692	1.29177	0.852091	0.954501	0.716468	0.824199	1.38993	0.616808	0.543622	0.644162	0.726621	0.576831	0.567114	0.995051	0.658564	1.29011	1.41182	0.576046	0.593125	0.599421	0.894582	0.677389	1.08302	1.31245	0.80635	0.610706	1.17326	0.80078	0.93201	0.976659	1.15626	1.2	1.24271	1.32575	1.17554	1.0917	0.589663	0.798429	0.837093	1.24227	0.603151	0.603143	0.613329	0.609225	0.705969	0.869966	1.38678	0.573157	0.546257	0.567202	0.606965	0.55982	0.554524	1.18682	0.743582	0.84335	0.603432	0.557763	0.686135	0.215504	0.886913	0.724176	1.08938	0.372321	0.556201	0.713103	0.32974	0.72749	0.884437	0.902238	
2.775	1.0406	1.12594	1.33113	1.27358	1.23481	1.09547	0.772182	0.76771	0.577889	0.590367	1.27721	1.29185	0.852191	0.954529	0.718049	0.824716	1.38804	0.621405	0.543617	0.648081	0.732038	0.584897	0.56709	0.994369	0.659261	1.28839	1.41076	0.576024	0.593086	0.59938	0.895999	0.674496	1.08182	1.31142	0.805971	0.610646	1.17354	0.795883	0.930518	0.97393	1.15543	1.19924	1.24135	1.32425	1.1742	1.0894	0.589692	0.797323	0.836691	1.24195	0.603104	0.603095	0.613264	0.609167	0.707921	0.871143	1.38519	0.577166	0.546191	0.56989	0.610499	0.559722	0.554488	1.18658	0.744342	0.842947	0.603384	0.557708	0.686211	0.21562	0.888506	0.725243	1.08917	0.372284	0.55622	0.713958	0.32984	0.722342	0.88316	0.900754	
2.78	1.03911	1.12434	1.3289	1.27118	1.23242	1.09322	0.76978	0.767016	0.577823	0.59034	1.2775	1.29192	0.85234	0.954651	0.719596	0.825288	1.38604	0.625939	0.543623	0.651926	0.737354	0.592564	0.567061	0.993652	0.660011	1.2867	1.4097	0.576007	0.593047	0.599339	0.897508	0.672199	1.08055	1.3104	0.805593	0.610586	1.17381	0.791106	0.929013	0.971276	1.15456	1.19844	1.2399	1.32263	1.17279	1.08721	0.58967	0.796077	0.836312	1.24165	0.603056	0.603047	0.613199	0.609109	0.709854	0.872296	1.3835	0.581084	0.546145	0.573527	0.61393	0.559621	0.554473	1.18629	0.745156	0.842545	0.603335	0.557655	0.686321	0.215737	0.890202	0.72593	1.0889	0.37226	0.55624	0.714821	0.329939	0.717535	0.881873	0.899287	
2.785	1.03759	1.12269	1.32657	1.26864	1.22993	1.09092	0.767292	0.766263	0.577762	0.590312	1.27779	1.292	0.85254	0.954867	0.721127	0.825765	1.38393	0.630397	0.543638	0.65569	0.742555	0.600089	0.567019	0.992866	0.660816	1.28503	1.40865	0.575994	0.593008	0.599297	0.899111	0.670483	1.0792	1.30937	0.805215	0.610525	1.17409	0.78626	0.927495	0.968716	1.15365	1.1976	1.23835	1.3209	1.17128	1.08519	0.589594	0.794669	0.835962	1.24136	0.603008	0.603	0.613134	0.609051	0.711765	0.873421	1.38169	0.584912	0.546082	0.57697	0.617261	0.559536	0.554467	1.18596	0.746031	0.842144	0.603287	0.557599	0.686466	0.215853	0.892006	0.727119	1.08856	0.372249	0.556259	0.715689	0.330039	0.713111	0.880576	0.897832	
2.79	1.03602	1.121	1.32414	1.26598	1.22735	1.08859	0.764989	0.765333	0.577691	0.590285	1.27807	1.29206	0.85279	0.955178	0.722622	0.82615	1.38172	0.634768	0.54366	0.659364	0.747627	0.607495	0.566978	0.992055	0.661674	1.28338	1.40762	0.575984	0.59297	0.599256	0.900808	0.669204	1.07778	1.30833	0.804837	0.610465	1.17435	0.781268	0.925964	0.966252	1.15269	1.19672	1.23671	1.31904	1.16968	1.08316	0.589457	0.793225	0.835646	1.24109	0.602961	0.602952	0.613069	0.608993	0.713653	0.874513	1.37976	0.588652	0.54599	0.580269	0.620496	0.559481	0.554444	1.18559	0.746969	0.841742	0.603239	0.557552	0.686649	0.215967	0.89392	0.728515	1.08816	0.372263	0.556278	0.716562	0.330138	0.709094	0.879272	0.896389	
2.795	1.03441	1.11926	1.32161	1.26319	1.22467	1.08622	0.762833	0.764258	0.577607	0.590258	1.27835	1.29213	0.853094	0.955586	0.724067	0.826471	1.37941	0.639038	0.543687	0.662942	0.752556	0.614719	0.56695	0.991349	0.662584	1.28175	1.4066	0.575976	0.592931	0.599215	0.902599	0.667698	1.07629	1.30729	0.80446	0.610405	1.17462	0.776195	0.924421	0.963878	1.15169	1.1958	1.23497	1.31704	1.16799	1.08109	0.589256	0.791876	0.835367	1.24085	0.602913	0.602905	0.613004	0.608935	0.715513	0.875569	1.37771	0.592309	0.545901	0.583541	0.62364	0.559382	0.554397	1.18517	0.747976	0.841341	0.603191	0.557524	0.686874	0.216081	0.896603	0.731424	1.08768	0.37225	0.556298	0.717438	0.330238	0.70549	0.877959	0.894955	
2.8	1.03275	1.11747	1.31898	1.26026	1.22191	1.08381	0.76066	0.76314	0.577522	0.590231	1.27862	1.29218	0.853449	0.956088	0.725461	0.826786	1.37699	0.643196	0.543714	0.666419	0.757331	0.621741	0.566855	0.990751	0.663546	1.28014	1.40559	0.575969	0.592893	0.599174	0.904484	0.66569	1.07473	1.30625	0.804079	0.610345	1.17488	0.771226	0.922868	0.961587	1.15064	1.19484	1.23313	1.31491	1.16621	1.07902	0.588984	0.790518	0.83512	1.24063	0.602866	0.602857	0.612939	0.608878	0.717342	0.876583	1.37553	0.595889	0.545842	0.586765	0.626701	0.55924	0.554351	1.1847	0.749056	0.84094	0.603144	0.557498	0.687144	0.216195	0.899736	0.735044	1.08712	0.372288	0.556317	0.718315	0.330337	0.702285	0.876639	0.893529	
2.805	1.03105	1.11563	1.31626	1.2572	1.21904	1.08136	0.758463	0.762066	0.57745	0.590204	1.27889	1.29223	0.853857	0.956684	0.726802	0.827103	1.37447	0.64723	0.543733	0.669792	0.76194	0.628553	0.566668	0.99006	0.664557	1.27854	1.40459	0.575963	0.592855	0.599133	0.906462	0.663302	1.0731	1.3052	0.803635	0.610285	1.17513	0.766536	0.921305	0.959371	1.14956	1.19386	1.2312	1.31265	1.16434	1.07696	0.588636	0.789028	0.834902	1.24042	0.602818	0.60281	0.612874	0.60882	0.719139	0.877551	1.37321	0.599399	0.54578	0.589919	0.629686	0.559106	0.55432	1.18418	0.750214	0.84054	0.603096	0.557461	0.687461	0.216309	0.903035	0.739161	1.08648	0.372367	0.556336	0.719193	0.330437	0.699443	0.875313	0.89211	
2.81	1.02931	1.11374	1.31343	1.25401	1.21609	1.07887	0.757436	0.760713	0.577379	0.590177	1.27915	1.29228	0.854316	0.957372	0.728087	0.827624	1.3711	0.65113	0.543747	0.673058	0.76637	0.635144	0.566466	0.989234	0.665615	1.27697	1.4036	0.575957	0.592818	0.599092	0.908532	0.660875	1.0714	1.30415	0.803007	0.610225	1.17538	0.76223	0.919734	0.957221	1.14844	1.19285	1.22915	1.31024	1.16237	1.07488	0.588207	0.787474	0.834709	1.24023	0.602771	0.602763	0.61281	0.608763	0.720901	0.878468	1.37076	0.60285	0.545701	0.593002	0.632607	0.559011	0.554287	1.18362	0.751456	0.840139	0.603048	0.557424	0.687828	0.216423	0.906524	0.743322	1.08576	0.372462	0.556355	0.720069	0.330536	0.696919	0.873982	0.890697	
2.815	1.02753	1.1118	1.31052	1.25069	1.21305	1.07635	0.759391	0.758922	0.577299	0.59015	1.2794	1.29232	0.854827	0.95815	0.729315	0.828147	1.36679	0.654885	0.54376	0.676217	0.770611	0.641502	0.56631	0.98838	0.666718	1.27541	1.40262	0.57595	0.59278	0.599051	0.910693	0.658669	1.06964	1.30309	0.802112	0.610166	1.17562	0.758337	0.918156	0.955129	1.14729	1.19181	1.22701	1.30769	1.16031	1.07277	0.587691	0.785981	0.834535	1.24006	0.602724	0.602716	0.612746	0.608706	0.722624	0.87933	1.36816	0.60625	0.545627	0.596017	0.635474	0.558905	0.55424	1.18302	0.752785	0.839739	0.603	0.557401	0.688248	0.216537	0.910202	0.747483	1.08495	0.372559	0.556375	0.720944	0.330636	0.694663	0.872646	0.889289	
2.82	1.02573	1.10979	1.30751	1.24723	1.20992	1.0738	0.765456	0.756799	0.577219	0.590123	1.27965	1.29235	0.855387	0.959015	0.730485	0.828533	1.36173	0.658486	0.543779	0.67927	0.774656	0.647617	0.566206	0.987589	0.667863	1.27387	1.40164	0.575944	0.592742	0.59901	0.912944	0.656729	1.06783	1.30201	0.800992	0.610106	1.17586	0.75484	0.916571	0.953088	1.1461	1.19076	1.22475	1.305	1.15816	1.07065	0.587083	0.784633	0.834374	1.2399	0.602677	0.602663	0.612681	0.608648	0.724306	0.880132	1.36541	0.609612	0.545579	0.59896	0.638299	0.558779	0.554195	1.18237	0.754206	0.839339	0.602953	0.55738	0.688724	0.216651	0.914031	0.751431	1.08406	0.372655	0.556394	0.721815	0.330735	0.69263	0.871306	0.887888	
2.825	1.02405	1.10773	1.30441	1.24364	1.20669	1.07122	0.770795	0.754555	0.577151	0.590096	1.2799	1.29238	0.855998	0.959965	0.731596	0.829041	1.35682	0.661926	0.543796	0.68222	0.778496	0.653484	0.566111	0.986638	0.669045	1.27234	1.40068	0.575938	0.592704	0.598969	0.915281	0.654973	1.06595	1.30093	0.799756	0.610047	1.17609	0.751696	0.91498	0.951093	1.14488	1.18969	1.2224	1.30216	1.15592	1.06855	0.586377	0.783247	0.834234	1.23976	0.60263	0.602562	0.612617	0.608591	0.725944	0.880869	1.36252	0.612948	0.545522	0.601831	0.641096	0.558666	0.554167	1.18169	0.755724	0.83894	0.602905	0.557348	0.689257	0.216609	0.918001	0.755347	1.08307	0.372749	0.556413	0.722684	0.330835	0.69078	0.869962	0.886492	
2.83	1.02253	1.10561	1.30123	1.23993	1.20339	1.06861	0.774251	0.752379	0.577083	0.590069	1.28014	1.29241	0.856656	0.960997	0.73265	0.829491	1.35253	0.665198	0.543809	0.685072	0.782126	0.659099	0.566025	0.985587	0.670262	1.27081	1.39971	0.575932	0.592667	0.598929	0.917703	0.65315	1.06403	1.29984	0.798521	0.609987	1.17632	0.748857	0.913386	0.949137	1.14364	1.18862	1.21994	1.29917	1.15358	1.06632	0.585569	0.781708	0.83411	1.23964	0.602583	0.602433	0.612553	0.608534	0.73021	0.881537	1.35948	0.616271	0.545443	0.604626	0.643878	0.558588	0.554129	1.18097	0.757341	0.83854	0.602858	0.557315	0.689851	0.216947	0.922083	0.75997	1.082	0.372843	0.556432	0.723548	0.330934	0.689081	0.868617	0.885102	
2.835	1.0211	1.10342	1.29796	1.23609	1.19999	1.06596	0.776326	0.750169	0.577009	0.590042	1.28038	1.29243	0.85736	0.96211	0.733648	0.829856	1.34879	0.668299	0.543824	0.687831	0.785544	0.664462	0.56596	0.984581	0.67151	1.2693	1.39875	0.575926	0.592629	0.598888	0.920615	0.651134	1.06207	1.29873	0.797259	0.609928	1.17655	0.746274	0.911788	0.947218	1.14237	1.18754	1.21737	1.29603	1.15116	1.06425	0.584653	0.780077	0.834001	1.23952	0.602536	0.602313	0.612489	0.608477	0.732693	0.88213	1.35628	0.619594	0.54537	0.607346	0.646657	0.558534	0.554077	1.18022	0.75906	0.838141	0.602811	0.557294	0.690505	0.217481	0.926583	0.763276	1.08083	0.372937	0.556451	0.724409	0.331033	0.687504	0.86727	0.883718	
2.84	1.01967	1.10116	1.2946	1.23212	1.19652	1.06329	0.779015	0.747881	0.576937	0.590016	1.28062	1.29244	0.85811	0.9633	0.734593	0.830258	1.34531	0.671226	0.543844	0.690506	0.788749	0.669574	0.565921	0.983656	0.672784	1.26778	1.39779	0.57592	0.592592	0.598848	0.924309	0.649027	1.06006	1.2976	0.795896	0.609869	1.17677	0.743906	0.910188	0.945329	1.14109	1.18647	1.21471	1.29275	1.14866	1.06229	0.583625	0.778491	0.833909	1.23942	0.602489	0.602215	0.612425	0.608421	0.73368	0.882645	1.35293	0.622928	0.545323	0.609988	0.649447	0.558482	0.554032	1.17944	0.760883	0.837742	0.602764	0.557277	0.691222	0.218102	0.930794	0.765866	1.07958	0.373031	0.55647	0.725267	0.331133	0.686028	0.865923	0.88234	
2.845	1.01814	1.09883	1.29117	1.22804	1.19296	1.06059	0.783433	0.745567	0.576876	0.589989	1.28085	1.29245	0.858903	0.964563	0.735488	0.830502	1.34188	0.67398	0.543865	0.693108	0.791743	0.674443	0.565882	0.982735	0.67408	1.26626	1.39683	0.575914	0.592555	0.598807	0.92843	0.646979	1.05802	1.29646	0.794355	0.60981	1.17699	0.741716	0.908586	0.94347	1.13979	1.1854	1.21195	1.28933	1.14608	1.06022	0.582482	0.777047	0.833834	1.23934	0.602442	0.602139	0.612362	0.608364	0.7346	0.883078	1.34941	0.626285	0.545291	0.61255	0.652258	0.558438	0.554005	1.17864	0.76281	0.837344	0.602716	0.557253	0.692001	0.218834	0.935139	0.768543	1.07825	0.373125	0.556489	0.726122	0.331232	0.684635	0.864575	0.880969	
2.85	1.0165	1.09643	1.28766	1.22385	1.18932	1.05785	0.78764	0.74331	0.576817	0.589962	1.28108	1.29246	0.859737	0.965897	0.736336	0.830789	1.3384	0.676564	0.543884	0.695646	0.794533	0.679079	0.565824	0.981752	0.675395	1.26474	1.39586	0.575908	0.592517	0.598767	0.932549	0.645092	1.05596	1.29529	0.791254	0.609751	1.17721	0.739676	0.906983	0.941636	1.13848	1.18435	1.2091	1.28578	1.14342	1.05801	0.581221	0.77558	0.83378	1.23928	0.602396	0.602077	0.612298	0.608307	0.735737	0.883426	1.34572	0.629674	0.54526	0.615029	0.655101	0.55841	0.553982	1.17782	0.764841	0.836946	0.602669	0.557229	0.692843	0.219703	0.939736	0.771013	1.07683	0.373218	0.556508	0.726974	0.331331	0.683309	0.863229	0.879606	
2.855	1.01489	1.09395	1.28407	1.21955	1.1856	1.05509	0.791988	0.741189	0.576753	0.589936	1.28132	1.29246	0.86061	0.967299	0.737144	0.831083	1.33485	0.678984	0.543903	0.698133	0.797127	0.683496	0.565763	0.980783	0.676724	1.2632	1.39489	0.575902	0.59248	0.598726	0.93674	0.643296	1.05387	1.29411	0.786371	0.609692	1.17743	0.73776	0.90538	0.939826	1.13716	1.18331	1.20616	1.2821	1.1407	1.05575	0.57984	0.774651	0.833748	1.23925	0.602349	0.602023	0.612234	0.608251	0.73687	0.883685	1.34184	0.633104	0.545237	0.617423	0.657984	0.558382	0.553965	1.17699	0.766974	0.836548	0.602622	0.557214	0.693746	0.22072	0.944376	0.772537	1.07533	0.373312	0.556527	0.727826	0.331431	0.682038	0.861883	0.87825	
2.86	1.01347	1.09139	1.28041	1.21515	1.1818	1.05229	0.795878	0.739152	0.576689	0.589909	1.28155	1.29246	0.861521	0.968765	0.737915	0.831358	1.33123	0.681249	0.543926	0.700582	0.799538	0.687711	0.565717	0.979907	0.678064	1.26165	1.39391	0.575896	0.592443	0.598686	0.941029	0.641492	1.05177	1.29289	0.780231	0.609633	1.17765	0.735947	0.903778	0.938038	1.13583	1.1823	1.20313	1.27829	1.13791	1.05345	0.578337	0.776322	0.833741	1.23925	0.602303	0.601974	0.612171	0.608194	0.737907	0.883854	1.3378	0.636581	0.545229	0.619729	0.660914	0.558341	0.553958	1.17615	0.769206	0.83615	0.602575	0.557196	0.694709	0.221895	0.94892	0.772879	1.07376	0.373406	0.556546	0.728679	0.33153	0.680813	0.860539	0.876902	
2.865	1.01213	1.08875	1.27668	1.21065	1.17792	1.04945	0.797948	0.737098	0.576636	0.589882	1.28178	1.29245	0.862466	0.970292	0.738655	0.831851	1.32754	0.683369	0.544207	0.703006	0.801781	0.691746	0.565681	0.979002	0.679414	1.26008	1.39291	0.575891	0.592406	0.598646	0.945641	0.63966	1.04965	1.29164	0.776355	0.609574	1.17787	0.734221	0.902176	0.936269	1.13451	1.1813	1.20003	1.27437	1.13506	1.05106	0.576712	0.77905	0.833757	1.23926	0.602256	0.601926	0.612108	0.608138	0.738871	0.883931	1.33357	0.640106	0.545224	0.621946	0.663894	0.558301	0.553951	1.17531	0.771533	0.835752	0.602529	0.55717	0.695729	0.223235	0.953354	0.772352	1.07213	0.3735	0.556565	0.729535	0.331629	0.679626	0.859198	0.875562	
2.87	1.01085	1.08602	1.27287	1.20605	1.17397	1.04659	0.799159	0.734932	0.576575	0.589856	1.28202	1.29244	0.863444	0.971875	0.739368	0.832412	1.32379	0.685358	0.545786	0.705418	0.803874	0.695624	0.565649	0.978049	0.680771	1.25849	1.3919	0.575885	0.592369	0.598606	0.950347	0.637844	1.04753	1.29037	0.778029	0.609516	1.17809	0.732566	0.900574	0.934518	1.13318	1.18034	1.19687	1.27034	1.13216	1.04857	0.574968	0.781704	0.833792	1.2393	0.60221	0.601879	0.612045	0.608082	0.739783	0.883917	1.32919	0.643681	0.545538	0.624069	0.666924	0.558275	0.553936	1.17448	0.773949	0.835355	0.602482	0.557145	0.696803	0.22475	0.957685	0.771486	1.07044	0.373594	0.556584	0.730397	0.331729	0.678469	0.857858	0.874231	
2.875	1.00969	1.08321	1.269	1.20137	1.16993	1.04369	0.800914	0.732644	0.576498	0.589829	1.28225	1.29243	0.864451	0.973512	0.74006	0.832835	1.31998	0.687231	0.547867	0.707829	0.805837	0.699371	0.565623	0.977132	0.682135	1.25687	1.39087	0.575879	0.592332	0.598566	0.955009	0.636093	1.0454	1.28905	0.785936	0.609457	1.17831	0.730971	0.898973	0.932783	1.13185	1.17939	1.19363	1.2662	1.12921	1.04597	0.573107	0.784265	0.833849	1.23935	0.602164	0.601833	0.611982	0.608026	0.740637	0.883812	1.32464	0.647303	0.54775	0.626099	0.670005	0.558252	0.553923	1.17366	0.776447	0.834958	0.602435	0.557131	0.697927	0.226446	0.961945	0.770736	1.0687	0.373687	0.556603	0.731267	0.331828	0.677338	0.856521	0.872908	
2.88	1.00869	1.08032	1.26505	1.19659	1.16581	1.04076	0.803781	0.730298	0.576419	0.5898	1.28249	1.29241	0.865486	0.975199	0.740733	0.833086	1.31611	0.689005	0.549852	0.71025	0.807692	0.703013	0.565606	0.976315	0.683508	1.25521	1.38982	0.575873	0.592295	0.598526	0.959696	0.634362	1.04328	1.28769	0.797639	0.609399	1.17854	0.729423	0.897372	0.931063	1.13053	1.17848	1.19035	1.26196	1.12621	1.04333	0.571132	0.786881	0.833932	1.23943	0.602118	0.601787	0.611919	0.607969	0.741427	0.883617	1.31993	0.650967	0.550866	0.628033	0.673131	0.558221	0.553918	1.17286	0.779022	0.834562	0.602389	0.55712	0.699098	0.228327	0.966175	0.769167	1.06692	0.373781	0.556622	0.732148	0.331927	0.676227	0.855185	0.871593	
2.885	1.0077	1.07735	1.26103	1.19173	1.16161	1.0378	0.807236	0.728028	0.576349	0.589765	1.28274	1.29238	0.866546	0.976933	0.741391	0.833213	1.31217	0.690698	0.551733	0.71269	0.809462	0.706578	0.565597	0.975472	0.68489	1.25352	1.38875	0.575867	0.592258	0.598486	0.964256	0.632553	1.04115	1.28629	0.810349	0.609341	1.17877	0.727915	0.895771	0.929355	1.12921	1.17759	1.187	1.25763	1.12318	1.04071	0.569804	0.789557	0.834041	1.23953	0.602072	0.601742	0.611856	0.607914	0.742152	0.883336	1.31509	0.654666	0.553912	0.629871	0.676297	0.558191	0.553906	1.17207	0.781665	0.834165	0.602342	0.557108	0.70031	0.230395	0.970401	0.767132	1.06511	0.373875	0.556641	0.733043	0.332027	0.675131	0.853851	0.870286	
2.89	1.00661	1.07429	1.25693	1.18678	1.15733	1.0349	0.810202	0.725962	0.576288	0.589722	1.28298	1.29235	0.867629	0.97871	0.742035	0.833253	1.30816	0.692329	0.553601	0.715155	0.811172	0.710093	0.56556	0.974569	0.686285	1.25179	1.38765	0.575861	0.592221	0.598446	0.968562	0.630515	1.03903	1.28484	0.822661	0.609283	1.179	0.726438	0.894169	0.927659	1.12788	1.17671	1.1836	1.2532	1.12011	1.03809	0.570222	0.792267	0.834181	1.23966	0.602026	0.601696	0.611793	0.607858	0.742812	0.882973	1.31011	0.658388	0.556769	0.631612	0.679494	0.558672	0.553883	1.17131	0.784369	0.833769	0.602296	0.557098	0.70156	0.232651	0.974642	0.765257	1.06327	0.373969	0.55666	0.733957	0.332126	0.674048	0.852518	0.868986	
2.895	1.00551	1.07117	1.25275	1.18174	1.15297	1.03227	0.811858	0.724979	0.576228	0.589676	1.28323	1.29232	0.868732	0.980529	0.742666	0.833224	1.30408	0.693916	0.555474	0.717649	0.812844	0.713585	0.565506	0.973684	0.687699	1.25001	1.38652	0.575855	0.592225	0.598406	0.97258	0.628177	1.03692	1.28334	0.834356	0.609225	1.17923	0.724986	0.892564	0.92597	1.12655	1.17585	1.18016	1.24869	1.117	1.03542	0.571083	0.795008	0.834355	1.23982	0.60198	0.601651	0.611731	0.607802	0.743407	0.882535	1.30499	0.662125	0.559557	0.633259	0.682713	0.562618	0.553863	1.17057	0.787126	0.833373	0.602249	0.557095	0.702842	0.235091	0.978616	0.761688	1.06141	0.374062	0.556679	0.734892	0.332225	0.672974	0.851185	0.867692	
2.9	1.00452	1.06798	1.24849	1.1766	1.14852	1.02996	0.812045	0.726736	0.576175	0.589634	1.28349	1.29228	0.869854	0.982386	0.743283	0.833136	1.29992	0.695478	0.557346	0.720173	0.814505	0.717079	0.56546	0.972885	0.689136	1.24819	1.38537	0.575849	0.592522	0.598366	0.976221	0.625729	1.03481	1.28178	0.84564	0.609167	1.17947	0.72355	0.890954	0.924289	1.12521	1.17501	1.17668	1.24409	1.11385	1.03271	0.57094	0.797785	0.834567	1.24001	0.601934	0.601605	0.611668	0.607746	0.743938	0.882036	1.29976	0.665862	0.5623	0.634812	0.685943	0.567503	0.553855	1.16986	0.789929	0.832978	0.602203	0.557097	0.704153	0.237712	0.982449	0.757196	1.05954	0.374156	0.556698	0.735852	0.332324	0.671905	0.84985	0.866402	
2.905	1.00351	1.06473	1.24414	1.17137	1.14399	1.0279	0.811158	0.729481	0.576131	0.589587	1.28374	1.29223	0.870992	0.984278	0.743882	0.832998	1.29569	0.697033	0.559224	0.722726	0.816176	0.7206	0.565424	0.972047	0.690604	1.24633	1.38419	0.575843	0.593016	0.598326	0.979283	0.6234	1.03271	1.28016	0.85671	0.609109	1.17972	0.722127	0.889339	0.922611	1.12386	1.17416	1.17315	1.2394	1.11067	1.02999	0.569658	0.800602	0.834817	1.24023	0.601888	0.60156	0.611606	0.60769	0.744406	0.881508	1.29441	0.669588	0.564973	0.636277	0.689173	0.572129	0.553852	1.16918	0.792769	0.832583	0.602157	0.5571	0.705486	0.240509	0.985999	0.753047	1.05767	0.37425	0.556717	0.736841	0.332424	0.670837	0.848511	0.865114	
2.91	1.00249	1.06144	1.23971	1.16603	1.13937	1.02606	0.809768	0.732126	0.576093	0.589537	1.284	1.29218	0.872144	0.986205	0.744462	0.832812	1.29136	0.698599	0.561114	0.725302	0.81788	0.724167	0.565395	0.971152	0.692111	1.24442	1.38297	0.575837	0.593553	0.598287	0.982213	0.621236	1.03062	1.27847	0.867672	0.609051	1.17996	0.720709	0.887716	0.920934	1.12248	1.17331	1.16958	1.23464	1.10745	1.02726	0.567802	0.803457	0.835107	1.24049	0.601842	0.601515	0.611543	0.607632	0.744812	0.881035	1.28895	0.673288	0.567563	0.637656	0.692392	0.576636	0.553847	1.16852	0.79564	0.832188	0.60211	0.557099	0.706839	0.243475	0.989431	0.749887	1.0558	0.374344	0.556735	0.737863	0.332523	0.669768	0.847168	0.863828	
2.915	1.00154	1.05812	1.23518	1.16059	1.13468	1.02439	0.808487	0.734695	0.576055	0.589488	1.28426	1.29211	0.873309	0.988165	0.745015	0.83258	1.28693	0.700191	0.563023	0.727896	0.819638	0.7278	0.565367	0.970282	0.693665	1.24246	1.38173	0.575832	0.594094	0.598247	0.985104	0.619148	1.02857	1.27672	0.878579	0.608993	1.1802	0.719292	0.886082	0.919255	1.12109	1.17245	1.16597	1.2298	1.10418	1.02454	0.565531	0.80635	0.835443	1.2408	0.601797	0.60147	0.611481	0.607571	0.745158	0.880604	1.28339	0.676951	0.57007	0.638956	0.69559	0.581129	0.553844	1.16789	0.798535	0.831793	0.602064	0.557101	0.708206	0.246604	0.99288	0.747755	1.05394	0.374437	0.556754	0.738921	0.332622	0.668693	0.845817	0.862539	
2.92	1.00071	1.05478	1.23057	1.15504	1.1299	1.02287	0.807514	0.737341	0.576019	0.589444	1.28452	1.29203	0.874484	0.990154	0.745537	0.832298	1.28241	0.701823	0.564952	0.730497	0.821467	0.731511	0.565346	0.9695	0.695275	1.24046	1.38045	0.575826	0.59466	0.598208	0.988099	0.617034	1.0266	1.27488	0.889477	0.608936	1.18044	0.717871	0.884436	0.917572	1.11966	1.17157	1.16231	1.22488	1.10088	1.02185	0.562618	0.809283	0.835826	1.24115	0.601751	0.601425	0.611419	0.607498	0.745445	0.879215	1.27773	0.680566	0.572497	0.640183	0.698758	0.585569	0.553847	1.16729	0.801449	0.831399	0.602018	0.557106	0.709584	0.249879	0.996264	0.746405	1.05208	0.374531	0.556773	0.740018	0.332721	0.667611	0.844456	0.861247	
2.925	0.99986	1.05145	1.22587	1.14937	1.12505	1.02146	0.806804	0.740064	0.57599	0.589405	1.28478	1.29194	0.875668	0.992172	0.746018	0.831743	1.27777	0.703506	0.5669	0.733094	0.823382	0.735312	0.565333	0.968682	0.696951	1.23842	1.37915	0.57582	0.595267	0.598168	0.991125	0.614892	1.02482	1.27296	0.900406	0.608878	1.18068	0.716442	0.882773	0.915881	1.11819	1.17066	1.1586	1.21989	1.09752	1.01919	0.559073	0.812255	0.836253	1.24155	0.601706	0.60138	0.611357	0.607416	0.745677	0.877496	1.27197	0.684122	0.574845	0.641344	0.701888	0.589934	0.553854	1.1667	0.804378	0.831005	0.601973	0.557103	0.710971	0.253267	0.999493	0.744917	1.05024	0.374625	0.556792	0.741157	0.33282	0.666513	0.843082	0.859947	
2.93	0.998899	1.04813	1.22108	1.14359	1.12013	1.02017	0.806224	0.742842	0.575963	0.589369	1.28503	1.29183	0.876859	0.994218	0.746452	0.830737	1.273	0.70525	0.568864	0.735672	0.825396	0.739207	0.565325	0.967726	0.6987	1.23635	1.37782	0.575814	0.595921	0.598129	0.993973	0.612771	1.02324	1.27096	0.911399	0.608821	1.18091	0.714997	0.881091	0.914179	1.11668	1.16972	1.15485	1.21482	1.09411	1.01656	0.555138	0.815267	0.836743	1.242	0.60166	0.601335	0.611295	0.607335	0.745856	0.876291	1.26611	0.687614	0.577114	0.642448	0.704975	0.594225	0.553864	1.16614	0.807317	0.830611	0.601927	0.557085	0.712362	0.256734	1.00285	0.742892	1.04842	0.374718	0.55681	0.742342	0.332919	0.665391	0.841693	0.858637	
2.935	0.997914	1.04485	1.21621	1.13768	1.11514	1.01896	0.805707	0.745674	0.575937	0.589336	1.28528	1.29171	0.878055	0.996289	0.74683	0.829814	1.26809	0.70706	0.57084	0.738216	0.827517	0.7432	0.565318	0.966732	0.700531	1.23425	1.37647	0.575808	0.596623	0.598089	0.996937	0.610735	1.02166	1.26887	0.922476	0.608764	1.18113	0.713527	0.879387	0.912461	1.11512	1.16873	1.15104	1.20967	1.09064	1.01395	0.551086	0.818319	0.837307	1.24253	0.601615	0.60129	0.611234	0.607252	0.745983	0.875461	1.26016	0.691035	0.57931	0.643501	0.708014	0.598443	0.553876	1.16559	0.810265	0.830217	0.601881	0.557065	0.713695	0.260261	1.00633	0.740445	1.04661	0.374812	0.556829	0.743575	0.333019	0.6643	0.840285	0.857314	
2.94	0.99701	1.04164	1.21125	1.13166	1.11009	1.01785	0.805229	0.748568	0.575911	0.589306	1.28552	1.29156	0.879253	0.998384	0.747141	0.828895	1.26304	0.70894	0.572821	0.74071	0.829751	0.747288	0.565313	0.965816	0.702452	1.23212	1.3751	0.575802	0.597381	0.59805	1.00005	0.608853	1.01988	1.26667	0.933648	0.608707	1.18134	0.712019	0.877657	0.910725	1.1135	1.16769	1.14653	1.20444	1.08711	1.01133	0.547099	0.82141	0.837949	1.24314	0.60157	0.601246	0.611172	0.60717	0.746061	0.87468	1.25412	0.694382	0.581437	0.644514	0.711005	0.60259	0.553892	1.16506	0.813218	0.829824	0.601835	0.557053	0.715053	0.26383	1.00971	0.737884	1.04403	0.374905	0.556848	0.744857	0.333118	0.663789	0.838853	0.855972	
2.945	0.996178	1.03852	1.20622	1.12551	1.10499	1.0168	0.804783	0.751528	0.57589	0.589277	1.28575	1.29138	0.880452	1.0005	0.747378	0.828002	1.25784	0.710892	0.5748	0.743138	0.832101	0.751468	0.565624	0.965025	0.70447	1.22998	1.37371	0.575797	0.598199	0.597965	1.00337	0.607207	1.01794	1.26438	0.944918	0.60865	1.18154	0.711055	0.875897	0.908966	1.11183	1.16659	1.14219	1.19912	1.08352	1.00871	0.543262	0.824541	0.838675	1.24384	0.601524	0.601201	0.61111	0.607093	0.746093	0.87398	1.24798	0.697655	0.5835	0.645493	0.713948	0.606669	0.553907	1.16453	0.816177	0.829431	0.60179	0.557053	0.716456	0.267427	1.01303	0.735526	1.03717	0.374999	0.556866	0.746192	0.333217	0.664011	0.837395	0.85461	
2.95	0.995407	1.03554	1.19997	1.11924	1.09986	1.01582	0.804364	0.754552	0.575871	0.589249	1.28596	1.29118	0.881649	1.00263	0.747533	0.826665	1.2525	0.712915	0.576767	0.745482	0.834569	0.755732	0.569678	0.964352	0.70659	1.22782	1.37231	0.575791	0.599083	0.597735	1.00627	0.605845	1.01603	1.26197	0.956284	0.608593	1.18171	0.71138	0.874103	0.907179	1.11008	1.16544	1.1382	1.19372	1.07985	1.00606	0.539597	0.82771	0.839491	1.24465	0.601479	0.601151	0.611049	0.607022	0.74608	0.873387	1.24174	0.700854	0.585506	0.646446	0.716844	0.610686	0.553919	1.16402	0.819139	0.829038	0.601744	0.557056	0.717873	0.271035	1.01614	0.73364	1.02843	0.375093	0.556885	0.747579	0.333316	0.664668	0.835906	0.853218	
2.955	0.994706	1.03284	1.19325	1.11286	1.09468	1.01489	0.803964	0.757642	0.575855	0.589222	1.28615	1.29096	0.882841	1.00477	0.747597	0.824516	1.247	0.71501	0.578714	0.747727	0.837154	0.760071	0.576155	0.963764	0.708816	1.22567	1.37089	0.575785	0.600037	0.597309	1.00927	0.604775	1.01426	1.25945	0.967737	0.608536	1.18185	0.712757	0.872271	0.905361	1.10827	1.16422	1.13428	1.18824	1.0761	1.00338	0.536092	0.830916	0.840402	1.24557	0.601434	0.601098	0.610988	0.606945	0.746024	0.872162	1.2354	0.703982	0.587461	0.647381	0.719695	0.614645	0.553929	1.16351	0.822105	0.828646	0.601699	0.557062	0.719285	0.274638	1.01935	0.73229	1.02015	0.375186	0.556903	0.74902	0.333415	0.665404	0.834381	0.851786	
2.96	0.994075	1.03046	1.18673	1.10637	1.08949	1.01402	0.803576	0.760797	0.57584	0.589196	1.28633	1.29069	0.884027	1.0069	0.747565	0.82244	1.24134	0.717172	0.580633	0.749858	0.839853	0.764478	0.582866	0.963232	0.711151	1.22352	1.36947	0.575779	0.601063	0.596724	1.01264	0.603966	1.01271	1.25681	0.979266	0.608479	1.18197	0.714285	0.870396	0.903506	1.10638	1.16293	1.13039	1.18267	1.07227	1.00065	0.532722	0.834158	0.841417	1.24661	0.601389	0.601045	0.610927	0.606863	0.745926	0.87001	1.22897	0.707042	0.589372	0.648305	0.722507	0.618553	0.553942	1.163	0.825073	0.828254	0.601653	0.557071	0.720687	0.27822	1.02279	0.731379	1.01331	0.37528	0.556922	0.750516	0.333514	0.666015	0.832815	0.850298	
2.965	0.99349	1.02832	1.18035	1.09977	1.08379	1.01319	0.803195	0.764018	0.575827	0.58917	1.28648	1.2904	0.885204	1.00902	0.747431	0.819835	1.23551	0.719399	0.582514	0.751861	0.842665	0.76894	0.58922	0.962733	0.713597	1.22138	1.36805	0.575773	0.602165	0.596139	1.01571	0.603379	1.01139	1.25404	0.990857	0.608422	1.18206	0.71633	0.868473	0.901639	1.10441	1.16157	1.12643	1.177	1.06837	0.99789	0.529459	0.837435	0.842544	1.24779	0.601344	0.600995	0.610865	0.60678	0.745788	0.86796	1.22242	0.710038	0.591247	0.649224	0.725283	0.622419	0.553958	1.1625	0.828044	0.827862	0.601608	0.557083	0.722082	0.281769	1.02652	0.730761	1.00739	0.375373	0.55694	0.752067	0.333613	0.667353	0.831205	0.848739	
2.97	0.992935	1.02634	1.17406	1.09307	1.07781	1.01241	0.80282	0.767304	0.575816	0.589144	1.28661	1.29006	0.886368	1.01112	0.747196	0.816956	1.22953	0.721686	0.584349	0.753723	0.845584	0.773447	0.595412	0.962255	0.716155	1.21926	1.36663	0.575768	0.603342	0.595679	1.01876	0.602971	1.01028	1.25114	1.00249	0.608366	1.18211	0.718712	0.866499	0.899732	1.10237	1.16013	1.12233	1.17125	1.06439	0.99508	0.526277	0.840744	0.843786	1.24914	0.6013	0.600947	0.610804	0.606704	0.74561	0.866541	1.21578	0.712976	0.593091	0.650143	0.72803	0.62625	0.553977	1.162	0.831017	0.82747	0.601563	0.557098	0.723469	0.285271	1.03056	0.73031	1.00215	0.375467	0.556959	0.753672	0.333712	0.670917	0.83003	0.847934	
2.975	0.992407	1.02452	1.16792	1.08629	1.07188	1.01166	0.802447	0.770652	0.575807	0.589119	1.28671	1.28968	0.887517	1.01321	0.746863	0.814086	1.22339	0.724028	0.586131	0.755436	0.848604	0.777988	0.601555	0.961788	0.718823	1.21718	1.36521	0.575762	0.604596	0.595253	1.02199	0.602692	1.00936	1.2481	1.01401	0.608309	1.18211	0.720783	0.864471	0.897743	1.10026	1.15863	1.11809	1.1654	1.06033	0.992256	0.523153	0.844082	0.84515	1.25067	0.601255	0.600902	0.610744	0.606634	0.745393	0.865443	1.20903	0.715864	0.594912	0.651068	0.730754	0.630053	0.553997	1.16151	0.833991	0.827079	0.601518	0.557115	0.724849	0.288713	1.03488	0.729947	0.998528	0.37556	0.556977	0.755332	0.333811	0.675499	0.828995	0.847457	
2.98	0.9919	1.02286	1.162	1.07944	1.06609	1.01094	0.802076	0.774062	0.575799	0.589093	1.28677	1.28927	0.888647	1.01528	0.74646	0.811367	1.2171	0.726421	0.587854	0.75699	0.851721	0.782552	0.607604	0.961328	0.721597	1.21513	1.3638	0.575756	0.605925	0.594799	1.02554	0.602502	1.00857	1.24491	1.02525	0.608253	1.18208	0.723025	0.86271	0.896243	1.09807	1.15705	1.11373	1.15946	1.05619	0.989464	0.520066	0.847447	0.846645	1.25242	0.60121	0.600857	0.610683	0.606569	0.745135	0.864547	1.20219	0.718707	0.596716	0.652001	0.733461	0.633837	0.554019	1.16101	0.836964	0.826688	0.601473	0.557133	0.726221	0.292083	1.03945	0.729627	0.995883	0.375654	0.556996	0.757044	0.33391	0.679969	0.827993	0.847267	
2.985	0.991411	1.02136	1.15627	1.07256	1.06048	1.01025	0.801707	0.777531	0.575792	0.589068	1.2868	1.2888	0.889755	1.01733	0.746099	0.808785	1.21065	0.728859	0.589512	0.758379	0.854928	0.787129	0.613508	0.960872	0.724474	1.21313	1.36241	0.57575	0.607328	0.594348	1.02949	0.602369	1.00787	1.24158	1.03611	0.608197	1.18199	0.725676	0.861447	0.895662	1.0958	1.15541	1.10928	1.15344	1.05199	0.986693	0.517	0.850835	0.84829	1.25441	0.601166	0.600812	0.610622	0.606509	0.744838	0.86383	1.19524	0.721512	0.59851	0.652948	0.736158	0.63761	0.55404	1.16053	0.839936	0.826298	0.601427	0.557151	0.727584	0.295366	1.04418	0.729328	0.99375	0.375747	0.557014	0.758808	0.334009	0.683563	0.826935	0.847255	
2.99	0.990933	1.01997	1.15073	1.0657	1.05506	1.00959	0.801339	0.781056	0.575785	0.589043	1.2868	1.28829	0.890838	1.01935	0.745779	0.80632	1.20406	0.731338	0.591101	0.759601	0.858217	0.79171	0.619251	0.960419	0.727448	1.21118	1.36104	0.575745	0.6088	0.593957	1.03381	0.602271	1.00723	1.2381	1.04658	0.60814	1.18185	0.727863	0.860214	0.895378	1.09346	1.15369	1.10475	1.14733	1.04774	0.983893	0.513944	0.854242	0.850095	1.2567	0.601121	0.600768	0.610562	0.606452	0.744503	0.863106	1.18819	0.724289	0.600301	0.653911	0.738852	0.641379	0.554062	1.16004	0.842904	0.825907	0.601383	0.557169	0.728939	0.298548	1.04905	0.729039	0.991987	0.375841	0.557033	0.760622	0.334108	0.685936	0.825986	0.847462	
2.995	0.990464	1.01864	1.14534	1.05901	1.04983	1.00895	0.800971	0.784634	0.575779	0.589018	1.28675	1.28772	0.891892	1.02135	0.745208	0.803908	1.19734	0.733851	0.592618	0.760652	0.861583	0.796285	0.624832	0.959967	0.730513	1.20928	1.35968	0.575739	0.610321	0.593662	1.0384	0.602194	1.00664	1.23446	1.0567	0.608084	1.18166	0.729136	0.858906	0.895064	1.09104	1.15191	1.10015	1.14114	1.04364	0.981039	0.510889	0.857664	0.852071	1.25936	0.601077	0.600724	0.610501	0.606396	0.744134	0.861952	1.18106	0.727044	0.602093	0.654892	0.741549	0.645152	0.554084	1.15957	0.845867	0.825517	0.601338	0.557187	0.730283	0.301617	1.054	0.728755	0.990718	0.375934	0.557051	0.762486	0.334207	0.687025	0.825117	0.847702	
3	0.989999	1.0174	1.14006	1.05296	1.04471	1.00834	0.800603	0.788262	0.575773	0.588992	1.28666	1.28711	0.892913	1.02331	0.74429	0.801704	1.19048	0.736394	0.594061	0.760898	0.865019	0.800848	0.630245	0.959515	0.73366	1.20744	1.35834	0.575733	0.611705	0.593429	1.04318	0.60213	1.00607	1.23068	1.0665	0.608028	1.1814	0.729409	0.857559	0.894644	1.08856	1.15007	1.09549	1.13488	1.03994	0.978152	0.507829	0.861097	0.854239	1.26253	0.601032	0.60068	0.610441	0.606342	0.743736	0.860246	1.17383	0.729785	0.603894	0.655894	0.744256	0.648934	0.554106	1.15911	0.848821	0.825127	0.601293	0.557206	0.731617	0.304557	1.05901	0.728474	0.989713	0.376028	0.55707	0.764396	0.334306	0.686973	0.824356	0.847923	
3.005	0.989537	1.01627	1.13477	1.0478	1.03948	1.00775	0.800236	0.791936	0.575767	0.588967	1.28653	1.28645	0.893899	1.02524	0.743265	0.799967	1.18352	0.738963	0.595429	0.759996	0.868519	0.805392	0.635484	0.959065	0.73688	1.20567	1.35703	0.575727	0.612942	0.593215	1.04807	0.602074	1.00553	1.22673	1.07601	0.607973	1.18109	0.728867	0.856311	0.894268	1.08602	1.14817	1.09079	1.12855	1.03672	0.975269	0.504761	0.864535	0.856632	1.26642	0.600988	0.600636	0.610381	0.606288	0.743318	0.85838	1.16653	0.73252	0.605709	0.65692	0.746979	0.652733	0.554128	1.15866	0.851763	0.824738	0.601248	0.557224	0.732937	0.307353	1.06406	0.728195	0.988808	0.376121	0.557088	0.766353	0.334405	0.685861	0.823536	0.847974	
3.01	0.989077	1.01522	1.12943	1.04348	1.03415	1.00717	0.79987	0.795651	0.575761	0.588942	1.28635	1.28573	0.894845	1.02713	0.742363	0.798555	1.17644	0.741555	0.596724	0.758351	0.872077	0.809912	0.640549	0.958615	0.740165	1.20396	1.35575	0.575722	0.614147	0.593013	1.05304	0.602022	1.005	1.22264	1.08524	0.607917	1.18071	0.727489	0.85501	0.893777	1.08341	1.14621	1.08603	1.12217	1.03391	0.972385	0.501685	0.867974	0.859288	1.27175	0.600944	0.600593	0.61032	0.606234	0.742911	0.856719	1.15915	0.735256	0.607542	0.657813	0.749724	0.656554	0.554147	1.15822	0.854689	0.824349	0.601204	0.557242	0.734242	0.309987	1.06914	0.727916	0.987917	0.376215	0.557106	0.768353	0.334504	0.68389	0.822653	0.847844	
3.015	0.988618	1.01426	1.12407	1.03981	1.02885	1.00661	0.799504	0.799404	0.575755	0.588917	1.28613	1.28495	0.895748	1.02898	0.741538	0.797248	1.16927	0.744166	0.597948	0.756547	0.875689	0.814406	0.64544	0.958165	0.743504	1.20232	1.35449	0.575716	0.615387	0.592837	1.05805	0.601973	1.00449	1.21839	1.09419	0.607861	1.18027	0.725384	0.853633	0.893103	1.08075	1.14419	1.08125	1.11573	1.03145	0.96943	0.498601	0.87141	0.862261	1.27905	0.6009	0.600549	0.61026	0.606181	0.742566	0.855265	1.15171	0.737999	0.609399	0.658484	0.752494	0.6604	0.554162	1.1578	0.857595	0.82396	0.601159	0.557261	0.735529	0.312442	1.07423	0.727639	0.987127	0.376308	0.557125	0.770394	0.334603	0.681259	0.821658	0.847416	
3.02	0.988159	1.01338	1.11874	1.03665	1.02367	1.00606	0.799138	0.80319	0.575749	0.588892	1.28586	1.28413	0.896604	1.03078	0.740704	0.795809	1.16202	0.746793	0.599104	0.754991	0.879348	0.81887	0.650162	0.957715	0.746887	1.20074	1.35326	0.57571	0.616708	0.592697	1.0631	0.601925	1.00399	1.214	1.10288	0.607805	1.17976	0.722582	0.852113	0.892119	1.07803	1.14213	1.07644	1.10926	1.02927	0.966346	0.495511	0.874838	0.865622	1.28711	0.600856	0.600506	0.6102	0.606128	0.74226	0.853935	1.14421	0.740756	0.611284	0.659046	0.755295	0.664277	0.554176	1.1574	0.860477	0.823571	0.601115	0.557279	0.736797	0.314701	1.07932	0.727362	0.986507	0.376402	0.557143	0.772475	0.334702	0.678192	0.820584	0.846674	
3.025	0.987701	1.01255	1.11352	1.03388	1.01869	1.00553	0.798773	0.807005	0.575743	0.588867	1.28555	1.28324	0.897411	1.03253	0.739876	0.79403	1.1547	0.749435	0.600196	0.753799	0.883053	0.823304	0.65472	0.957265	0.750304	1.19924	1.35205	0.575705	0.618152	0.592575	1.06817	0.601879	1.0035	1.20946	1.11131	0.60775	1.17919	0.719218	0.850466	0.890806	1.07526	1.14002	1.07161	1.10277	1.0273	0.963138	0.492416	0.878251	0.869494	1.29404	0.600812	0.600462	0.610141	0.606075	0.741587	0.852684	1.13667	0.743531	0.613201	0.659529	0.75813	0.668187	0.554192	1.15703	0.86333	0.823183	0.60107	0.557297	0.738043	0.316749	1.0844	0.727085	0.986137	0.376495	0.557161	0.774593	0.334801	0.674807	0.819351	0.845532	
3.03	0.987243	1.01178	1.10847	1.03143	1.01395	1.00501	0.798407	0.810844	0.575737	0.588842	1.28518	1.28231	0.898164	1.03423	0.739138	0.792047	1.14732	0.752091	0.601228	0.752924	0.886798	0.827708	0.659122	0.956816	0.753744	1.1978	1.35088	0.575699	0.61974	0.59245	1.07339	0.601833	1.00301	1.20479	1.11949	0.607695	1.17855	0.7154	0.848643	0.889115	1.07245	1.13786	1.06677	1.09626	1.02552	0.959846	0.48932	0.881646	0.874065	1.29898	0.600768	0.600419	0.610081	0.606022	0.740487	0.851572	1.12909	0.746329	0.615155	0.659997	0.761	0.672133	0.55421	1.15667	0.866149	0.822795	0.601026	0.557315	0.739264	0.31857	1.08946	0.726809	0.986006	0.376588	0.557179	0.776746	0.3349	0.671195	0.817924	0.844022	
3.035	0.986786	1.01104	1.10364	1.02924	1.00948	1.0045	0.798043	0.814702	0.575732	0.588817	1.28477	1.28132	0.898863	1.03587	0.738538	0.79004	1.13989	0.754758	0.602206	0.752301	0.890581	0.832081	0.663376	0.956367	0.757197	1.19643	1.34973	0.575693	0.62148	0.592329	1.07885	0.601787	1.00254	1.19998	1.12742	0.607639	1.17784	0.711256	0.846664	0.887091	1.06959	1.13566	1.06194	1.08974	1.0239	0.956518	0.486225	0.885018	0.879661	1.30211	0.600724	0.600375	0.610021	0.605969	0.739514	0.850659	1.1215	0.749154	0.617147	0.660482	0.763907	0.676115	0.55423	1.15634	0.868931	0.822407	0.600981	0.557333	0.740021	0.320152	1.0945	0.726533	0.986072	0.376682	0.557198	0.778932	0.334999	0.667435	0.816195	0.842111	
3.04	0.986328	1.01034	1.09903	1.02727	1.00528	1.004	0.797678	0.818575	0.575726	0.588792	1.28432	1.28028	0.899504	1.03745	0.738026	0.788128	1.13243	0.757437	0.603134	0.751885	0.894397	0.836426	0.667493	0.955918	0.760654	1.19512	1.34861	0.575688	0.62336	0.592229	1.08453	0.601742	1.00206	1.19505	1.1351	0.607584	1.17708	0.706846	0.844468	0.88472	1.0667	1.13341	1.05713	1.08324	1.02242	0.953201	0.483136	0.888361	0.887275	1.30405	0.60068	0.600332	0.609962	0.605917	0.738865	0.849608	1.11389	0.752009	0.61918	0.660899	0.766853	0.680133	0.554251	1.15604	0.871669	0.82202	0.600937	0.557352	0.74009	0.321484	1.09951	0.726258	0.986097	0.376775	0.557216	0.781146	0.335098	0.663669	0.814087	0.839804	
3.045	0.985871	1.00968	1.0946	1.02549	1.0013	1.0035	0.797314	0.822457	0.57572	0.588767	1.28382	1.27918	0.900085	1.03897	0.73755	0.786242	1.12495	0.760125	0.604018	0.75164	0.898243	0.840742	0.671482	0.955469	0.764106	1.19387	1.34751	0.575682	0.625341	0.592154	1.09034	0.601697	1.0016	1.19	1.14255	0.607529	1.17624	0.702219	0.842016	0.882018	1.06377	1.13113	1.05235	1.07677	1.02105	0.949923	0.480055	0.891672	0.90186	1.30535	0.600636	0.600289	0.609902	0.605864	0.738357	0.848437	1.10628	0.754895	0.621257	0.661281	0.769837	0.684189	0.554272	1.15576	0.874362	0.821633	0.600893	0.55737	0.739693	0.322562	1.10448	0.725983	0.986011	0.376869	0.557234	0.783387	0.335196	0.660424	0.811578	0.837142	
3.05	0.985414	1.00904	1.09028	1.02387	0.997475	1.00302	0.796951	0.826343	0.575714	0.588743	1.28327	1.27804	0.900606	1.04041	0.737106	0.784288	1.11745	0.762821	0.604864	0.751507	0.902116	0.845031	0.675353	0.95502	0.767545	1.19268	1.34643	0.575676	0.627371	0.592099	1.0961	0.601651	1.00113	1.18484	1.14976	0.607474	1.17534	0.697405	0.839221	0.878947	1.06081	1.12881	1.04766	1.07036	1.01979	0.946693	0.476988	0.894946	0.922131	1.30633	0.600593	0.600246	0.609843	0.605812	0.737856	0.84732	1.09869	0.757812	0.623377	0.661754	0.772857	0.688279	0.554294	1.1555	0.877004	0.821246	0.600849	0.557388	0.739117	0.323384	1.1094	0.725709	0.985907	0.376962	0.557252	0.785652	0.335295	0.65803	0.808686	0.834152	
3.055	0.984958	1.00842	1.08602	1.02238	0.993743	1.00254	0.796587	0.830231	0.575708	0.588718	1.28268	1.27685	0.901063	1.04179	0.736707	0.782176	1.10998	0.765525	0.605677	0.751434	0.906013	0.849294	0.679117	0.954571	0.770962	1.19155	1.34538	0.575671	0.629397	0.592056	1.10172	0.601606	1.00067	1.17957	1.15675	0.607419	1.17439	0.692428	0.836078	0.875547	1.05782	1.12646	1.0434	1.06404	1.01862	0.943521	0.473939	0.89818	0.94339	1.30713	0.600549	0.600203	0.609784	0.60576	0.737392	0.846386	1.09113	0.760761	0.625541	0.662349	0.775913	0.692402	0.554315	1.15527	0.879592	0.820859	0.600805	0.557406	0.738627	0.323956	1.11427	0.725435	0.985928	0.377055	0.55727	0.787938	0.335394	0.656464	0.805437	0.830835	
3.06	0.984501	1.00782	1.08176	1.02102	0.990015	1.00207	0.796224	0.834114	0.575703	0.588693	1.28205	1.27561	0.901456	1.0431	0.73635	0.77987	1.10264	0.768236	0.606461	0.751351	0.909931	0.853534	0.682785	0.954122	0.774352	1.19046	1.34436	0.575665	0.631389	0.59202	1.10724	0.601562	1.00021	1.17419	1.16351	0.607364	1.17337	0.68738	0.832575	0.871826	1.0548	1.12407	1.0397	1.05787	1.01753	0.940415	0.470913	0.901369	0.962411	1.30783	0.600506	0.60016	0.609725	0.605707	0.737009	0.845297	1.08359	0.763739	0.627749	0.663089	0.779	0.696553	0.554337	1.15507	0.882125	0.820473	0.600761	0.557424	0.73837	0.324293	1.11908	0.725162	0.986067	0.377148	0.557289	0.790241	0.335493	0.655513	0.801843	0.827173	
3.065	0.984044	1.00724	1.07745	1.01975	0.986232	1.0016	0.795862	0.837989	0.575697	0.588668	1.28138	1.27432	0.901785	1.04432	0.736024	0.777492	1.09547	0.770951	0.607221	0.751153	0.913866	0.85775	0.686366	0.953674	0.777708	1.18943	1.34335	0.575659	0.633327	0.591987	1.1127	0.601517	0.999752	1.16871	1.17006	0.607309	1.17229	0.682717	0.828756	0.867813	1.05177	1.12166	1.03652	1.05209	1.01651	0.937382	0.467915	0.904512	0.977504	1.3085	0.600462	0.600117	0.609666	0.605655	0.736446	0.844075	1.0761	0.766745	0.629998	0.664003	0.782115	0.700729	0.554359	1.15489	0.884599	0.820087	0.600717	0.557442	0.738383	0.324426	1.12384	0.724889	0.986428	0.377242	0.557307	0.792558	0.335592	0.654945	0.797967	0.823182	
3.07	0.983588	1.00668	1.07306	1.01858	0.982396	1.00113	0.7955	0.841852	0.575691	0.588644	1.28066	1.27299	0.902048	1.04547	0.735719	0.775564	1.08846	0.773671	0.607963	0.75082	0.917814	0.861944	0.689869	0.953226	0.781025	1.18844	1.34236	0.575654	0.635215	0.591956	1.11811	0.601472	0.999294	1.16313	1.17641	0.607255	1.17116	0.679045	0.824667	0.863497	1.04872	1.11921	1.03376	1.04708	1.01555	0.934426	0.464948	0.907604	0.988957	1.30917	0.600419	0.600075	0.609607	0.605603	0.735671	0.842938	1.06867	0.769774	0.632286	0.665126	0.785254	0.704925	0.554381	1.15474	0.887014	0.819702	0.600674	0.55746	0.738663	0.324419	1.12852	0.724616	0.987044	0.377335	0.557325	0.794887	0.33569	0.654589	0.793865	0.818877	
3.075	0.983132	1.00613	1.06864	1.01749	0.978594	1.00066	0.795138	0.845699	0.575685	0.588619	1.27991	1.27161	0.902245	1.04654	0.735423	0.774246	1.08162	0.776392	0.608689	0.750338	0.921773	0.866117	0.693303	0.952777	0.784298	1.18749	1.34138	0.575648	0.63711	0.591926	1.12363	0.601427	0.998835	1.15745	1.18254	0.6072	1.16997	0.676509	0.820365	0.858875	1.04566	1.11674	1.03132	1.04284	1.01464	0.931543	0.462017	0.910644	0.997563	1.30986	0.600376	0.600032	0.609548	0.605551	0.734873	0.842014	1.06129	0.772823	0.634611	0.666491	0.788411	0.709135	0.554402	1.1546	0.889366	0.819316	0.60063	0.557478	0.739186	0.324419	1.13314	0.724344	0.987965	0.377428	0.557343	0.797225	0.335789	0.654342	0.789542	0.814237	
3.08	0.982676	1.0056	1.06426	1.01647	0.97487	1.0002	0.794776	0.849525	0.57568	0.588594	1.27912	1.2702	0.902377	1.04752	0.735133	0.773401	1.07497	0.779113	0.609403	0.749765	0.925738	0.870268	0.696677	0.952329	0.787523	1.18658	1.34043	0.575643	0.639011	0.591896	1.1293	0.601383	0.998377	1.15167	1.18848	0.607146	1.16874	0.674914	0.815878	0.85394	1.04259	1.11425	1.02915	1.03925	1.01379	0.928722	0.459248	0.913629	1.00393	1.31057	0.600332	0.599989	0.609489	0.6055	0.734194	0.841156	1.05398	0.775885	0.636968	0.668075	0.791582	0.713352	0.554424	1.15449	0.891657	0.818931	0.600586	0.557496	0.739948	0.324476	1.13769	0.724072	0.989201	0.377522	0.557361	0.799568	0.335888	0.654148	0.785025	0.809288	
3.085	0.98222	1.00508	1.05992	1.0155	0.971229	0.999742	0.794415	0.853328	0.575674	0.58857	1.27829	1.26874	0.902445	1.04842	0.734846	0.772832	1.06845	0.781833	0.610109	0.749128	0.929706	0.874398	0.699996	0.951821	0.790698	1.1857	1.33948	0.575637	0.640922	0.591866	1.13506	0.601338	0.997918	1.14579	1.19422	0.607091	1.16745	0.673958	0.81126	0.848726	1.03952	1.11174	1.02719	1.03616	1.01298	0.925952	0.457119	0.916557	1.00851	1.31132	0.600289	0.599947	0.609431	0.605448	0.733554	0.840321	1.0468	0.778957	0.639353	0.669834	0.79476	0.717569	0.554446	1.15439	0.893885	0.818547	0.600543	0.557514	0.740921	0.324568	1.14223	0.723801	0.990652	0.377615	0.557379	0.801913	0.335987	0.653982	0.780384	0.804107	
3.09	0.981764	1.00457	1.05562	1.0146	0.967627	0.999281	0.794054	0.857103	0.575668	0.588545	1.27743	1.26725	0.902448	1.04923	0.73456	0.772397	1.06208	0.784548	0.610807	0.748383	0.933672	0.878505	0.703268	0.952168	0.79382	1.18486	1.33855	0.575631	0.642866	0.591837	1.14085	0.601294	0.99746	1.13983	1.19978	0.607037	1.16612	0.67338	0.806509	0.84325	1.03649	1.10922	1.02542	1.03344	1.0122	0.923209	0.455957	0.919426	1.01173	1.31211	0.600246	0.599904	0.609372	0.605396	0.732939	0.839566	1.03982	0.782031	0.641762	0.671676	0.797938	0.72178	0.554467	1.15422	0.896051	0.818162	0.600499	0.557532	0.742037	0.324671	1.14685	0.72353	0.992261	0.377708	0.557397	0.804257	0.336085	0.653828	0.775676	0.79878	
3.095	0.981308	1.00407	1.05135	1.01374	0.964061	0.99882	0.793693	0.860848	0.575663	0.588521	1.27654	1.26573	0.902387	1.04996	0.734275	0.772018	1.05586	0.787256	0.611501	0.747569	0.937632	0.882589	0.706496	0.953235	0.796885	1.18404	1.33764	0.575626	0.644774	0.591807	1.14673	0.601249	0.997001	1.13377	1.20515	0.606983	1.16475	0.673003	0.801654	0.837567	1.0337	1.10668	1.02381	1.03104	1.01147	0.920472	0.455658	0.922236	1.01403	1.31293	0.600203	0.599862	0.609314	0.605345	0.732391	0.838925	1.0331	0.785101	0.644188	0.673505	0.801112	0.725978	0.554489	1.15401	0.898154	0.817778	0.600456	0.55755	0.743213	0.324774	1.15156	0.72326	0.993997	0.377801	0.557415	0.806599	0.336184	0.653681	0.770884	0.793328	
3.1	0.980853	1.00357	1.04709	1.01293	0.960829	0.998359	0.793333	0.86456	0.575657	0.588497	1.27561	1.26417	0.902265	1.0506	0.733991	0.771664	1.0498	0.789954	0.612192	0.746661	0.941583	0.886647	0.709562	0.954443	0.799894	1.18324	1.33673	0.57562	0.646592	0.591778	1.15266	0.601205	0.996543	1.12764	1.21034	0.606929	1.16333	0.672729	0.796622	0.831677	1.03123	1.10413	1.02233	1.02889	1.01076	0.917738	0.455698	0.924985	1.01575	1.3138	0.60016	0.599819	0.609256	0.605293	0.731931	0.838243	1.02665	0.78816	0.646628	0.675287	0.804274	0.730154	0.554511	1.15382	0.900196	0.817395	0.600413	0.557568	0.74439	0.324876	1.15632	0.72299	0.996001	0.377895	0.557433	0.808933	0.336283	0.653538	0.765947	0.787757	
3.105	0.980397	1.00309	1.04286	1.01215	0.958268	0.997898	0.792973	0.868234	0.575651	0.588472	1.27466	1.26258	0.902083	1.05114	0.733708	0.77132	1.04389	0.792639	0.612881	0.745723	0.945519	0.890677	0.712195	0.955598	0.802843	1.18247	1.33583	0.575615	0.648316	0.591749	1.15849	0.601161	0.996086	1.12142	1.21535	0.606875	1.16188	0.672504	0.791342	0.825591	1.02904	1.10158	1.02098	1.02695	1.01009	0.915027	0.455709	0.927672	1.01714	1.3147	0.600117	0.599777	0.609197	0.605242	0.731505	0.837522	1.02046	0.791203	0.649075	0.677047	0.807418	0.734302	0.554532	1.15374	0.902177	0.817011	0.600369	0.557586	0.745573	0.324976	1.16105	0.72272	0.998407	0.377988	0.557451	0.811259	0.336382	0.653397	0.76083	0.782095	
3.11	0.979942	1.00261	1.03871	1.01142	0.95641	0.997438	0.792614	0.87187	0.575645	0.588448	1.27369	1.26096	0.901844	1.0516	0.733425	0.770982	1.03793	0.795308	0.613522	0.744839	0.949434	0.894676	0.714455	0.95674	0.805733	1.18171	1.33493	0.575609	0.649958	0.59172	1.1641	0.601117	0.995628	1.11513	1.22011	0.606821	1.16039	0.672305	0.785759	0.819321	1.02709	1.09902	1.01972	1.0252	1.00944	0.912334	0.455747	0.930297	1.01833	1.31564	0.600074	0.599735	0.609139	0.605191	0.731087	0.836844	1.01454	0.794223	0.651524	0.678819	0.810539	0.738416	0.554554	1.15377	0.904098	0.816628	0.600326	0.557604	0.746782	0.325076	1.16576	0.722451	1.00072	0.378081	0.557469	0.813574	0.33648	0.653257	0.755533	0.776374	
3.115	0.979487	1.00213	1.03494	1.01071	0.955101	0.996977	0.792255	0.875463	0.57564	0.588423	1.27269	1.25932	0.90155	1.05197	0.733142	0.770647	1.0318	0.797956	0.614096	0.744031	0.953325	0.89864	0.716592	0.957899	0.808562	1.18097	1.33405	0.575604	0.651525	0.59169	1.16933	0.601072	0.99517	1.10877	1.22376	0.606767	1.15887	0.672117	0.779905	0.812923	1.02533	1.09647	1.01855	1.0236	1.00881	0.909642	0.455815	0.93286	1.0194	1.31662	0.600032	0.599693	0.609081	0.605139	0.730692	0.836254	1.00886	0.797215	0.653971	0.680578	0.813631	0.742488	0.554575	1.15387	0.905962	0.816245	0.600283	0.557622	0.748018	0.325176	1.17038	0.722183	1.00241	0.378174	0.557486	0.815874	0.336579	0.653118	0.750049	0.77059	
3.12	0.979032	1.00166	1.03174	1.01003	0.954153	0.996517	0.791896	0.879011	0.575634	0.588399	1.27167	1.25765	0.901204	1.05225	0.73286	0.770313	1.02556	0.800581	0.614642	0.743275	0.957186	0.902565	0.718821	0.959065	0.81133	1.18024	1.33316	0.575598	0.653027	0.591661	1.17408	0.601028	0.994713	1.10236	1.22616	0.606713	1.15732	0.671936	0.773833	0.806441	1.02372	1.09393	1.01747	1.02214	1.00821	0.906949	0.455897	0.935361	1.02043	1.31763	0.599989	0.599651	0.609023	0.605088	0.730333	0.835735	1.0034	0.800172	0.65641	0.682296	0.816689	0.746514	0.554597	1.15397	0.907768	0.815863	0.60024	0.55764	0.749275	0.325277	1.17486	0.721914	1.00343	0.378267	0.557504	0.818158	0.336678	0.652979	0.74436	0.764702	
3.125	0.978577	1.0012	1.0291	1.00938	0.953421	0.996056	0.791538	0.882513	0.575628	0.588375	1.27063	1.25596	0.900811	1.05244	0.732578	0.769981	1.0193	0.803178	0.615196	0.742555	0.96101	0.906446	0.721184	0.960225	0.814036	1.17952	1.33229	0.575593	0.65447	0.591632	1.17848	0.600984	0.994255	1.0959	1.22788	0.606659	1.15575	0.671759	0.767586	0.799888	1.02225	1.09139	1.01645	1.02079	1.00762	0.904259	0.455981	0.937801	1.02143	1.31867	0.599947	0.599609	0.608966	0.605037	0.730007	0.835266	0.99809	0.80309	0.658838	0.683971	0.819709	0.750489	0.554618	1.15405	0.90952	0.815481	0.600197	0.557658	0.750518	0.325377	1.17922	0.721647	1.00406	0.37836	0.557522	0.820423	0.336776	0.652841	0.738503	0.758721	
3.13	0.978122	1.00073	1.02689	1.00875	0.952813	0.995596	0.79118	0.885965	0.575623	0.588351	1.26958	1.25426	0.900375	1.05255	0.732297	0.769649	1.01311	0.805742	0.615793	0.741844	0.964792	0.910277	0.723699	0.961376	0.81668	1.17881	1.33141	0.575587	0.65586	0.591603	1.18265	0.600941	0.993798	1.08942	1.22954	0.606606	1.15416	0.671583	0.761208	0.793278	1.0209	1.08887	1.01549	1.01954	1.00705	0.901568	0.456065	0.94018	1.02245	1.31973	0.599904	0.599567	0.608908	0.604986	0.729704	0.834831	0.992899	0.805965	0.661249	0.685629	0.822687	0.754407	0.55464	1.15412	0.911219	0.815099	0.600154	0.557675	0.751696	0.325477	1.18345	0.721379	1.00453	0.378454	0.55754	0.822668	0.336875	0.652702	0.732514	0.75266	
3.135	0.977668	1.00027	1.025	1.00814	0.952275	0.995136	0.790822	0.889365	0.575617	0.588327	1.26851	1.25254	0.8999	1.05257	0.732016	0.769318	1.00697	0.808269	0.616415	0.741138	0.968525	0.914052	0.726333	0.962515	0.819262	1.1781	1.33054	0.575581	0.657203	0.591574	1.18657	0.600897	0.993341	1.08291	1.23155	0.606552	1.15256	0.671408	0.754719	0.786608	1.01964	1.08636	1.01459	1.01838	1.0065	0.898861	0.456148	0.9425	1.0235	1.32083	0.599862	0.599525	0.60885	0.604935	0.729414	0.834416	0.987775	0.808793	0.663641	0.687285	0.82562	0.758266	0.554661	1.15417	0.912866	0.814717	0.600111	0.557693	0.752747	0.325577	1.18754	0.721112	1.0049	0.378547	0.557558	0.82489	0.336973	0.652564	0.726409	0.746523	
3.14	0.977213	0.99981	1.02334	1.00756	0.951776	0.994676	0.790465	0.892713	0.575612	0.588302	1.26743	1.2508	0.899393	1.0525	0.731735	0.768988	1.00088	0.810755	0.617035	0.740451	0.972204	0.917764	0.72903	0.963641	0.821782	1.17741	1.32968	0.575576	0.658503	0.591545	1.19022	0.600853	0.992884	1.07642	1.23392	0.606499	1.15094	0.671234	0.748127	0.779875	1.01848	1.08387	1.01374	1.0173	1.00596	0.896129	0.456231	0.94476	1.02459	1.32195	0.599819	0.599483	0.608793	0.604885	0.729132	0.834013	0.98265	0.81157	0.66601	0.688936	0.828505	0.762061	0.554682	1.15421	0.914464	0.814336	0.600068	0.557711	0.753628	0.325677	1.19148	0.720846	1.00521	0.37864	0.557576	0.827088	0.337072	0.652427	0.720181	0.740298	
3.145	0.976759	0.99935	1.02185	1.00699	0.9513	0.994217	0.790108	0.896005	0.575606	0.588278	1.26634	1.24906	0.89886	1.05236	0.731455	0.768657	0.994879	0.813194	0.61765	0.739779	0.975821	0.921406	0.73173	0.964752	0.82424	1.17671	1.32882	0.57557	0.659764	0.591516	1.19367	0.600809	0.992428	1.07	1.23651	0.606446	1.14931	0.671061	0.741433	0.773075	1.01739	1.08141	1.01293	1.01629	1.00544	0.893383	0.456314	0.946964	1.02572	1.32308	0.599777	0.599441	0.608735	0.604834	0.728853	0.833616	0.977492	0.814295	0.668352	0.690582	0.831339	0.76579	0.554704	1.15424	0.916016	0.813955	0.600026	0.557729	0.754368	0.325777	1.19525	0.72058	1.00547	0.378733	0.557593	0.829261	0.337171	0.652289	0.713835	0.733982	
3.15	0.976305	0.99889	1.02049	1.00643	0.950837	0.993757	0.789751	0.89924	0.5756	0.588254	1.26524	1.24732	0.898309	1.05214	0.731176	0.768328	0.988993	0.815581	0.618252	0.739114	0.97937	0.92497	0.734398	0.965846	0.826638	1.17602	1.32796	0.575565	0.660987	0.591487	1.19697	0.600766	0.991971	1.06369	1.2392	0.606393	1.14767	0.670888	0.734646	0.766215	1.01638	1.07897	1.01216	1.01533	1.00492	0.890648	0.456396	0.949112	1.02691	1.32424	0.599735	0.5994	0.608678	0.604783	0.728576	0.833223	0.972326	0.816963	0.670665	0.692228	0.834121	0.769449	0.554725	1.15426	0.917523	0.813575	0.599983	0.557746	0.755007	0.325877	1.19887	0.720314	1.00572	0.378826	0.557611	0.831407	0.337269	0.652152	0.70737	0.72758	
3.155	0.975851	0.99843	1.01925	1.00589	0.950381	0.993298	0.789395	0.902417	0.575595	0.58823	1.26414	1.24557	0.897752	1.05184	0.730897	0.767998	0.983234	0.81791	0.618834	0.738448	0.982843	0.928448	0.737052	0.966923	0.828977	1.17533	1.32711	0.57556	0.662177	0.591459	1.20015	0.600722	0.991515	1.0576	1.24196	0.606339	1.14603	0.670715	0.727761	0.759297	1.01542	1.07655	1.01143	1.01444	1.00442	0.887953	0.456479	0.951205	1.02813	1.32542	0.599693	0.599358	0.608621	0.604733	0.7283	0.832832	0.967198	0.819572	0.672945	0.693869	0.836847	0.773038	0.554747	1.15426	0.918988	0.813194	0.599941	0.557764	0.755612	0.325977	1.20237	0.720049	1.00595	0.378919	0.557629	0.833525	0.337368	0.652016	0.700797	0.721113	
3.16	0.975397	0.99797	1.0181	1.00536	0.949929	0.992839	0.789039	0.905533	0.575589	0.588206	1.26303	1.24382	0.897202	1.05147	0.730618	0.767669	0.977598	0.820178	0.619382	0.737768	0.986235	0.93183	0.73962	0.96798	0.831257	1.17465	1.32626	0.575554	0.663333	0.59143	1.20332	0.600679	0.991058	1.05191	1.24472	0.606286	1.14439	0.670543	0.720813	0.75236	1.01452	1.07416	1.01072	1.01358	1.00392	0.885331	0.456561	0.953246	1.02941	1.3266	0.59965	0.599317	0.608564	0.604682	0.728025	0.832442	0.962174	0.82212	0.67519	0.695497	0.839516	0.776554	0.554768	1.15426	0.920413	0.812814	0.599898	0.557782	0.756232	0.326077	1.20579	0.719785	1.00618	0.379012	0.557646	0.835616	0.337466	0.651879	0.694148	0.714617	
3.165	0.974943	0.99751	1.01703	1.00484	0.94948	0.992379	0.788684	0.908589	0.575583	0.588182	1.26193	1.24208	0.896679	1.05103	0.73034	0.767341	0.972102	0.822378	0.619882	0.737062	0.989539	0.93511	0.742027	0.969018	0.83348	1.17397	1.32542	0.575549	0.66446	0.591401	1.2065	0.600635	0.990602	1.04693	1.24736	0.606234	1.14275	0.670371	0.713823	0.745431	1.01367	1.07181	1.01005	1.01278	1.00344	0.882802	0.456644	0.955235	1.03072	1.3278	0.599608	0.599275	0.608507	0.604632	0.72775	0.832052	0.957309	0.824605	0.677398	0.697108	0.842128	0.779996	0.554789	1.15425	0.921802	0.812435	0.599856	0.5578	0.756905	0.326177	1.20915	0.71952	1.00641	0.379105	0.557664	0.837679	0.337565	0.651743	0.687444	0.70811	
3.17	0.974489	0.99705	1.01603	1.00434	0.949032	0.99192	0.788329	0.911581	0.575578	0.588158	1.26083	1.24035	0.896205	1.05012	0.730062	0.767012	0.966756	0.824507	0.62031	0.736329	0.992748	0.938279	0.7442	0.970037	0.835648	1.1733	1.3246	0.575543	0.665557	0.591372	1.20968	0.600592	0.990146	1.04271	1.2498	0.606181	1.14111	0.670199	0.706887	0.738591	1.01286	1.06949	1.0094	1.01201	1.00296	0.880372	0.456726	0.957176	1.03207	1.32901	0.599566	0.599234	0.60845	0.604582	0.727476	0.831663	0.952629	0.827026	0.679566	0.698697	0.844682	0.783362	0.554769	1.15422	0.923156	0.812055	0.599813	0.557817	0.757664	0.326277	1.21247	0.719257	1.00663	0.379198	0.557682	0.839712	0.337663	0.651607	0.680702	0.701608	
3.175	0.974036	0.99659	1.0151	1.00384	0.948585	0.991462	0.787974	0.914508	0.575572	0.588135	1.25973	1.23862	0.895758	1.0486	0.729784	0.766684	0.961607	0.82656	0.620673	0.73556	0.995859	0.94133	0.746165	0.971037	0.837762	1.17264	1.32378	0.575538	0.666629	0.591344	1.21289	0.600549	0.98969	1.03913	1.25202	0.606128	1.13949	0.670027	0.699948	0.731786	1.01209	1.0672	1.00878	1.01128	1.00248	0.877969	0.456809	0.959068	1.03346	1.33022	0.599525	0.599192	0.608393	0.604531	0.727203	0.831275	0.948101	0.829382	0.681693	0.700301	0.847176	0.786652	0.556699	1.15418	0.924478	0.811676	0.599771	0.557835	0.758369	0.326377	1.21572	0.718993	1.00684	0.379291	0.557699	0.841716	0.337762	0.651471	0.673918	0.695106	
3.18	0.973583	0.996131	1.01421	1.00335	0.948139	0.991003	0.787619	0.917369	0.575567	0.588111	1.25863	1.23691	0.894683	1.04667	0.729507	0.766357	0.956549	0.828534	0.620975	0.73476	0.998866	0.94421	0.747965	0.972019	0.839824	1.172	1.32297	0.575532	0.667675	0.591315	1.21598	0.600506	0.989234	1.03502	1.25406	0.606075	1.13787	0.669856	0.69302	0.725032	1.01135	1.06495	1.00817	1.01057	1.00202	0.875668	0.456891	0.960914	1.03487	1.33144	0.599483	0.599151	0.608336	0.604481	0.72693	0.830886	0.943675	0.831673	0.683541	0.701856	0.849611	0.789865	0.560606	1.15412	0.92577	0.811298	0.599729	0.557852	0.759129	0.326477	1.21882	0.71873	1.00704	0.379384	0.557717	0.84369	0.33786	0.651335	0.667084	0.688597	
3.185	0.973129	0.995671	1.01337	1.00287	0.947692	0.990545	0.787265	0.920163	0.575561	0.588087	1.25754	1.23521	0.893233	1.04454	0.729231	0.76603	0.95161	0.830426	0.621224	0.733913	1.00177	0.946916	0.749643	0.972982	0.841835	1.17137	1.32219	0.575527	0.668697	0.591287	1.21901	0.600463	0.988779	1.03074	1.25609	0.606021	1.13627	0.669686	0.686164	0.718384	1.01065	1.06273	1.00759	1.0099	1.00155	0.873464	0.456974	0.962715	1.03631	1.33266	0.599441	0.59911	0.60828	0.604431	0.726657	0.830498	0.939415	0.833897	0.685259	0.703337	0.851987	0.793001	0.56504	1.15405	0.927034	0.810919	0.599687	0.55787	0.75998	0.326577	1.22187	0.718468	1.00721	0.379477	0.557735	0.845632	0.337959	0.6512	0.660228	0.682125	
3.19	0.972676	0.995212	1.01258	1.00239	0.947247	0.990086	0.786912	0.922888	0.575556	0.588041	1.25645	1.23353	0.891811	1.04234	0.728955	0.765703	0.946749	0.832233	0.621426	0.733017	1.00455	0.949423	0.751207	0.973928	0.843797	1.17075	1.32142	0.575521	0.669697	0.591258	1.22196	0.60042	0.988323	1.02693	1.25818	0.605966	1.13468	0.669515	0.679439	0.711888	1.00997	1.06056	1.00702	1.00925	1.00109	0.871305	0.457056	0.964472	1.03778	1.33387	0.599399	0.599069	0.608223	0.604381	0.726385	0.830111	0.93527	0.836055	0.686918	0.704772	0.854302	0.796058	0.569248	1.15396	0.928271	0.810541	0.599645	0.557887	0.760811	0.326677	1.22485	0.718206	1.00737	0.37957	0.557752	0.847543	0.338057	0.651065	0.653382	0.67572	
3.195	0.972223	0.994753	1.01182	1.00192	0.946801	0.989628	0.786558	0.925542	0.57555	0.587209	1.25538	1.23187	0.890626	1.04009	0.728679	0.765377	0.942029	0.833956	0.621583	0.732073	1.00722	0.951746	0.752661	0.974856	0.845711	1.17016	1.32067	0.575516	0.670676	0.59123	1.22483	0.600377	0.987868	1.02202	1.26034	0.605911	1.1331	0.669345	0.672856	0.705548	1.00932	1.05844	1.00647	1.00862	1.00063	0.869166	0.457139	0.966186	1.03926	1.33508	0.599358	0.599028	0.608167	0.604332	0.726114	0.829723	0.931189	0.838145	0.688499	0.706166	0.856557	0.799037	0.573237	1.15385	0.929483	0.810164	0.599603	0.557905	0.761546	0.326777	1.22775	0.717944	1.0075	0.379663	0.55777	0.849421	0.338156	0.65093	0.646573	0.669393	
3.2	0.97177	0.994294	1.01109	1.00145	0.946355	0.98917	0.786205	0.928124	0.575544	0.585586	1.25431	1.23023	0.889693	1.03783	0.728404	0.765051	0.937556	0.835591	0.621683	0.731092	1.00978	0.953893	0.753997	0.975768	0.847578	1.1696	1.31995	0.57551	0.671634	0.591201	1.22752	0.600334	0.987413	1.01662	1.26243	0.605857	1.13154	0.669176	0.666399	0.699347	1.0087	1.05635	1.00593	1.00802	1.00017	0.867049	0.457221	0.967857	1.04075	1.33629	0.599316	0.598987	0.608111	0.604282	0.725842	0.829336	0.927076	0.840169	0.689954	0.707521	0.858751	0.801936	0.577119	1.15372	0.93067	0.809786	0.599561	0.557923	0.762189	0.326877	1.2305	0.717683	1.0076	0.379756	0.557787	0.851264	0.338254	0.650796	0.63983	0.663161	
3.205	0.971318	0.993835	1.0104	1.00098	0.94591	0.988712	0.785853	0.930633	0.575539	0.583783	1.25325	1.22862	0.888947	1.03557	0.728129	0.764726	0.933887	0.83714	0.621724	0.730101	1.01222	0.955796	0.755184	0.976663	0.8494	1.16907	1.31926	0.575505	0.672574	0.591173	1.22979	0.600291	0.986958	1.01181	1.26419	0.605803	1.13	0.669006	0.660017	0.693248	1.00809	1.05432	1.00541	1.00743	0.999717	0.864967	0.457304	0.969487	1.04225	1.33748	0.599275	0.598946	0.608054	0.604232	0.725571	0.828949	0.922875	0.842124	0.691276	0.70887	0.860882	0.804754	0.580897	1.15357	0.931833	0.809409	0.599519	0.55794	0.762762	0.326977	1.23304	0.717422	1.00767	0.379849	0.557805	0.853071	0.338353	0.650662	0.633174	0.657038	
3.21	0.970865	0.993376	1.00973	1.00052	0.945465	0.988254	0.785501	0.933067	0.575533	0.582277	1.2522	1.22704	0.888327	1.03332	0.727854	0.764401	0.931263	0.838603	0.621692	0.729056	1.01454	0.957562	0.756195	0.977542	0.851177	1.16857	1.31859	0.5755	0.673494	0.591145	1.23194	0.600248	0.986503	1.00678	1.26568	0.60575	1.12848	0.668837	0.653752	0.687294	1.00751	1.05234	1.00489	1.00686	0.999261	0.862946	0.457386	0.971076	1.04376	1.33867	0.599233	0.598905	0.607998	0.604183	0.725301	0.828562	0.918649	0.844009	0.692588	0.710235	0.862951	0.807403	0.584559	1.15341	0.932973	0.809032	0.599477	0.557957	0.763281	0.327077	1.23537	0.717162	1.00771	0.379942	0.557822	0.85484	0.338451	0.650528	0.62663	0.651041	
3.215	0.970413	0.992918	1.00909	1.00006	0.94502	0.987796	0.785149	0.935426	0.575528	0.581243	1.25116	1.22549	0.887803	1.03112	0.72758	0.764076	0.929542	0.839982	0.621584	0.727952	1.01675	0.959184	0.757015	0.978403	0.852911	1.1681	1.31796	0.575494	0.674397	0.591116	1.23395	0.600206	0.986048	1.00188	1.26694	0.605697	1.12698	0.668668	0.647598	0.681474	1.00694	1.05041	1.00439	1.00631	0.998805	0.861203	0.457468	0.972624	1.04526	1.33983	0.599192	0.598864	0.607942	0.604133	0.725031	0.828176	0.914645	0.845824	0.693971	0.7116	0.864954	0.809851	0.588109	1.15323	0.93409	0.808655	0.599435	0.557975	0.763756	0.327177	1.23748	0.716902	1.00772	0.380035	0.55784	0.856568	0.33855	0.650394	0.62021	0.645177	
3.22	0.96996	0.992438	1.00847	0.999599	0.944575	0.987339	0.784797	0.937707	0.575522	0.580654	1.25014	1.22397	0.887333	1.02898	0.727307	0.763752	0.92843	0.841278	0.621399	0.726778	1.01885	0.960657	0.757639	0.979248	0.854602	1.16768	1.31737	0.575489	0.675282	0.591088	1.23583	0.600163	0.985594	0.997709	1.26803	0.605645	1.1255	0.6685	0.641558	0.675792	1.00639	1.04855	1.0039	1.00577	0.998349	0.859854	0.457551	0.97413	1.04675	1.34098	0.599151	0.598823	0.607886	0.604084	0.724761	0.82779	0.911371	0.847565	0.695439	0.712951	0.866889	0.812165	0.59155	1.15303	0.935184	0.808279	0.599394	0.557992	0.764194	0.327277	1.23942	0.716643	1.0077	0.380128	0.557857	0.858254	0.338648	0.650261	0.613934	0.639459	
3.225	0.969508	0.991985	1.00788	0.999139	0.94413	0.986882	0.784446	0.93991	0.575517	0.580413	1.24913	1.22248	0.886537	1.02696	0.727034	0.763428	0.927665	0.842494	0.621145	0.725508	1.02079	0.962031	0.758062	0.980076	0.856251	1.16729	1.31681	0.575484	0.67615	0.59106	1.23763	0.60012	0.985139	0.992655	1.26898	0.605593	1.12404	0.668332	0.635666	0.670278	1.00585	1.04674	1.00341	1.00524	0.997893	0.858851	0.457633	0.975595	1.04824	1.34211	0.599109	0.598783	0.607831	0.604034	0.724492	0.827404	0.908944	0.849232	0.696922	0.714256	0.868754	0.814433	0.594876	1.15283	0.936254	0.807903	0.599352	0.55801	0.764606	0.327377	1.24137	0.716384	1.00765	0.380221	0.557875	0.859894	0.338746	0.650128	0.607862	0.633932	
3.23	0.969056	0.991831	1.0073	0.998679	0.943685	0.986424	0.784093	0.942034	0.575511	0.580423	1.24814	1.22103	0.885332	1.02509	0.726761	0.763104	0.927075	0.843617	0.620805	0.724106	1.02257	0.963303	0.758245	0.980885	0.857859	1.16694	1.31629	0.575478	0.677001	0.591032	1.23943	0.600078	0.984685	0.987187	1.26983	0.605541	1.12261	0.668164	0.629978	0.664982	1.00532	1.045	1.00293	1.00473	0.997438	0.85809	0.457716	0.977017	1.04971	1.34322	0.599068	0.598742	0.607775	0.603985	0.724224	0.827019	0.907223	0.850819	0.698368	0.715484	0.870545	0.816657	0.598076	1.15261	0.937262	0.807527	0.59931	0.558027	0.764996	0.327476	1.24336	0.716123	1.00756	0.380314	0.557892	0.861485	0.338845	0.649995	0.602015	0.628609	
3.235	0.968604	0.992038	1.00673	0.998218	0.943241	0.985967	0.783739	0.944078	0.575506	0.580586	1.24716	1.21961	0.883996	1.02344	0.726489	0.762781	0.926568	0.844614	0.620405	0.722607	1.02424	0.964495	0.758251	0.981674	0.859426	1.16664	1.31581	0.575473	0.677834	0.591004	1.24125	0.600036	0.984231	0.982288	1.27071	0.605489	1.12121	0.667997	0.624513	0.659907	1.0048	1.04333	1.00246	1.00422	0.996982	0.857479	0.457798	0.978396	1.05116	1.34429	0.599027	0.598702	0.607719	0.603936	0.723955	0.826634	0.905995	0.852325	0.699751	0.71664	0.872258	0.818795	0.601137	1.15238	0.93826	0.807152	0.599269	0.558045	0.765372	0.327576	1.24534	0.715862	1.00745	0.380407	0.557909	0.863024	0.338943	0.649862	0.596394	0.623478	
3.24	0.968153	0.992464	1.00618	0.997758	0.942796	0.98551	0.783385	0.946041	0.5755	0.58082	1.24621	1.21824	0.882791	1.02185	0.726217	0.762458	0.926099	0.845494	0.619951	0.721034	1.02582	0.965604	0.758115	0.982444	0.860952	1.16637	1.31537	0.575467	0.678649	0.590976	1.24306	0.599993	0.983777	0.977603	1.2717	0.605437	1.11984	0.66783	0.61927	0.655046	1.0043	1.04173	1.00199	1.00372	0.996526	0.856954	0.45788	0.979732	1.05259	1.34534	0.598986	0.598661	0.607664	0.603887	0.723688	0.826249	0.905084	0.853747	0.701059	0.717733	0.873891	0.820828	0.604054	1.15215	0.939261	0.806778	0.599228	0.558062	0.765737	0.327676	1.24731	0.715602	1.00731	0.3805	0.557927	0.864507	0.339041	0.64973	0.590978	0.618526	
3.245	0.967701	0.992978	1.00565	0.997298	0.942352	0.985053	0.783032	0.947923	0.575495	0.581063	1.24527	1.21692	0.881806	1.0187	0.725945	0.762136	0.925648	0.846294	0.619448	0.719408	1.02734	0.966639	0.757855	0.983192	0.862438	1.16614	1.31496	0.575462	0.679447	0.590948	1.24488	0.599951	0.983323	0.97336	1.27283	0.605386	1.1185	0.667663	0.614263	0.650409	1.0038	1.04021	1.00152	1.00323	0.996071	0.856478	0.457963	0.981022	1.05399	1.34635	0.598945	0.598621	0.607608	0.603838	0.72342	0.825864	0.904367	0.85508	0.702295	0.718773	0.875439	0.822733	0.606818	1.15192	0.940225	0.806403	0.599186	0.558079	0.766094	0.327776	1.2492	0.715338	1.00714	0.380592	0.557944	0.865932	0.33914	0.649597	0.585733	0.613732	
3.25	0.96725	0.993533	1.00512	0.996838	0.941908	0.984597	0.78268	0.949724	0.575489	0.581276	1.24436	1.21563	0.881014	1.01467	0.725674	0.761814	0.925206	0.847037	0.618899	0.717748	1.0288	0.96761	0.757488	0.983918	0.863883	1.16595	1.31459	0.575457	0.680227	0.59092	1.24676	0.599909	0.982869	0.96992	1.27414	0.605334	1.1172	0.667497	0.609532	0.646028	1.00331	1.03877	1.00106	1.00275	0.995616	0.856032	0.458045	0.982267	1.05536	1.34733	0.598904	0.59858	0.607553	0.603789	0.723153	0.82548	0.903767	0.856322	0.703456	0.719756	0.87686	0.824521	0.609424	1.15169	0.941078	0.806029	0.599145	0.558096	0.766444	0.327876	1.25099	0.715065	1.00695	0.380685	0.557961	0.867296	0.339238	0.649466	0.580633	0.609087	
3.255	0.966798	0.99413	1.00461	0.996378	0.941464	0.98414	0.78233	0.951444	0.575484	0.581442	1.24347	1.2144	0.880345	1.01084	0.725404	0.761493	0.924768	0.847718	0.618302	0.716061	1.03023	0.968535	0.757027	0.984621	0.865289	1.1658	1.31425	0.575451	0.680989	0.590892	1.24874	0.599867	0.982415	0.965935	1.27571	0.605283	1.11594	0.66733	0.605095	0.641911	1.00283	1.03741	1.0006	1.00227	0.995161	0.855603	0.458127	0.983464	1.05669	1.34827	0.598864	0.59854	0.607498	0.60374	0.722887	0.825095	0.903238	0.85747	0.704533	0.720676	0.878159	0.826206	0.611858	1.15146	0.941896	0.805655	0.599104	0.558114	0.766789	0.327976	1.25271	0.714783	1.00674	0.380778	0.557979	0.868595	0.339336	0.649334	0.57569	0.604612	
3.26	0.966347	0.994774	1.00411	0.995918	0.94102	0.983684	0.78198	0.953083	0.575479	0.581545	1.24262	1.21321	0.879745	1.00784	0.725134	0.761172	0.924333	0.84842	0.617672	0.714358	1.03156	0.969374	0.756465	0.9853	0.866654	1.16567	1.31395	0.575446	0.681733	0.590864	1.2508	0.599825	0.981962	0.961713	1.27758	0.605232	1.11472	0.667165	0.600936	0.638037	1.00235	1.03614	1.00015	1.0018	0.994706	0.855185	0.45821	0.984614	1.05798	1.34917	0.598823	0.5985	0.607442	0.603691	0.72262	0.824712	0.90275	0.858522	0.705518	0.721527	0.879345	0.82778	0.614134	1.15124	0.942757	0.805282	0.599063	0.558131	0.76713	0.328075	1.25439	0.714499	1.00651	0.380871	0.557996	0.869826	0.339435	0.649203	0.570939	0.600332	
3.265	0.965896	0.99546	1.00362	0.995459	0.940576	0.983228	0.781631	0.95464	0.575473	0.581578	1.24179	1.21208	0.879178	1.0057	0.724864	0.760851	0.923898	0.849124	0.617013	0.71265	1.0328	0.970117	0.755801	0.985954	0.867978	1.16558	1.31368	0.575441	0.682458	0.590836	1.25288	0.599783	0.981508	0.957993	1.27969	0.605181	1.11354	0.666999	0.597023	0.634378	1.00188	1.03496	0.99969	1.00133	0.994251	0.854773	0.458292	0.985714	1.05923	1.35003	0.598782	0.59846	0.607387	0.603642	0.722355	0.824328	0.902288	0.859419	0.706411	0.722305	0.880454	0.829252	0.616255	1.15103	0.943654	0.804909	0.599022	0.558148	0.767467	0.328175	1.25603	0.714223	1.00627	0.380964	0.558013	0.870988	0.339533	0.649072	0.566404	0.596255	
3.27	0.965445	0.996182	1.00313	0.994999	0.940133	0.982772	0.781283	0.956117	0.575468	0.581545	1.241	1.211	0.87863	1.00422	0.724595	0.760531	0.923465	0.849782	0.616322	0.710938	1.03397	0.970772	0.755042	0.986582	0.869262	1.16551	1.31345	0.575435	0.683164	0.590808	1.25491	0.599741	0.981055	0.953665	1.28199	0.60513	1.11241	0.666834	0.593319	0.630904	1.00142	1.03386	0.999234	1.00086	0.993796	0.854364	0.458374	0.986765	1.06044	1.35084	0.598742	0.59842	0.607332	0.603594	0.72209	0.823945	0.901841	0.860168	0.707227	0.72301	0.88149	0.830632	0.618213	1.15083	0.944519	0.804536	0.598981	0.558165	0.7678	0.328275	1.25762	0.713953	1.00601	0.381056	0.55803	0.872078	0.339631	0.648941	0.562075	0.592365	
3.275	0.964994	0.996932	1.00265	0.99454	0.939689	0.982316	0.780936	0.957514	0.575462	0.581458	1.24023	1.20998	0.878095	1.00317	0.724326	0.760211	0.923031	0.850384	0.615601	0.709224	1.03505	0.971336	0.75419	0.987185	0.870504	1.16547	1.31324	0.57543	0.683851	0.59078	1.25682	0.599699	0.980602	0.949134	1.28435	0.605079	1.11133	0.666669	0.589801	0.627605	1.00095	1.03286	0.998778	1.0004	0.993342	0.853958	0.458457	0.987766	1.06159	1.35161	0.598701	0.59838	0.607277	0.603545	0.721825	0.823562	0.901402	0.860829	0.707996	0.723667	0.882448	0.831925	0.620014	1.15064	0.945267	0.804164	0.59894	0.558183	0.768129	0.328375	1.25909	0.713677	1.00573	0.381149	0.558048	0.873096	0.33973	0.64881	0.557933	0.588645	
3.28	0.964544	0.997705	1.00217	0.994081	0.939246	0.98186	0.780589	0.958833	0.575457	0.581336	1.23951	1.20901	0.877573	1.00234	0.724057	0.759891	0.922598	0.850914	0.614856	0.707517	1.03603	0.971805	0.753254	0.987763	0.871706	1.16545	1.31305	0.575425	0.684519	0.590753	1.25859	0.599657	0.980149	0.945168	1.28662	0.605028	1.1103	0.666505	0.586447	0.624473	1.00049	1.03194	0.998322	0.999936	0.992888	0.853554	0.458539	0.988716	1.0627	1.35233	0.598661	0.59834	0.607223	0.603497	0.72156	0.823179	0.900969	0.861466	0.708741	0.724296	0.883324	0.833131	0.621668	1.15046	0.945851	0.803792	0.598899	0.5582	0.76845	0.328474	1.26044	0.713384	1.00545	0.381242	0.558065	0.87404	0.339828	0.64868	0.553967	0.585095	
3.285	0.964093	0.998496	1.0017	0.993622	0.938803	0.981404	0.780242	0.960076	0.575451	0.581188	1.23882	1.20809	0.877068	1.00163	0.723789	0.759572	0.922165	0.851357	0.614087	0.705816	1.03692	0.972177	0.752234	0.988314	0.872868	1.16545	1.31289	0.57542	0.685167	0.590725	1.26015	0.599615	0.979696	0.941253	1.28872	0.604977	1.10932	0.66634	0.583238	0.621493	1.00003	1.03111	0.997867	0.999474	0.992433	0.85315	0.458621	0.989616	1.06376	1.353	0.59862	0.5983	0.607168	0.603448	0.721296	0.822797	0.900539	0.862078	0.709469	0.724903	0.884135	0.834262	0.623181	1.15031	0.946345	0.80342	0.598858	0.558217	0.768699	0.328574	1.2617	0.713082	1.00516	0.381335	0.558082	0.874911	0.339926	0.64855	0.550193	0.581739	
3.29	0.963643	0.999302	1.00123	0.993163	0.93836	0.980949	0.779896	0.961243	0.575446	0.581051	1.23817	1.20724	0.876585	1.00101	0.723522	0.759253	0.921733	0.851724	0.613296	0.704122	1.03771	0.972446	0.751128	0.98884	0.873989	1.16546	1.31275	0.575414	0.685797	0.590697	1.26153	0.599574	0.979244	0.937172	1.2906	0.604926	1.10839	0.666177	0.580167	0.618658	0.999568	1.03033	0.997411	0.999012	0.991979	0.852747	0.458703	0.990467	1.06477	1.35363	0.59858	0.59826	0.607113	0.6034	0.721033	0.822415	0.900111	0.862611	0.710175	0.725471	0.884914	0.835343	0.624557	1.15016	0.946853	0.803049	0.598817	0.558234	0.768861	0.328674	1.26289	0.712779	1.00486	0.381427	0.558099	0.875708	0.340024	0.64842	0.546631	0.578599	
3.295	0.963192	1.00012	1.00077	0.992704	0.937917	0.980493	0.77955	0.962337	0.575441	0.580903	1.23756	1.20643	0.876131	1.00045	0.723255	0.758935	0.9213	0.852016	0.612493	0.702449	1.03842	0.972633	0.749957	0.989341	0.87507	1.1655	1.31264	0.575409	0.686408	0.59067	1.26269	0.599532	0.978791	0.933411	1.29223	0.604876	1.10752	0.666013	0.577218	0.615955	0.999108	1.02965	0.996955	0.99855	0.991525	0.852345	0.458786	0.991267	1.06572	1.35422	0.598539	0.59822	0.607059	0.603352	0.72077	0.822032	0.899684	0.863031	0.710887	0.725979	0.885604	0.83648	0.625811	1.15003	0.947476	0.802678	0.598777	0.558251	0.768982	0.328773	1.26415	0.712485	1.00455	0.38152	0.558116	0.876434	0.340122	0.64829	0.54333	0.575703	
3.3	0.962742	1.00094	1.00031	0.992246	0.937474	0.980038	0.779204	0.963362	0.575435	0.58071	1.23698	1.20569	0.875713	0.999931	0.722988	0.758617	0.920868	0.852252	0.611681	0.7008	1.03905	0.972749	0.748736	0.989818	0.876111	1.16554	1.31254	0.575404	0.687	0.590642	1.26375	0.599491	0.978339	0.930402	1.29366	0.604825	1.1067	0.66585	0.57442	0.613411	0.998649	1.02908	0.9965	0.998087	0.991072	0.851943	0.458868	0.99202	1.06662	1.35476	0.598499	0.598181	0.607004	0.603304	0.720507	0.82165	0.899257	0.863337	0.711765	0.726372	0.886181	0.837548	0.626995	1.14992	0.948217	0.802307	0.598736	0.558268	0.768943	0.328873	1.2655	0.712206	1.00424	0.381613	0.558133	0.87709	0.340221	0.648161	0.540288	0.573029	
3.305	0.962292	1.00176	0.999847	0.991788	0.937032	0.979583	0.778859	0.96432	0.57543	0.580465	1.23644	1.20499	0.875337	0.999434	0.722722	0.7583	0.920436	0.852464	0.610866	0.699192	1.03962	0.972813	0.747488	0.990272	0.877114	1.1656	1.31247	0.575398	0.687573	0.590615	1.26481	0.599449	0.977887	0.927282	1.29502	0.604775	1.10594	0.665687	0.571813	0.611058	0.998189	1.02833	0.996044	0.997625	0.990618	0.851541	0.45895	0.992726	1.06748	1.35526	0.598459	0.598141	0.60695	0.603256	0.720245	0.821269	0.898831	0.863541	0.712735	0.726588	0.886649	0.838413	0.6281	1.14982	0.949016	0.801937	0.598696	0.558285	0.768792	0.328973	1.26703	0.711938	1.00393	0.381706	0.55815	0.877678	0.340319	0.648032	0.537515	0.570579	
3.31	0.961842	1.00258	0.999386	0.991329	0.936589	0.979128	0.778515	0.965214	0.575424	0.580173	1.23594	1.20435	0.875007	0.998948	0.722456	0.757983	0.920004	0.852665	0.610053	0.697633	1.04014	0.972838	0.74623	0.990702	0.878079	1.16567	1.31241	0.575393	0.688129	0.590587	1.26596	0.599408	0.977434	0.924203	1.29643	0.604724	1.10522	0.665524	0.569429	0.608913	0.997729	1.02731	0.995589	0.997163	0.990165	0.851139	0.459032	0.993386	1.06828	1.35571	0.598419	0.598102	0.606896	0.603208	0.719983	0.820888	0.898406	0.863653	0.713546	0.726617	0.88702	0.839074	0.629059	1.14963	0.949798	0.801567	0.598655	0.558302	0.768665	0.329072	1.26867	0.711679	1.00307	0.381798	0.558167	0.878202	0.340417	0.647903	0.534975	0.568323	
3.315	0.961392	1.0034	0.998925	0.990871	0.936147	0.978673	0.77817	0.966048	0.575419	0.57984	1.23546	1.20376	0.874728	0.998467	0.72219	0.757666	0.919572	0.852831	0.609248	0.696132	1.04063	0.972849	0.744984	0.991112	0.879007	1.16576	1.31237	0.575388	0.688667	0.59056	1.26715	0.599367	0.976982	0.921592	1.29796	0.604674	1.10456	0.665362	0.567244	0.606943	0.997269	1.02624	0.995134	0.996701	0.989711	0.850738	0.459114	0.994004	1.06904	1.35613	0.598379	0.598062	0.606842	0.60316	0.719722	0.820507	0.897981	0.863681	0.7141	0.726533	0.887301	0.839571	0.629832	1.14938	0.950529	0.801197	0.598615	0.558319	0.768619	0.329172	1.27021	0.711424	1.00118	0.381891	0.558185	0.878663	0.340515	0.647774	0.532571	0.566188	
3.32	0.960943	1.0042	0.998465	0.990413	0.935705	0.978218	0.777826	0.966827	0.575414	0.57948	1.23503	1.20321	0.8745	0.997989	0.721925	0.75735	0.91914	0.852943	0.608466	0.694688	1.04104	0.97292	0.743782	0.991501	0.879901	1.16586	1.31235	0.575383	0.689188	0.590532	1.26823	0.599325	0.976497	0.91877	1.29958	0.604624	1.10393	0.6652	0.565204	0.605096	0.99681	1.02531	0.994679	0.99624	0.989258	0.850337	0.459197	0.99458	1.06975	1.35651	0.598339	0.598023	0.606788	0.603112	0.719461	0.820127	0.897556	0.863633	0.714439	0.726423	0.887503	0.839933	0.630425	1.14915	0.951205	0.800828	0.598574	0.558337	0.768655	0.329272	1.27153	0.711172	0.998725	0.381984	0.558202	0.879067	0.340613	0.647646	0.53025	0.564141	
3.325	0.960493	1.005	0.998004	0.989955	0.935262	0.977764	0.777483	0.967555	0.575408	0.57911	1.23461	1.2027	0.874324	0.997512	0.721661	0.757034	0.918708	0.852998	0.607707	0.693299	1.04138	0.973048	0.74263	0.991871	0.880761	1.16597	1.31235	0.575377	0.689693	0.590505	1.26908	0.599284	0.975962	0.915955	1.30121	0.604574	1.10335	0.665038	0.563257	0.603331	0.99635	1.02456	0.994224	0.995778	0.988805	0.849936	0.459279	0.995119	1.07042	1.35686	0.598299	0.597983	0.606734	0.603064	0.7192	0.819747	0.897131	0.863514	0.714621	0.726327	0.887633	0.840178	0.630863	1.14895	0.951831	0.800459	0.598534	0.558353	0.768774	0.329371	1.27263	0.710921	0.996123	0.382076	0.558219	0.879418	0.340711	0.647518	0.528018	0.562192	
3.33	0.960044	1.00579	0.997543	0.989498	0.93482	0.977309	0.77714	0.968236	0.575403	0.578748	1.23423	1.20223	0.874197	0.997036	0.721397	0.756718	0.918277	0.853004	0.606966	0.691958	1.04165	0.973176	0.741507	0.992223	0.881589	1.16611	1.31237	0.575372	0.690182	0.590478	1.26969	0.599243	0.97541	0.913569	1.30273	0.604524	1.10281	0.664877	0.561382	0.601643	0.995891	1.02402	0.99377	0.995317	0.988352	0.849536	0.459361	0.995622	1.07104	1.35717	0.598259	0.597944	0.60668	0.603017	0.71894	0.819367	0.896707	0.863334	0.714685	0.726255	0.8877	0.840324	0.631173	1.14881	0.952412	0.80009	0.598494	0.55837	0.768965	0.329471	1.27356	0.710672	0.993786	0.382169	0.558236	0.879719	0.34081	0.64739	0.525894	0.560351	
3.335	0.959595	1.00656	0.997083	0.98904	0.934379	0.976855	0.776797	0.968875	0.575398	0.578404	1.23386	1.20179	0.874118	0.99656	0.721133	0.756403	0.917845	0.852969	0.60623	0.690645	1.04187	0.973245	0.740373	0.992559	0.882387	1.16626	1.31241	0.575367	0.690656	0.59045	1.27016	0.599202	0.974891	0.910447	1.30404	0.604474	1.1023	0.664716	0.559583	0.600038	0.995432	1.02369	0.993315	0.994856	0.987899	0.849136	0.459443	0.996093	1.07163	1.35746	0.59822	0.597905	0.606626	0.602969	0.71868	0.818987	0.896282	0.863099	0.714654	0.726204	0.887712	0.840388	0.631375	1.14872	0.952955	0.799722	0.598454	0.558387	0.769223	0.32957	1.27437	0.710423	0.991819	0.382262	0.558253	0.879976	0.340908	0.647262	0.523891	0.558621	
3.34	0.959146	1.00732	0.996623	0.988583	0.933937	0.976401	0.776455	0.969478	0.575392	0.57809	1.23352	1.20139	0.874083	0.996085	0.72087	0.756089	0.917414	0.852899	0.605487	0.689344	1.04205	0.973196	0.739178	0.99288	0.883158	1.16644	1.31247	0.575362	0.691102	0.590423	1.27061	0.599161	0.974433	0.906972	1.3051	0.604424	1.10181	0.664555	0.557877	0.598526	0.994973	1.02357	0.992861	0.994394	0.987447	0.848736	0.459525	0.996536	1.07218	1.35772	0.59818	0.597866	0.606572	0.602922	0.718421	0.818608	0.895858	0.862816	0.714548	0.726168	0.887676	0.840384	0.631487	1.1487	0.953466	0.799354	0.598414	0.558404	0.769567	0.32967	1.27509	0.710174	0.990142	0.382354	0.558269	0.880195	0.341006	0.647135	0.522005	0.556997	
3.345	0.958697	1.00806	0.996163	0.988126	0.933496	0.975947	0.776113	0.970049	0.575387	0.577818	1.23319	1.201	0.874089	0.99561	0.720607	0.755774	0.916983	0.852804	0.604727	0.688054	1.04219	0.972956	0.737897	0.993186	0.883902	1.16663	1.31255	0.575357	0.691538	0.590396	1.27103	0.59912	0.97403	0.903877	1.30597	0.604374	1.10135	0.664395	0.556247	0.597096	0.994514	1.02364	0.992407	0.993934	0.986994	0.848336	0.459607	0.996953	1.07271	1.35796	0.59814	0.597827	0.606519	0.602874	0.718162	0.81823	0.895434	0.862493	0.714382	0.726134	0.8876	0.840323	0.631522	1.14872	0.953951	0.798986	0.598374	0.558421	0.769963	0.32977	1.27573	0.709927	0.988581	0.382447	0.558286	0.880379	0.341104	0.647008	0.520231	0.55547	
3.35	0.958248	1.00878	0.995703	0.987668	0.933054	0.975493	0.775771	0.970593	0.575382	0.577592	1.23286	1.20064	0.874133	0.995135	0.720344	0.755461	0.916552	0.852689	0.603957	0.686783	1.04231	0.972486	0.736544	0.993481	0.884623	1.16686	1.31266	0.575351	0.691972	0.590369	1.27139	0.599079	0.973664	0.899449	1.30664	0.604324	1.1009	0.664235	0.554669	0.595725	0.994056	1.02385	0.991953	0.993473	0.986542	0.847936	0.459689	0.997349	1.07321	1.35819	0.598101	0.597787	0.606465	0.602827	0.717904	0.817851	0.895011	0.862138	0.714138	0.72609	0.887491	0.840217	0.631495	1.14878	0.954414	0.798619	0.598334	0.558438	0.77038	0.329869	1.27632	0.709679	0.987088	0.382539	0.558303	0.880535	0.341202	0.646881	0.518559	0.554031	
3.355	0.957799	1.00948	0.995243	0.987212	0.932613	0.975039	0.77543	0.971116	0.575376	0.577416	1.23255	1.20029	0.87421	0.994661	0.720082	0.755147	0.916121	0.852564	0.603183	0.685541	1.04241	0.971875	0.735144	0.993763	0.885321	1.16711	1.31278	0.575346	0.692397	0.590342	1.27167	0.599039	0.973317	0.894317	1.30705	0.604275	1.10046	0.664075	0.553129	0.594391	0.993597	1.02416	0.991499	0.993012	0.98609	0.847537	0.459772	0.997726	1.07368	1.3584	0.598061	0.597748	0.606412	0.60278	0.717646	0.817473	0.894587	0.861756	0.713772	0.726035	0.887357	0.840076	0.631415	1.14887	0.954859	0.798252	0.598294	0.558455	0.770803	0.329969	1.27688	0.709432	0.985754	0.382632	0.55832	0.880668	0.3413	0.646755	0.516975	0.552666	
3.36	0.957351	1.01016	0.994783	0.986755	0.932172	0.974585	0.775089	0.971622	0.575371	0.577293	1.23223	1.19994	0.874318	0.994183	0.719821	0.754834	0.915691	0.852435	0.602411	0.68433	1.04249	0.971225	0.733724	0.994035	0.886	1.1674	1.31293	0.575341	0.69281	0.590315	1.27188	0.598998	0.97298	0.889626	1.30716	0.604225	1.10002	0.663915	0.551619	0.593083	0.993139	1.02455	0.991045	0.992552	0.985638	0.847138	0.459854	0.998089	1.07413	1.35859	0.598022	0.59771	0.606359	0.602733	0.717388	0.817095	0.894163	0.861356	0.713286	0.725981	0.887204	0.839908	0.631295	1.14898	0.95529	0.797885	0.598254	0.558472	0.771217	0.330068	1.2774	0.709186	0.984748	0.382725	0.558337	0.880784	0.341398	0.646628	0.515464	0.551365	
3.365	0.956902	1.01082	0.994324	0.986298	0.931731	0.974132	0.774748	0.972116	0.575366	0.57722	1.23191	1.19961	0.874452	0.993648	0.71956	0.754521	0.91526	0.852308	0.601647	0.683123	1.04252	0.970612	0.732295	0.994298	0.886482	1.16771	1.3131	0.575336	0.693177	0.590288	1.2721	0.598957	0.97265	0.885736	1.30704	0.604176	1.09959	0.663756	0.550145	0.591804	0.992681	1.02499	0.990592	0.992091	0.985186	0.846739	0.459936	0.99844	1.07457	1.35879	0.597982	0.597671	0.606305	0.602685	0.717131	0.816718	0.89374	0.860943	0.712719	0.725935	0.887041	0.839722	0.631146	1.14913	0.955709	0.797519	0.598214	0.558489	0.771616	0.330168	1.2779	0.708939	0.984131	0.382817	0.558354	0.880888	0.341496	0.646502	0.514014	0.550119	
3.37	0.956454	1.01145	0.993864	0.985842	0.93129	0.973678	0.774407	0.972604	0.57536	0.57719	1.23159	1.19927	0.87461	0.992319	0.719299	0.754209	0.914826	0.85219	0.600892	0.681917	1.04251	0.970049	0.730856	0.994551	0.886712	1.16806	1.3133	0.575331	0.693465	0.590261	1.27236	0.598917	0.972328	0.882754	1.30676	0.604127	1.09914	0.663597	0.548705	0.590547	0.992223	1.02549	0.990138	0.991631	0.984734	0.846341	0.460018	0.998784	1.075	1.35897	0.597943	0.597632	0.606252	0.602638	0.716875	0.81634	0.893317	0.860525	0.712091	0.725879	0.886873	0.839527	0.630977	1.14931	0.956117	0.797153	0.598175	0.558506	0.77199	0.330267	1.27838	0.708694	0.983842	0.38291	0.558371	0.880985	0.341594	0.646376	0.512617	0.548919	
3.375	0.956006	1.01206	0.993405	0.985385	0.930849	0.973225	0.774063	0.973088	0.575355	0.577195	1.23126	1.19893	0.874788	0.990547	0.719039	0.753897	0.914371	0.852037	0.600176	0.680748	1.04253	0.969578	0.729491	0.994796	0.887051	1.16844	1.31352	0.575326	0.693779	0.590234	1.27251	0.598876	0.972015	0.880566	1.30635	0.604077	1.09869	0.663439	0.54726	0.589293	0.991765	1.02603	0.989685	0.991171	0.984282	0.845942	0.4601	0.999123	1.07541	1.35916	0.597904	0.597593	0.606199	0.602591	0.716618	0.815963	0.892894	0.860108	0.711484	0.725827	0.886707	0.83933	0.630795	1.14952	0.956517	0.796788	0.598135	0.558522	0.772395	0.330367	1.27885	0.708449	0.983874	0.383002	0.558387	0.881079	0.224596	0.646251	0.511271	0.547762	
3.38	0.955558	1.01263	0.992946	0.984929	0.930409	0.972772	0.773706	0.973573	0.57535	0.577227	1.23091	1.19858	0.874983	0.988875	0.718779	0.753586	0.913875	0.851858	0.599509	0.679624	1.04258	0.969189	0.728235	0.995034	0.887455	1.16885	1.31376	0.57532	0.694091	0.590207	1.27255	0.598836	0.971714	0.879013	1.30586	0.604028	1.09822	0.663281	0.545792	0.588035	0.991307	1.02652	0.989232	0.990711	0.983831	0.845544	0.460182	0.99946	1.07582	1.35935	0.597865	0.597555	0.606146	0.602545	0.716363	0.815587	0.892471	0.859699	0.710846	0.725779	0.886548	0.839139	0.630604	1.14974	0.956909	0.796423	0.598096	0.558539	0.772885	0.330466	1.27931	0.708204	0.98429	0.383095	0.558404	0.881177	0.224574	0.646125	0.509973	0.546647	
3.385	0.95511	1.01318	0.992487	0.984473	0.929968	0.972319	0.77331	0.974063	0.575345	0.577277	1.23055	1.19822	0.875192	0.985693	0.718519	0.753275	0.913317	0.851705	0.598877	0.678532	1.04266	0.968863	0.727064	0.995264	0.887792	1.1693	1.31403	0.575315	0.694345	0.59018	1.27258	0.598795	0.971425	0.877926	1.30531	0.603979	1.09773	0.663123	0.544304	0.586778	0.990849	1.0269	0.988778	0.990251	0.983379	0.845147	0.460264	0.999797	1.07623	1.35954	0.597825	0.597516	0.606093	0.602498	0.716107	0.81521	0.892049	0.859303	0.710166	0.725743	0.886402	0.838958	0.630409	1.14993	0.957295	0.796058	0.598056	0.558556	0.77341	0.330566	1.27977	0.707959	0.985011	0.383187	0.558421	0.881282	0.224561	0.646	0.508716	0.545563	
3.39	0.954662	1.01369	0.992028	0.984017	0.929528	0.971866	0.772864	0.97456	0.575339	0.57734	1.23017	1.19784	0.875413	0.981628	0.718261	0.752964	0.912701	0.851623	0.598275	0.677467	1.04279	0.968599	0.725962	0.995487	0.888065	1.16978	1.31431	0.57531	0.694548	0.590153	1.27268	0.598755	0.971152	0.877135	1.30477	0.60393	1.09722	0.662965	0.542823	0.585539	0.990392	1.02718	0.988326	0.989792	0.982928	0.844749	0.460346	1.00014	1.07663	1.35974	0.597786	0.597477	0.606041	0.602451	0.715852	0.814834	0.891626	0.858928	0.709521	0.725727	0.886273	0.838795	0.630215	1.15009	0.957675	0.795693	0.598017	0.558573	0.7739	0.330665	1.28022	0.707715	0.985889	0.38328	0.558438	0.881399	0.222872	0.645875	0.507485	0.544497	
3.395	0.954215	1.01417	0.991569	0.983561	0.929088	0.971414	0.772385	0.975066	0.575334	0.577398	1.22977	1.19746	0.875643	0.977961	0.718002	0.752654	0.912058	0.85163	0.597706	0.676431	1.04299	0.968408	0.724931	0.995703	0.888356	1.17029	1.31462	0.575305	0.69475	0.590127	1.27292	0.598715	0.970894	0.876504	1.30431	0.603881	1.09669	0.662808	0.541368	0.584324	0.989934	1.02737	0.987873	0.989332	0.982477	0.844352	0.460428	1.00048	1.07704	1.35994	0.597747	0.597439	0.605988	0.602405	0.715598	0.814459	0.891204	0.858578	0.709033	0.725724	0.886165	0.838654	0.630025	1.15022	0.95805	0.795329	0.597977	0.558589	0.774334	0.330764	1.28067	0.707472	0.986733	0.383372	0.558454	0.88153	0.221801	0.64575	0.506268	0.543439	
3.4	0.953767	1.01462	0.991111	0.983105	0.928648	0.970961	0.77191	0.975585	0.575329	0.577424	1.22936	1.19705	0.87588	0.975564	0.717744	0.752345	0.911444	0.851716	0.59717	0.675428	1.04325	0.968302	0.723984	0.995913	0.888722	1.17083	1.31495	0.5753	0.694976	0.5901	1.27331	0.598675	0.970653	0.875942	1.30401	0.603832	1.09613	0.662651	0.539947	0.583131	0.989477	1.0275	0.98742	0.988873	0.982026	0.843955	0.46051	1.00083	1.07745	1.36015	0.597708	0.597401	0.605935	0.602358	0.715344	0.814083	0.890782	0.858257	0.708808	0.725712	0.88608	0.838538	0.629845	1.15032	0.95842	0.794966	0.597938	0.558606	0.774667	0.330864	1.28112	0.707229	0.987378	0.383465	0.558471	0.881678	0.221521	0.645626	0.505062	0.542384	
3.405	0.95332	1.01504	0.990653	0.98265	0.928208	0.970509	0.771463	0.976116	0.575324	0.577409	1.22893	1.19663	0.876121	0.974501	0.717486	0.752035	0.910887	0.851849	0.596667	0.674454	1.04358	0.968281	0.723123	0.996116	0.889172	1.1714	1.31529	0.575295	0.695229	0.590073	1.27381	0.598635	0.97043	0.875401	1.30393	0.603783	1.09554	0.662494	0.53861	0.582	0.98902	1.02758	0.986968	0.988414	0.981575	0.843558	0.460592	1.00119	1.07786	1.36037	0.59767	0.597362	0.605883	0.602312	0.71509	0.813708	0.89036	0.857969	0.708798	0.725676	0.886021	0.83845	0.629682	1.15039	0.958786	0.794602	0.597899	0.558623	0.774819	0.330963	1.28157	0.706986	0.987756	0.383557	0.558488	0.881845	0.221608	0.645502	0.503864	0.541324	
3.41	0.952872	1.01542	0.990194	0.982194	0.927769	0.970056	0.771047	0.976661	0.575318	0.577373	1.22847	1.19619	0.876366	0.974304	0.717229	0.751726	0.910379	0.852008	0.596197	0.673506	1.04397	0.968335	0.722341	0.996311	0.88968	1.17199	1.31564	0.57529	0.695491	0.590047	1.27437	0.598595	0.970225	0.874859	1.30405	0.603735	1.09493	0.662338	0.537337	0.580903	0.988563	1.02755	0.986515	0.987955	0.981124	0.843161	0.460674	1.00156	1.07827	1.36061	0.597631	0.597324	0.60583	0.602265	0.714837	0.813333	0.889938	0.857717	0.708843	0.725619	0.885989	0.838392	0.629543	1.15042	0.959148	0.794239	0.59786	0.558639	0.774844	0.331063	1.28202	0.706744	0.987877	0.38365	0.558505	0.882034	0.221774	0.645378	0.502668	0.540264	
3.415	0.952425	1.01576	0.989736	0.981739	0.927329	0.969604	0.770652	0.977219	0.575313	0.577348	1.228	1.19573	0.876612	0.974454	0.716972	0.751418	0.909885	0.852187	0.59576	0.672586	1.04442	0.96846	0.721637	0.996499	0.890225	1.1726	1.31601	0.575285	0.69576	0.59002	1.27497	0.598555	0.97004	0.874309	1.30437	0.603686	1.0943	0.662182	0.536104	0.579824	0.988107	1.02736	0.986063	0.987496	0.980674	0.842765	0.460756	1.00193	1.07869	1.36085	0.597592	0.597286	0.605778	0.602219	0.714584	0.812959	0.889517	0.8575	0.708853	0.725544	0.885985	0.838364	0.629415	1.15042	0.959504	0.793876	0.59782	0.558656	0.774865	0.331162	1.28247	0.706502	0.987788	0.383742	0.558521	0.882245	0.221923	0.645254	0.501482	0.539204	
3.42	0.951978	1.01607	0.989278	0.981284	0.92689	0.969152	0.770269	0.97779	0.575308	0.577361	1.22752	1.19526	0.876857	0.974628	0.716716	0.75111	0.90938	0.852387	0.595357	0.671698	1.04494	0.968657	0.721014	0.99668	0.890827	1.17322	1.31638	0.575279	0.69605	0.589994	1.27564	0.598515	0.969874	0.873754	1.30487	0.603637	1.09364	0.662026	0.534908	0.57876	0.98765	1.02712	0.985611	0.987037	0.980223	0.842369	0.460838	1.00231	1.07912	1.36109	0.597553	0.597247	0.605726	0.602173	0.714332	0.812585	0.889095	0.85732	0.708809	0.725456	0.886007	0.838368	0.629295	1.15042	0.959855	0.793514	0.597781	0.558672	0.774926	0.331261	1.28292	0.706261	0.987528	0.383834	0.558538	0.882477	0.222048	0.645131	0.500313	0.538142	
3.425	0.951532	1.01634	0.988821	0.980829	0.92645	0.9687	0.769897	0.978373	0.575303	0.577422	1.22702	1.19477	0.877101	0.9747	0.71646	0.750802	0.908879	0.852608	0.594986	0.67084	1.0455	0.968919	0.720467	0.996852	0.891503	1.17385	1.31676	0.575274	0.696367	0.589967	1.27638	0.598475	0.969728	0.873198	1.30555	0.603589	1.09297	0.66187	0.533755	0.57772	0.987193	1.02691	0.985159	0.986578	0.979773	0.841973	0.46092	1.0027	1.07955	1.36135	0.597515	0.597209	0.605674	0.602126	0.71408	0.812211	0.888674	0.857176	0.708728	0.72536	0.886055	0.8384	0.629196	1.15043	0.960199	0.793152	0.597742	0.558689	0.77501	0.331361	1.28336	0.70602	0.98722	0.383927	0.558554	0.88273	0.222161	0.645007	0.49918	0.537066	
3.43	0.951085	1.01657	0.988363	0.980374	0.926011	0.968249	0.769535	0.978965	0.575298	0.577537	1.22651	1.19427	0.877341	0.974654	0.716204	0.750495	0.908397	0.852852	0.594646	0.670007	1.04608	0.969238	0.719987	0.997017	0.892202	1.17449	1.31714	0.575269	0.696684	0.589941	1.27715	0.598435	0.9696	0.872651	1.3064	0.603541	1.09228	0.661715	0.532622	0.576681	0.986737	1.02671	0.984707	0.98612	0.979323	0.841578	0.461002	1.00309	1.07998	1.36162	0.597476	0.597171	0.605622	0.60208	0.713828	0.811837	0.888253	0.857066	0.708641	0.725261	0.886128	0.838461	0.629134	1.15044	0.960536	0.792791	0.597703	0.558706	0.775094	0.215331	1.2838	0.705779	0.987023	0.384019	0.558571	0.883003	0.222273	0.644884	0.49809	0.535987	
3.435	0.950638	1.01677	0.987905	0.979919	0.925572	0.967797	0.769182	0.979564	0.575292	0.577704	1.22599	1.19377	0.877577	0.974508	0.715949	0.750188	0.907918	0.853116	0.59434	0.669203	1.04666	0.9696	0.719569	0.997172	0.89285	1.17512	1.31752	0.575264	0.696969	0.589914	1.27784	0.598395	0.969491	0.872126	1.3073	0.603492	1.09158	0.66156	0.531467	0.575609	0.986281	1.0265	0.984256	0.985662	0.978873	0.841182	0.461084	1.00348	1.08041	1.36189	0.597438	0.597133	0.60557	0.602034	0.713577	0.811464	0.887832	0.856988	0.708555	0.725164	0.886223	0.838547	0.629117	1.15045	0.960865	0.792429	0.597664	0.558722	0.775172	0.215319	1.28423	0.705539	0.986895	0.384112	0.558588	0.883293	0.222385	0.644762	0.49707	0.53495	
3.44	0.950192	1.01694	0.987448	0.979465	0.925133	0.967345	0.768832	0.980168	0.575287	0.577926	1.22547	1.19326	0.877808	0.974285	0.715694	0.749881	0.907424	0.853398	0.594068	0.668442	1.04723	0.969985	0.71921	0.997318	0.893368	1.17575	1.31789	0.575259	0.697191	0.589888	1.27839	0.598356	0.969399	0.871646	1.30816	0.603444	1.09088	0.661406	0.530263	0.574489	0.985825	1.02627	0.983804	0.985203	0.978423	0.840787	0.461166	1.00388	1.08084	1.36216	0.597399	0.597095	0.605518	0.601988	0.713326	0.811091	0.887412	0.85694	0.708489	0.725081	0.886337	0.838655	0.629145	1.15046	0.961184	0.792068	0.597626	0.558739	0.775246	0.241348	1.28466	0.705299	0.987186	0.384204	0.558604	0.883599	0.222498	0.644639	0.496075	0.533882	
3.445	0.949746	1.01707	0.986991	0.97901	0.924695	0.966894	0.768475	0.980772	0.575282	0.578207	1.22495	1.19275	0.878033	0.974001	0.71544	0.749575	0.906912	0.853696	0.593833	0.667731	1.04779	0.970392	0.718914	0.997455	0.893738	1.17637	1.31825	0.575254	0.697345	0.589861	1.2788	0.598316	0.969325	0.871202	1.30889	0.603396	1.09017	0.661251	0.529022	0.573335	0.985369	1.02613	0.983353	0.984745	0.977973	0.840392	0.461248	1.00427	1.08126	1.36243	0.597361	0.597058	0.605466	0.601943	0.713076	0.810718	0.886991	0.856918	0.708394	0.724994	0.886467	0.838783	0.629201	1.15042	0.961493	0.791708	0.597587	0.558755	0.775347	0.25716	1.28507	0.70506	0.986658	0.384296	0.558621	0.883917	0.222611	0.644517	0.49528	0.533132	
3.45	0.949299	1.01717	0.986534	0.978556	0.924256	0.966443	0.768105	0.981373	0.575277	0.578555	1.22444	1.19225	0.878252	0.97367	0.715186	0.74927	0.906406	0.854006	0.593633	0.667073	1.04836	0.970816	0.718677	0.997582	0.893975	1.17697	1.31861	0.575249	0.697449	0.589835	1.27916	0.598277	0.969266	0.870318	1.30946	0.603348	1.08947	0.661097	0.527776	0.572179	0.984913	1.0262	0.982902	0.984287	0.977524	0.839998	0.461329	1.00465	1.08168	1.3627	0.597323	0.59702	0.605414	0.601897	0.712826	0.810251	0.886538	0.85692	0.708388	0.724951	0.88661	0.838926	0.629325	1.15047	0.961548	0.791348	0.597548	0.558772	0.775268	0.26201	1.28523	0.70474	0.986706	0.384389	0.558637	0.884243	0.222724	0.644395	0.494289	0.531816	
3.455	0.948853	1.01723	0.986077	0.978102	0.923818	0.965992	0.767725	0.981968	0.575272	0.578989	1.22393	1.19175	0.878463	0.9733	0.714933	0.748963	0.905921	0.854324	0.593444	0.666467	1.04891	0.971232	0.7185	0.997699	0.894146	1.17755	1.31894	0.575244	0.697425	0.589809	1.2795	0.598237	0.969222	0.869049	1.30982	0.6033	1.08878	0.660944	0.526558	0.571051	0.984458	1.0264	0.98245	0.98383	0.977074	0.839604	0.461411	1.00311	1.08209	1.36297	0.597284	0.596982	0.605363	0.601851	0.712577	0.809663	0.886036	0.856941	0.70801	0.724914	0.886762	0.838836	0.629373	1.14999	0.961626	0.790988	0.59751	0.558788	0.775357	0.262175	1.28512	0.704325	0.985509	0.384481	0.558654	0.884574	0.222838	0.644273	0.493199	0.530578	
3.46	0.948407	1.01728	0.98562	0.977648	0.92338	0.965541	0.767346	0.982551	0.575267	0.579509	1.22344	1.19126	0.878667	0.972901	0.71468	0.748657	0.905382	0.854645	0.593284	0.66591	1.04946	0.971586	0.718347	0.997807	0.894276	1.1781	1.31926	0.575239	0.697429	0.589783	1.27977	0.598198	0.969191	0.867722	1.31001	0.603252	1.08811	0.66079	0.525358	0.569938	0.984002	1.02646	0.981999	0.983372	0.976625	0.83921	0.461493	1.00199	1.08249	1.36323	0.597246	0.596944	0.605311	0.601805	0.712328	0.809049	0.885513	0.856977	0.707747	0.724876	0.88692	0.838917	0.629412	1.14975	0.961887	0.790629	0.597471	0.558805	0.77552	0.261493	1.28541	0.703894	0.984701	0.384573	0.55867	0.884906	0.222951	0.644151	0.492249	0.529737	
3.465	0.947962	1.01729	0.985163	0.977194	0.922941	0.96509	0.766977	0.983119	0.575261	0.580109	1.22296	1.19079	0.878863	0.972478	0.714427	0.748351	0.90476	0.854965	0.593163	0.665404	1.05	0.971926	0.718222	0.997904	0.894361	1.17862	1.31957	0.575234	0.697478	0.589756	1.27998	0.598158	0.969172	0.866563	1.3101	0.603204	1.08746	0.660637	0.524182	0.568847	0.983547	1.02646	0.981549	0.982914	0.976176	0.838816	0.461575	1.00235	1.08288	1.36349	0.597208	0.596907	0.60526	0.60176	0.712079	0.808488	0.884999	0.857027	0.707686	0.724789	0.887079	0.839162	0.629489	1.14981	0.962232	0.790269	0.597433	0.558821	0.77567	0.26113	1.28594	0.703506	0.98373	0.384666	0.558686	0.885234	0.223064	0.64403	0.491531	0.529477	
3.47	0.947516	1.01728	0.984707	0.97674	0.922503	0.964639	0.766582	0.983669	0.575256	0.580794	1.22251	1.19033	0.879051	0.972039	0.714175	0.748046	0.904127	0.85528	0.593065	0.66494	1.05051	0.972237	0.718115	0.99799	0.894416	1.17911	1.31985	0.575229	0.697534	0.58973	1.28017	0.598119	0.969164	0.865625	1.31009	0.603157	1.08683	0.660484	0.523055	0.567801	0.983091	1.02651	0.981098	0.982457	0.975727	0.838422	0.461657	1.0027	1.08324	1.36373	0.59717	0.596869	0.605208	0.601714	0.711831	0.807997	0.884506	0.857084	0.707644	0.724689	0.887238	0.839419	0.629584	1.14996	0.962563	0.789911	0.597394	0.558837	0.775823	0.261099	1.28622	0.703176	0.98225	0.384758	0.558703	0.885556	0.223177	0.643909	0.491031	0.529436	
3.475	0.947071	1.01726	0.98425	0.976286	0.922066	0.964189	0.766137	0.984196	0.575251	0.581578	1.22208	1.1899	0.879231	0.971589	0.713924	0.74774	0.90354	0.855586	0.592986	0.664514	1.05099	0.972539	0.718036	0.998068	0.894468	1.17956	1.32011	0.575224	0.697581	0.589704	1.28039	0.59808	0.969166	0.864866	1.31003	0.603109	1.08624	0.660332	0.522004	0.566824	0.982636	1.02659	0.980647	0.982	0.975278	0.838029	0.461739	1.00204	1.08359	1.36396	0.597132	0.596825	0.605157	0.601669	0.711584	0.807561	0.884036	0.857147	0.707457	0.724614	0.887392	0.83964	0.629647	1.15009	0.962857	0.789552	0.597356	0.558854	0.776105	0.261207	1.28622	0.702889	0.980191	0.38485	0.558719	0.885867	0.22329	0.643788	0.49079	0.529263	
3.48	0.946625	1.01721	0.983794	0.975833	0.921628	0.963738	0.765657	0.984698	0.575246	0.582477	1.22167	1.1895	0.879403	0.971132	0.713672	0.747433	0.902996	0.85588	0.592926	0.664131	1.05145	0.972854	0.717996	0.998135	0.894551	1.17998	1.32034	0.575219	0.697632	0.589678	1.28066	0.598041	0.969175	0.864222	1.30996	0.60306	1.08568	0.66018	0.521043	0.565928	0.982181	1.02664	0.980197	0.981543	0.974829	0.837636	0.46182	1.00075	1.08392	1.36418	0.597094	0.596778	0.605106	0.601624	0.711336	0.807159	0.883584	0.857212	0.707075	0.724556	0.88754	0.839795	0.629631	1.15027	0.963118	0.789194	0.597318	0.55887	0.776492	0.26134	1.28605	0.702629	0.977939	0.384943	0.558736	0.886164	0.223403	0.643667	0.490724	0.528913	
3.485	0.94618	1.01715	0.983338	0.97538	0.92119	0.963288	0.765181	0.985172	0.575241	0.583504	1.2213	1.18912	0.879568	0.970673	0.713422	0.747126	0.902447	0.856159	0.592884	0.663787	1.05189	0.973177	0.717996	0.998193	0.894662	1.18036	1.32056	0.575214	0.697686	0.589652	1.28096	0.598002	0.969191	0.863646	1.30993	0.603012	1.08516	0.660028	0.520165	0.565102	0.981727	1.02665	0.979747	0.981086	0.97438	0.837244	0.461902	0.999332	1.08422	1.36438	0.597056	0.596732	0.605055	0.601578	0.71109	0.806774	0.883144	0.857277	0.706573	0.724496	0.887678	0.8396	0.629542	1.15046	0.963349	0.788837	0.597279	0.558887	0.776873	0.261462	1.28583	0.702382	0.975728	0.385035	0.558752	0.886445	0.223516	0.643547	0.490744	0.528484	
3.49	0.945735	1.01707	0.982882	0.974926	0.920753	0.962838	0.764735	0.985617	0.575236	0.584668	1.22095	1.18877	0.879724	0.970215	0.713171	0.746821	0.901841	0.856421	0.592859	0.663479	1.05228	0.973484	0.718022	0.998242	0.89478	1.1807	1.32075	0.575209	0.697738	0.589626	1.28125	0.597963	0.969212	0.863112	1.30991	0.602964	1.08467	0.659876	0.519349	0.564329	0.981272	1.02664	0.979297	0.980629	0.973932	0.836851	0.461984	0.998001	1.0845	1.36456	0.597018	0.596688	0.605004	0.601533	0.710843	0.806398	0.882713	0.857302	0.706046	0.724418	0.887728	0.839218	0.629417	1.15062	0.96355	0.78848	0.597241	0.558903	0.777195	0.261575	1.28557	0.702142	0.973688	0.385127	0.558768	0.886707	0.223629	0.643427	0.490796	0.528076	
3.495	0.94529	1.01699	0.982426	0.974473	0.920316	0.962388	0.764313	0.986031	0.575231	0.585976	1.22063	1.18845	0.879872	0.969763	0.712921	0.746515	0.901165	0.856665	0.592845	0.663203	1.05262	0.973755	0.718056	0.998283	0.894916	1.181	1.32092	0.575204	0.697799	0.5896	1.28154	0.597924	0.969238	0.862606	1.30991	0.602917	1.08423	0.659725	0.51859	0.563606	0.980817	1.0266	0.978847	0.980172	0.973483	0.836459	0.462066	0.996809	1.08475	1.36473	0.596981	0.596647	0.604953	0.601488	0.710597	0.806026	0.882286	0.857097	0.705558	0.724299	0.887736	0.838889	0.629291	1.15073	0.963724	0.788123	0.597203	0.558919	0.777457	0.261683	1.28535	0.701906	0.971829	0.385219	0.558785	0.886948	0.223742	0.643307	0.49086	0.527837	
3.5	0.944845	1.01689	0.981971	0.97402	0.919879	0.961938	0.763897	0.986416	0.575226	0.587432	1.22035	1.18816	0.880012	0.969321	0.712672	0.746202	0.900477	0.856891	0.592839	0.662958	1.05291	0.97399	0.718097	0.998316	0.895092	1.18126	1.32106	0.575199	0.697885	0.589574	1.28182	0.597885	0.969267	0.862119	1.30992	0.602869	1.08384	0.659574	0.517891	0.562934	0.980363	1.02657	0.978397	0.979716	0.973035	0.836067	0.462148	0.995767	1.08498	1.36488	0.596943	0.596608	0.604902	0.601443	0.710352	0.805656	0.881863	0.856753	0.705129	0.72413	0.887753	0.838667	0.629179	1.15081	0.963874	0.787766	0.597165	0.558935	0.777669	0.261791	1.2852	0.701671	0.970087	0.385312	0.558801	0.887167	0.223856	0.643187	0.490928	0.527756	
3.505	0.9444	1.01679	0.981515	0.973567	0.919442	0.961488	0.763471	0.98677	0.57522	0.589035	1.2201	1.1879	0.880144	0.968891	0.712422	0.745883	0.89984	0.857098	0.592842	0.662748	1.05318	0.974212	0.718151	0.998343	0.895329	1.18149	1.32118	0.575194	0.698004	0.589548	1.28214	0.597846	0.969299	0.861644	1.30999	0.602822	1.08348	0.659423	0.517263	0.562322	0.979909	1.02653	0.977947	0.979259	0.972587	0.835675	0.462229	0.994854	1.08519	1.36501	0.596905	0.59657	0.604851	0.601398	0.710106	0.805287	0.881442	0.856384	0.704753	0.723924	0.88778	0.838518	0.629082	1.15086	0.964004	0.78741	0.597127	0.558952	0.777838	0.261898	1.28512	0.701438	0.96836	0.385404	0.558817	0.887365	0.223969	0.643068	0.490998	0.52776	
3.51	0.943956	1.01668	0.98106	0.973115	0.919005	0.961039	0.763048	0.987097	0.575215	0.590772	1.21987	1.18767	0.880268	0.968478	0.712174	0.745563	0.89924	0.857288	0.592855	0.662577	1.05345	0.974446	0.718234	0.998363	0.895666	1.18168	1.32129	0.575189	0.698171	0.589522	1.28251	0.597807	0.969333	0.861175	1.3102	0.602775	1.08316	0.659273	0.516721	0.561781	0.979455	1.02649	0.977497	0.978803	0.972139	0.835284	0.462311	0.994023	1.08538	1.36513	0.596868	0.596533	0.604801	0.601353	0.709862	0.804919	0.881022	0.856036	0.704415	0.723699	0.887812	0.838413	0.628995	1.1509	0.964116	0.787054	0.597089	0.558968	0.777971	0.262007	1.28512	0.701205	0.966547	0.385496	0.558834	0.887542	0.224082	0.642948	0.49107	0.527796	
3.515	0.943512	1.01657	0.980604	0.972662	0.918568	0.960589	0.762643	0.987399	0.57521	0.592624	1.21967	1.18746	0.880385	0.968082	0.711926	0.745249	0.898669	0.857462	0.592877	0.662439	1.05374	0.974698	0.718353	0.998377	0.896149	1.18184	1.32137	0.575184	0.698404	0.589497	1.28299	0.597768	0.969369	0.860704	1.31064	0.602728	1.08288	0.659123	0.516277	0.56132	0.979001	1.02646	0.977048	0.978347	0.971691	0.834893	0.462393	0.993248	1.08554	1.36523	0.59683	0.596496	0.60475	0.601308	0.709618	0.804552	0.880604	0.855728	0.704108	0.723468	0.887846	0.838338	0.628918	1.15093	0.964214	0.786699	0.597051	0.558984	0.778074	0.262115	1.28518	0.700973	0.964619	0.385588	0.55885	0.887698	0.224195	0.642829	0.491142	0.527841	
3.52	0.943067	1.01646	0.980149	0.97221	0.918132	0.96014	0.76226	0.987679	0.575205	0.594564	1.21949	1.18728	0.880496	0.967705	0.711678	0.744941	0.898135	0.857622	0.59291	0.662332	1.05403	0.974974	0.718512	0.998387	0.896795	1.18198	1.32144	0.575179	0.698702	0.589471	1.28358	0.59773	0.969405	0.860227	1.3114	0.602681	1.08263	0.658973	0.515931	0.560941	0.978547	1.02643	0.976598	0.977891	0.971243	0.834502	0.462475	0.992537	1.08569	1.36533	0.596793	0.596459	0.6047	0.601264	0.709374	0.804185	0.880186	0.855482	0.703841	0.723249	0.887883	0.838289	0.628857	1.15095	0.964299	0.786344	0.597014	0.559	0.778153	0.262223	1.2853	0.700742	0.96262	0.38568	0.558866	0.887835	0.224308	0.642711	0.491215	0.527888	
3.525	0.942623	1.01634	0.979694	0.971758	0.917696	0.959691	0.761896	0.987942	0.5752	0.596563	1.21933	1.18711	0.8806	0.967349	0.71143	0.744637	0.89764	0.857772	0.592949	0.662252	1.05434	0.975264	0.718705	0.998394	0.897536	1.18209	1.3215	0.575174	0.699022	0.589445	1.28429	0.597691	0.969442	0.859737	1.31252	0.602634	1.0824	0.658823	0.515659	0.560626	0.978093	1.0264	0.976149	0.977435	0.970795	0.834112	0.462556	0.991926	1.08582	1.36541	0.596755	0.596422	0.604649	0.601219	0.70913	0.803818	0.879768	0.855322	0.703632	0.72306	0.887927	0.838271	0.628817	1.15097	0.964376	0.785989	0.596976	0.559017	0.778216	0.262331	1.28546	0.700511	0.960659	0.385772	0.558882	0.887956	0.22442	0.642592	0.491288	0.527935	
3.53	0.942179	1.01622	0.979239	0.971305	0.91726	0.959242	0.761548	0.988192	0.575193	0.598573	1.21918	1.18695	0.8807	0.967013	0.711183	0.744336	0.897175	0.857913	0.592994	0.662187	1.05462	0.975553	0.718909	0.998398	0.898225	1.1822	1.32155	0.575169	0.699313	0.58942	1.28512	0.597653	0.96948	0.859232	1.31401	0.602587	1.08219	0.658674	0.515416	0.560336	0.97764	1.02638	0.9757	0.97698	0.970348	0.833721	0.462638	0.991469	1.08595	1.36549	0.596718	0.596385	0.604599	0.601174	0.708887	0.803452	0.879351	0.855259	0.703489	0.722915	0.887978	0.838284	0.628803	1.15099	0.964446	0.785635	0.596938	0.559033	0.778267	0.26244	1.28565	0.70028	0.958878	0.385865	0.558898	0.888064	0.224533	0.642474	0.491362	0.527983	
3.535	0.941735	1.0161	0.978785	0.970853	0.916823	0.958793	0.761209	0.988435	0.575185	0.600545	1.21905	1.1868	0.880795	0.966695	0.710937	0.744036	0.89673	0.85805	0.593052	0.662132	1.05488	0.975845	0.719122	0.998401	0.898778	1.18229	1.3216	0.575164	0.699556	0.589394	1.28596	0.597614	0.969517	0.858712	1.31575	0.60254	1.082	0.658525	0.515149	0.560022	0.977186	1.02635	0.975251	0.976524	0.969901	0.833331	0.46272	0.991226	1.08606	1.36556	0.596681	0.596348	0.604549	0.60113	0.708645	0.803086	0.878934	0.855287	0.703416	0.722822	0.888039	0.838329	0.628816	1.15101	0.964512	0.785281	0.5969	0.559049	0.778309	0.262548	1.28588	0.70005	0.957408	0.385957	0.558915	0.888162	0.224646	0.642356	0.491435	0.528032	
